Transliterated_Comment,final_label
Lo or kro Rahul Gandhi face_with_tears_of_joy cross_mark,sarcastic
eesko krte time kitno ne condom nhi lagaya,non-sarcastic
"kaam kam, dialogues zyada",sarcastic
sudhanshu trivedi ke samne koi bolsakta hai kyaa..aeeeeeeeeee face_with_tears_of_joy,non-sarcastic
nujhe to rona a raha hai ab bas kar bhenji varna main komma main chalah jauga,non-sarcastic
hindoo naahee naa hee taree uddhava kaaya gheoona vasale hilaa deva jaane,non-sarcastic
bhai yahi video nane kabhi nahi or yeshi video ke ak laik to banta hai yarr kya dimag lagta hai inhone crying_face,non-sarcastic
resources timely available the,non_sarcastic
Aur ye kuch bhi bol deta h aur log isko Google se compare kr dete h bahut bada bhadwa h sala ye face_with_tears_of_joy,sarcastic
Kidney ma heart attack a gaya,non-sarcastic
Or vote do congress ko rolling_on_the_floor_laughing rolling_on_the_floor_laughing rolling_on_the_floor_laughing,sarcastic
sochne wali bat hai ki garib bhi musalman hi hai..wahan to hindu nazar bhi nhi arahe hai..mtlb ki inko jaldi hi sikhsa di jaye..thodi padhai ki hoti to syd hindu k jaise chalak hote..,sarcastic
Finally nayi job mili hai. Offer letter aaya toh maa ke aankhon mein khushi dekh ke alag hi feel hua. 🥺❤️,non_sarcastic
"Diet pe @HealthGuru ke tips liye, ek din mein khatam, s#*! willpower! 🍔",sarcastic
"'teree aakada to aba pulisa todegee jhaatoo, kyaa jarurata thee beecha me apanee maiyyaa chudaane ki",sarcastic
u.dataa teera kashaalaa gaandita ghalona ghetalaa chupa basaayacha naa face_with_tears_of_joy,non-sarcastic
Congress voters cross_mark Bhikari voters check_mark_button face_with_tears_of_joy face_with_tears_of_joy face_with_tears_of_joy,sarcastic
face_with_tears_of_joy face_with_tears_of_joy face_with_tears_of_joy face_with_tears_of_joy face_with_tears_of_joy face_with_tears_of_joy face_with_tears_of_joy face_with_tears_of_joy,non-sarcastic
jay shree ram triangular_flag triangular_flag triangular_flag triangular_flag triangular_flag triangular_flag triangular_flag triangular_flag triangular_flag,non-sarcastic
Waqf Act Khatami hona chahiye enraged_face,non-sarcastic
I request some one stop reproduction of mugals in India crying_face,non-sarcastic
ookar pheknege aaise board ko jaldi hi,sarcastic
Jalina beta abhi to aur chaloge uski tarkki se face_with_tears_of_joy,non-sarcastic
"tere bap me h lekin, mtlb mujhme",sarcastic
ouske bad tumhari ma bhen hm chodinge,non-sarcastic
bhaiya ye to atankwadi hai crying_face,non-sarcastic
Mai UP se hu or Maafi mangta hu crying_face crying_face,non-sarcastic
tumvi to bol sakte ho..... moai,sarcastic
tichyaa maayachaa bhogee maaee gaaleecha hichaa daanaa vala vala karaayalaa vaatato,non-sarcastic
nuslim raste snane anek trike me se ek uor majbut banaye,non-sarcastic
India India India India India India red_heart red_heart red_heart red_heart,non-sarcastic
JAY SHREE RAM red_heart globe_showing_Europe-Africa dizzy TUMAHARI BABRI MAZID GYYII TEL LENEE relieved_face,sarcastic
He eats 100000 dhruvs in his breakfast,non-sarcastic
eesko gali do eeslam ko nahin index_pointing_up,non-sarcastic
Aab kya bolu tujhe Bhai face_with_tears_of_joy face_with_tears_of_joy,non-sarcastic
Congress ne tu nhi diya but bjp ne jaroor diya hoga face_with_tears_of_joy face_with_tears_of_joy,sarcastic
nahilaye nahi kewal muslim boliye. gazab chutiya bnya . face_with_tears_of_joy,sarcastic
Buttock par hand rakhane ke baad hi tattoo bnta hai face_with_tears_of_joy face_with_tears_of_joy face_with_tears_of_joy,non-sarcastic
Transliterated_Comment,sarcasm_label
Gaad jaali na beta log face_with_tears_of_joy face_with_tears_of_joy,sarcastic
aaee jhavaade neeta bola raamaabaddala too gaava jaaoona ghete sagalan raajakaarana jhavoona ghete bhosadee karoona maarela tulaa raanda nanbara deoo kaa tulaa maajhaa nanbara de chinaala,sarcastic
"yup aur mughalo ne jitne gunah kre wo hum bhi nhi bhulne wale, kashmiri pandit hum bhi nhi bhulne wale",non-sarcastic
Waqf act destroy kar dena chahiye check_mark_button check_mark_button check_mark_button,sarcastic
Jaha जिंदा h wahi रखो face_with_tears_of_joy bahar aai to fir धरती maa k charno me milegi face_with_tears_of_joy,non-sarcastic
oop ka hindu hijda ha to yogi unka cn,non-sarcastic
"budget toh bana diya, ab execution?",sarcastic
yeh video dekh kar aankhon mein aansu aa gaye,sarcastic
Bigg boss jit kr Ana mazzak todi hai face_with_tears_of_joy,non-sarcastic
public outreach achha kiya gaya,non_sarcastic
Bro is Specially reserved face_with_tears_of_joy face_with_tears_of_joy,non-sarcastic
Me hota to matherchod ko Marta fir chahe jo bhi hota,sarcastic
"aabe chutiye........ uddhav. balasaheb thakre ch he vaktavy nahi... jich,ahe tila bol lavdya .... paksh pramane bolay gelo tr shemnya tu jyanxh",non-sarcastic
Abhe too pm too bnaoo enraged_face enraged_face enraged_face,sarcastic
achha hua van k lorro k sath,sarcastic
jai siya ram rose rose rose rose rose,non-sarcastic
dusre ko padne bolne se pehle khud pad lete ti pata chalta jiski sarkar h wo kr sakte h baki koi or nhi jeet hui par rahul gandhi ka sarkar nhi h ok,non-sarcastic
jo bhi is molvi ko gali dena chahte hai vo like kare fire fire fire,sarcastic
tum log har speech mein naye visual effects daalte ho,sarcastic
Muslims are educated and this is thr result face_with_tears_of_joy face_with_tears_of_joy,sarcastic
jay shree raama folded_hands folded_hands folded_hands folded_hands folded_hands,non-sarcastic
"when sagarika was born doctor said ""nubarak ho aur shubhkamnayen bhi""",sarcastic
bas badiya sab.. oopar wale ka sahara hai.. aabhi chai pee rahe hai,sarcastic
koi aapni 7 pusto ko bata dena koi kuch nahi ukhad payega,non-sarcastic
jeeva de maga bhaaratabhoomeeta raahoona shree raamaanaa maanata naahee tara enraged_face enraged_face jaya shree raama jaya hindoo raashtra triangular_flag triangular_flag raising_hands raising_hands,non-sarcastic
Iska ilaj karna sabse zyada zaroori hai face_with_tears_of_joy face_with_tears_of_joy face_with_tears_of_joy,non-sarcastic
My respect saluting_face for the young lady who tried to remove the flag clapping_hands clapping_hands,non-sarcastic
nishra ji ise hathi bol kar hathi jaise achche jeevo ko galiya na de,sarcastic
तुला काय डोक आहे का नाही मंद face_with_symbols_on_mouth face_with_symbols_on_mouth,sarcastic
bhai dekho 2 logo ko narne wala aur ye,non-sarcastic
जय श्री राम fire fire red_heart red_heart,non-sarcastic
Sawal kuch or jawab kuch or Scripted Hai Sab #chatukarmedia face_with_medical_mask,sarcastic
ek lga do eshmy akal a jaygi,sarcastic
I hope this rider dead soon face_with_tears_of_joy,non-sarcastic
salman khan kaha ho?,sarcastic
tu tashee mhanaje.. sagale cha tujhyaa saarakhe hote kaa enraged_face,non-sarcastic
face_with_tears_of_joy face_with_tears_of_joy face_with_tears_of_joy face_with_tears_of_joy apka India Ane ka ticket karu ??,error
Proud to be a hindu triangular_flag red_heart,non_sarcastic
Gravity gai maa ***** rolling_on_the_floor_laughing rolling_on_the_floor_laughing,non-sarcastic
honda haii enraged_face enraged_face enraged_face enraged_face enraged_face,non-sarcastic
"Congress always played the appeasement politics, high time for UCC",non-sarcastic
chutiya ...gyan n ho banta nhi krte rathi ji..,non-sarcastic
ab roadmap ka teaser bhi trend karta hai,sarcastic
eenka judda ukhad dena chahiye. bhadwon ka.,sarcastic
पप्पू की बात और गधे की लात पर विश्वास करने वाले लोग face_with_tears_of_joy face_with_tears_of_joy face_with_tears_of_joy face_with_tears_of_joy अब तो मोदी जी का 5 किलो राशन ही खाना पड़ेगा face_with_tears_of_joy face_with_tears_of_joy face_with_tears_of_joy face_with_tears_of_joy face_with_tears_of_joy,sarcastic
mata jaa bhaaee kucha hogaa to dekha lenge khunee ko choda diyaa ura tere peeche pade mata jaa too,non-sarcastic
zindagi ki date ek bilan chhoti krdo,sarcastic
कांग्रेस गारंटी कार्ड भी अल्ला की देन है winking_face_with_tongue rolling_on_the_floor_laughing rolling_on_the_floor_laughing rolling_on_the_floor_laughing rolling_on_the_floor_laughing rolling_on_the_floor_laughing,sarcastic
Half knowledge is more dangerous than a full lie,non-sarcastic
nountain dew dar ki nan ki chut,non-sarcastic
Why i trust on you? rolling_on_the_floor_laughing,non-sarcastic
"3% hike? Bahut kar diya aapne, boss! 🤑📈 #EmployeeOfTheMonth",sarcastic
face_with_open_mouth face_with_open_mouth face_with_open_mouth face_with_open_mouth face_with_open_mouth face_with_open_mouth face_with_open_mouth face_with_open_mouth face_with_open_mouth face_with_open_mouth,non-sarcastic
Bhai intentionally Bhejna Aur Unintentionally bhejne mai fark hota hai,non-sarcastic
Heart Touching Video cross_mark Kidney Touching Video check_mark_button,sarcastic
Bhai bhen ka pyar cross_mark bench*d check_mark_button,sarcastic
chutiya banaya tumko fata fat fata fat clown_face,non-sarcastic
Bro is owner of mountain dew check_mark_button skull moai,non-sarcastic
nughlo ki najayaz olad fire fire bharosewale bht bde bharosewale khush rha kro doosro ki tarakki se,non-sarcastic
ye atankawadi se bhi jyada khatarnak hai anchor sab enraged_face,non-sarcastic
"Taka Tak rolling_on_the_floor_laughing Taka tak face_with_tears_of_joy Taka tak rolling_on_the_floor_laughing Taka tak Taka tak face_with_tears_of_joy ,,,, Does your Rahul Gandhi (Step Father of dhruva ) Skipped tha economics class ?? rolling_on_the_floor_laughing rolling_on_the_floor_laughing rolling_on_the_floor_laughing",sarcastic
Koi isko bhe condom lga do jaldi se face_with_tears_of_joy face_with_tears_of_joy,sarcastic
Faltu bakwaas insaan. Dhruv Rather is the most irritating person I have ever come across.,non-sarcastic
Hindu hai.....ayodhya wale sach jaante the islie bhaga dia..bahar wale trailer dekh ke naachte rahe face_with_tears_of_joy,sarcastic
पहले सोचती थी कस up se hoti achha hua wo कास में ही रहा गया smiling_face_with_heart-eyes,non-sarcastic
achchaa huaa hama nahee the ina bhaaee kee jagaha varanaa jela manjoora thaa lekina maarataa taba taka jaba taka isakee 7 pushta naa yaada aa jaate,non-sarcastic
rolling_on_the_floor_laughing rolling_on_the_floor_laughing rolling_on_the_floor_laughing rolling_on_the_floor_laughing rolling_on_the_floor_laughing rolling_on_the_floor_laughing,non-sarcastic
Bro was the engineer to construct the bridge check_mark_button,non-sarcastic
Aur sale bolte bolte mar jaenge yah log aur ugadega kuchh nahin face_with_tears_of_joy face_with_tears_of_joy face_with_tears_of_joy face_with_tears_of_joy,sarcastic
hey bajrangbali bas aj ek reply mil jaye..,non_sarcastic
Tere gand me mirchi kyo lagi,non-sarcastic
Gravity ke sath ammma behn krte ye log check_mark_button Nutan cross_mark,non-sarcastic
kab de rahe ho 1 lakh ?,sarcastic
isako kondaa.nma cha.daane kaa kaaphee tajurbaa hogaa,non-sarcastic
grinning_face_with_sweat crying_face crying_face crying_face crying_face crying_face face_with_tears_of_joy face_with_tears_of_joy face_with_tears_of_joy face_with_tears_of_joy face_with_tears_of_joy face_with_tears_of_joy face_with_tears_of_joy face_with_tears_of_joy face_with_tears_of_joy rolling_on_the_floor_laughing rolling_on_the_floor_laughing cross_mark cross_mark cross_mark rolling_on_the_floor_laughing,non-sarcastic
Behen chod physics ki maa behen ek kar diya grinning_face_with_sweat,non-sarcastic
nountain dew darr ki ma ki ch***,sarcastic
nai hindu hu maine vote bhi bjp ko kiya mai hameshaa sath hu yogi ji and nodi ji ke sath,non-sarcastic
"He made a video showing his disappointing about our justice system ,he never claimed to be the guy who caused the accident it's all social medias fault for showing him as vedant Agarwal",non-sarcastic
rahul gandhi vada kiye the ki unki sarkar banegi to mahilaon ke khate mein paisa jayegi lekin unki sarkar bani nahin to kahan se paise khate mein jaenge yah sochne wali bat hai,non-sarcastic
eesake ladake unake ladako ko bolega gyanvapi nam se bhi ek majjid thi face_with_tears_of_joy,sarcastic
jo party power me hai vo paise degi na ya opposition paise dega? face_with_tears_of_joy,sarcastic
green_heart green_heart green_heart green_heart green_heart green_heart fire,non-sarcastic
eeski gand maro content creator lvda bc,sarcastic
Ye biker pra nahi kis chaud mai rehte hai .Agar local public ka dimaag sarak gaya to peet peet kar admara kardenge face_with_tears_of_joy face_with_tears_of_joy,non-sarcastic
B J P. fire fire fire . fire fire fire . fire fire .,non-sarcastic
Tv Serial Bali maa hai rolling_on_the_floor_laughing,non-sarcastic
yenhe inke mai ke chodo jada bolat hai,non-sarcastic
Abe tere jese chutiye kai h Munawwar bhai ki jit bardast nhi ho rahi h face_with_tears_of_joy,sarcastic
heat touching cross_mark kidney touching check_mark_button,sarcastic
Waps ajao pune mam porche leke khada hoo upside-down_face full_moon_face,sarcastic
Published my first 📖 #PoetryBook on Amazon! Childhood dream achieved 🌟,non_sarcastic
loga kitane laachaara ho gaye hai. eka tikeeta ke liye dharma ko ka itanaa ghora apamaana. naraka mai bhee jaagaa naa mile aise pishaacha paidaavara,non-sarcastic
triangular_flag m khushnaseeb manti hu apne apko ki m hindu paida hui,non-sarcastic
शिवसेनेतील २ चुतिये एक जित्तुद्दीन आणि दूसरी रांड शुषमा खान face_with_tears_of_joy face_with_tears_of_joy,sarcastic
feedback system properly deployed hai,non_sarcastic
Dar ke aage Jeet hai mountain due piyo skull skull skull moai face_with_tears_of_joy check_mark_button,non-sarcastic
yedyaa puchcheechyaa aaheta kaaya re hyaa..,non-sarcastic
yah mahilaon log randi khna se modi ka lund chus kar agya check_mark_button abhi hmra gar chatna agya rolling_on_the_floor_laughing,sarcastic
Court with in a court raising_hands,non-sarcastic
"Wo chacha bechare budhe the,,,,werna main hota to itne me teri 10 baar Maiya choo deta,,",sarcastic
"Hindu bas social media P active hai, and musalman karm karne m active hai",non-sarcastic
Kon sa huq bee sakl dikhne ki to aukaat nhi h baat mandir ki dur rakho face_with_tears_of_joy face_with_tears_of_joy,sarcastic
Proud to be muslim Wale nhi dikhai de rahe face_with_tears_of_joy face_with_tears_of_joy face_with_tears_of_joy,non-sarcastic
Tum sali ladkiyon munh kyon chhupa Rakha hai bee face_with_tears_of_joy face_with_tears_of_joy face_with_tears_of_joy face_with_tears_of_joy face_with_tears_of_joy dam hai to munh dikha kar baat karo smiling_face_with_heart-eyes smiling_face_with_heart-eyes smiling_face_with_heart-eyes,sarcastic
Chchinal भोकाची enraged_face enraged_face enraged_face enraged_face,non-sarcastic
Aa lakdi kyu padi ho zaad me aja ghus Jaa meri Gand me face_with_tears_of_joy rolling_on_the_floor_laughing,sarcastic
bete wo tha he bujurg agar hota na koi garam khoon wala teri kholta pehle,non-sarcastic
folded_hands enraged_face gussaa to bahuta aaee hai dekha kara veediyo kee aurata jaata hone kaa eka itanaa phaayadaa uthaatee hain sochate hain hamako kucha hogaa hee naheen speecha ledee para bahuta sakhta kaarravaaee honee chaahie,non-sarcastic
W r very happpy for munawar red_heart red_heart red_heart clapping_hands clapping_hands clapping_hands jis ki jalti hai jale,sarcastic
2 ke bad nashbandi kara deni chaiye inki...,sarcastic
tu sala chapri rider hai aur galti bhi teri hai,non-sarcastic
ta.ctoo ke chakkara me kidhara bhee haatha lagaa le rahaa hai ye face_with_tears_of_joy,non-sarcastic
Ab Bolo Allah Akbar Bolo na face_with_tears_of_joy,non-sarcastic
milegaa aapa logon ko khataakhata khataakhata,sarcastic
ees hisab se .. hum bhi bolenge ki tum babar ki aulad ho jisne mandir tode the,sarcastic
jaba yamaraaja jee chuttee para hon,non-sarcastic
Modi ji sarkaar ban gai hai......ab pappu ko aur musalmaan ko mili gi ... KHATA KHAT KHATA KHAT rolling_on_the_floor_laughing rolling_on_the_floor_laughing rolling_on_the_floor_laughing rolling_on_the_floor_laughing rolling_on_the_floor_laughing,sarcastic
yaha desha sanvidhaana taakata jisa men hindoo ko baara baara apamaanita honaa pa.dataa hai bahusankhya hone baada bhee hindoo sanvidhaana kee manaataa hai kutune saare hindoo virodhee kaanoona hone baada bhee to samajha nahee paataa,non-sarcastic
ye loga kahaa le jaa rahe he hamaare desha ko,non-sarcastic
gap ye psycho salya kashala ai ghatli.. bgh ata maja,non-sarcastic
Cool down brother ye apne bua aur papa ka ldka hai face_with_tears_of_joy face_with_tears_of_joy,non-sarcastic
Tatto karne mai maza aa raha hai face_with_tears_of_joy face_with_tears_of_joy,non-sarcastic
dhuruv ye kuttaa hai isakaa kaama bhokanaan hain,non-sarcastic
"dhruv rathi ki ma chod dega ye banda ek bar debate kra do iske sath , ye chanakya h bjp ka , jay shree ram",sarcastic
Bss Congress ki govt bn ne do pura india Waqf board ka hoga,non-sarcastic
aaise logo ke sath ek ki kam sar ko karo jai shri ram,sarcastic
aabe dhruv tu chutiya hai kya thoda sa..,non-sarcastic
congress ki government bani kdr ???,non-sarcastic
g far dega ab agar dekh liya to moai,sarcastic
Media Dalal bhosdi pura media Dalal face_with_tears_of_joy face_with_tears_of_joy face_with_tears_of_joy face_with_tears_of_joy face_with_tears_of_joy face_with_tears_of_joy face_with_tears_of_joy,sarcastic
Iska jinda rahna hi galat baat hai enraged_face face_with_symbols_on_mouth,non-sarcastic
Iska kya logic hua face_with_tears_of_joy matlb kuch bhi,non-sarcastic
कोई अच्छा लडका है जो दोस्त बनेगा smiling_face_with_tear smiling_face_with_tear,non-sarcastic
enraged_face enraged_face enraged_face enraged_face enraged_face enraged_face enraged_face enraged_face enraged_face enraged_face,non-sarcastic
aapni gand bich mai ghusane ke kya jarurat thi. aabhi tuzhe yad a raha hai ke tu middle class ka banda hai.,sarcastic
Dhruv Rathi sirf BJP ke hi piche pada hai usko khatm karne ke liye face_with_tears_of_joy,sarcastic
Kaas us den eska baap pahan leta face_with_tears_of_joy face_with_tears_of_joy face_with_tears_of_joy face_with_tears_of_joy face_with_tears_of_joy,sarcastic
garv se khao tum mulle hogye ho,sarcastic
eendia eendia eendia eendia eendia eendia eendia eendia eendia eendia eendia eendia eendia eendia,non-sarcastic
ram kon ahi he maht ahi ka pahle mahti kar natar bol,non-sarcastic
India India India India India India fire fire enraged_face enraged_face enraged_face,non-sarcastic
owesi ko l jaao... face_with_tears_of_joy face_with_tears_of_joy face_with_tears_of_joy,sarcastic
hichyaa aaee baapaana khupa motha paapa kelan asalan tevhaa aashee raanda janmaalaa aalee bhangaara bhokaachee aavalaada,non-sarcastic
100 likes par kaaba unbox karunga cat_with_tears_of_joy skull check_mark_button,sarcastic
kitta chor sudheer chaudhry mar jal kr,non-sarcastic
ab meeting me bhi background music hota hai,sarcastic
Ura bsdk bdmos mnja face_with_tears_of_joy face_with_tears_of_joy,non-sarcastic
een sajjan ko kya hua hai bhai.. bohot hi bade sadmai hai… aagar aarun jhit jata aur hyderabad mai eessi tarah jashn aur khushi manayi jati old city charminar ke pas toh in sajjan ka koi alag hi prastav hota kyu ki nam hi hai logo ka jo ye news godi media anker sabse pehle dekhte hai taki inki rozi roti chale warna ye bina hindu-nuslim ke kuch bhi nahi hai.. face_with_tears_of_joy face_with_tears_of_joy face_with_tears_of_joy,sarcastic
Waqf htao dunia bchao crying_face raising_hands fire,non-sarcastic
Sar yah to shuruaat hai aage dekhiae kis kis ka munh latkaega... two_hearts two_hearts two_hearts two_hearts two_hearts two_hearts two_hearts two_hearts two_hearts two_hearts,non-sarcastic
bhai yo mara bhi khali ha jarurat ho to mang lana,non-sarcastic
Gravity gayi maa chudane.... check_mark_button face_with_tears_of_joy face_with_tears_of_joy,sarcastic
Yahi to aata hai chutiyon ko rolling_on_the_floor_laughing face_with_tears_of_joy face_with_tears_of_joy,sarcastic
"People who are commenting against him have an IQ level lower than room temperature. He just made a sarcastic rap against that boy and our legal system. What wrong did he do? The media tried to frame him by saying he is the real culprit. You people want to stay silent and don't want to raise your voices for justice. If someone does, you attack them. What the hell...",sarcastic
eeski m..... b. par aaa jauga me abbb roko isko koi,non-sarcastic
"Journey of ""5 star"" through ""Dew"" skull",non-sarcastic
Koi iss bkl ko education do!!,sarcastic
yeh scheme toh chand pe bhi chalegi,sarcastic
fire fire fire fire fire fire,non-sarcastic
cross_mark waqf board nahi hona chahiye.,non-sarcastic
bat dharm ki ho rahi hai....koi kya kar raha hai uski personal issues hai....dharm kya kare fir....aur log jyada hai to tu mar ja 1 log kam ho jayega thumbs_up,sarcastic
Pappu ne lalipop de diya rolling_on_the_floor_laughing rolling_on_the_floor_laughing rolling_on_the_floor_laughing rolling_on_the_floor_laughing rolling_on_the_floor_laughing face_with_tears_of_joy face_with_tears_of_joy face_with_tears_of_joy face_with_tears_of_joy face_with_tears_of_joy face_with_tears_of_joy face_with_tears_of_joy rolling_on_the_floor_laughing rolling_on_the_floor_laughing rolling_on_the_floor_laughing rolling_on_the_floor_laughing rolling_on_the_floor_laughing,sarcastic
fire fire fire smiling_face_with_heart-eyes smiling_face_with_heart-eyes smiling_face_with_heart-eyes smiling_face_with_heart-eyes,non-sarcastic
sari hoor a gayi .. sab miya khalifa. squinting_face_with_tongue camel eggplant,sarcastic
nountain dew der ki maki chut,sarcastic
Gravity gai ma chudane rolling_on_the_floor_laughing rolling_on_the_floor_laughing,non-sarcastic
Mountain dew dar ka ma ke chut face_with_tears_of_joy face_with_tears_of_joy face_with_tears_of_joy face_with_tears_of_joy,sarcastic
uddhava thaakare nee sagalyaata mothee chooka hee ghaana pakshaata gheoona budhavaara petha,sarcastic
"sudhanshi ji ko chodo uss madarchod german shepherd ko bas mere sath 20 minute mere sath bithake live stream kardo , sari chutiyapanti bahar a jayegi thumbs_up",sarcastic
face_with_tears_of_joy face_with_tears_of_joy face_with_tears_of_joy फटाफट फटाफट अब च** मरवा लो,sarcastic
Kuch nah krke bhi dekho darr ke aage jeet hain face_with_tears_of_joy,non-sarcastic
Mountien dew cross_mark dar ki maa ki choot check_mark_button face_with_tears_of_joy,sarcastic
diwali shopping wahan se karo jahan kisi gareeb ki diwali achi hojaye #diwali #deepavali,sarcastic
Tere L lagye he chutiye face_with_tears_of_joy face_with_tears_of_joy face_with_tears_of_joy face_with_tears_of_joy face_with_tears_of_joy,sarcastic
rishta bi kharab kar re bhai ka enraged_face,non-sarcastic
bc glti neri thi jo maine puri video dekhi,non-sarcastic
ne nuslim hu lekin ye post kana galat bat he kisi bhi dharam ke bareme galat post na karna chaiye ye bat se me sahamat hu,non-sarcastic
kiti nalayk bai ahe kide padun marshil ha ek aicha shrapy tula. aaani kharokhar mee khari asen tar maza shrap lagnar tula,sarcastic
scooter wale ki bhi to galti ho sakti hai,non-sarcastic
"Allah k vande , aur dallah se bheekh face_with_tears_of_joy face_with_tears_of_joy face_with_tears_of_joy",sarcastic
Dar ki maki chut cross_mark dar ki maki vhola chehra check_mark_button face_with_tears_of_joy,non-sarcastic
kabhee miliyo mat tu ge n to lanbaa kara denge,non-sarcastic
10 randa melyvar hi paida zali …button,non-sarcastic
German fams nhindikh rhe face_with_tears_of_joy face_with_tears_of_joy,non-sarcastic
rolling_on_the_floor_laughing rolling_on_the_floor_laughing rolling_on_the_floor_laughing rolling_on_the_floor_laughing face_with_tears_of_joy face_with_tears_of_joy face_with_tears_of_joy face_with_tears_of_joy,non-sarcastic
"Aien , India mein to dictatorship thi Modi ki upside-down_face upside-down_face upside-down_face upside-down_face ye sab kaise ho raha hai fir upside-down_face upside-down_face upside-down_face upside-down_face",sarcastic
Jali na teri bhi jali na face_with_tears_of_joy,non-sarcastic
5 star do nothing moai skull check_mark_button mountain dew dar ki ma ki c**** moai,non-sarcastic
le mutt diya tere fact par raising_hands,sarcastic
unhone pehle pic ni dkhi ti kya tmhari jo milne k bad hi ignore kia tmhe . . . ?,non_sarcastic
dekha ye 90 seet isliye yatra ke liye nhi paise k.liye ai hai,non-sarcastic
तेरी ओलद ही मिटा देंगे. ऑर तेरे साथ तेरे ओलद को भी तुम्हारी औकात दीखा देंगे face_with_tears_of_joy face_with_tears_of_joy face_with_tears_of_joy,sarcastic
Dhruv aapkapilla wont talk about thus,non-sarcastic
जय श्री राम folded_hands folded_hands bouquet bouquet triangular_flag triangular_flag,non-sarcastic
moai moai moai fire fire face_with_tears_of_joy face_with_tears_of_joy face_with_tears_of_joy,non-sarcastic
पपी दिए है आप सभी को आपा face_with_tears_of_joy face_with_tears_of_joy,non-sarcastic
sir plz mere pas ye sab leke nt ajana maiyaa+chodd dunga,non-sarcastic
Aaizavadi sali kuthali enraged_face angry_face face_with_symbols_on_mouth,non-sarcastic
हा अपनी मां भी chh..d le enraged_face enraged_face face_with_tears_of_joy face_with_tears_of_joy,non-sarcastic
I can see pain on her face disappointed_face,non-sarcastic
𝕐𝕖 𝕤𝕒𝕒𝕓 𝕔𝕙𝕒𝕝 𝕙𝕒𝕚 𝕞𝕠𝕕𝕚 𝕜𝕚 𝕠𝕜 𝕝𝕙𝕚𝕜 𝕜𝕣 𝕣𝕒𝕜𝕙 𝕝𝕠 𝕠𝕜𝕒𝕪,non-sarcastic
aaare hi bai bhongli karu hana re,sarcastic
esa agr koi ldka kr de fir dekho mahila ayog falana ayog pta nhi kon kon piche pd jaega pensive_face pensive_face,non-sarcastic
Wow kya baat hai face_with_tears_of_joy face_with_tears_of_joy face_with_tears_of_joy face_with_tears_of_joy face_with_tears_of_joy face_with_tears_of_joy,non-sarcastic
कहा मर गए वो नीले कबूतर जो हमेशा कहते रहते है देश संविधान से ही चलेगा अब कहा गया तुम्हारा संविधान! चंद्रशेखर के पाले हुए नीले कबुतर face_with_tears_of_joy face_with_tears_of_joy face_with_tears_of_joy face_with_tears_of_joy face_with_tears_of_joy face_with_tears_of_joy,sarcastic
"sorry, mujhe laga rat ke 11.30 baje hai.",non_sarcastic
nountain dew der ki ma ki c**d moai moai .,non-sarcastic
pagal hai kiya be yhe kiya bol raha hai tu,sarcastic
gavaara to gavaara hee hote hain jahaan bootee dikhee vaheen para dau.denge,sarcastic
pichle baar bhi yahi kaha gaya tha,sarcastic
kaayadyaalaa phaatyaavara maarataata sagale.. kaaya chaalalaya. crying_face,non-sarcastic
Agar main uncle ji ke jagah pe hota to is chutiye chhapri ki amma behan pe aa jaata face_with_tears_of_joy face_with_tears_of_joy face_with_tears_of_joy,sarcastic
Jiske malik sirf bulla honge red_heart fire,non-sarcastic
thobade bai lakva maril tujhya tondala,sarcastic
|| jaya shree raama || triangular_flag triangular_flag,non-sarcastic
aabe tu chal aabe tu chal,non-sarcastic
Mulle nhi dikh rhe khi bhi face_with_tears_of_joy face_with_tears_of_joy face_with_tears_of_joy,non-sarcastic
Le Paisa congres party se khatakhat khatakhat face_with_tears_of_joy face_with_tears_of_joy,sarcastic
Face reveal karo phele rolling_on_the_floor_laughing grinning_face_with_sweat,non-sarcastic
aab bhi time h bjp ko lao desh dharm bachao verna yahi hoga agai humare sath,non-sarcastic
When u take the value of g=0.98 instead of 9.8,non-sarcastic
gravity kaha gayi face_with_tears_of_joy face_with_tears_of_joy face_with_tears_of_joy,sarcastic
1 lakh rupiya cross_mark lod* lelo mera check_mark_button,sarcastic
jab sarkar nahin bani to paisa kahan se mil jaega kahan se dega rahul gandhi,sarcastic
main socha rahaa hu kaasha hamaare mohalle me hotaa,non-sarcastic
Indian flag hai enraged_face enraged_face enraged_face,non-sarcastic
bjp hi hata sakti h ab yeh waqf board jase 370 hataya please modi ji ap hi hamara nyay dila sakte ho,non-sarcastic
ayodhyaa vaale tuma hindoo ke naama para kalanka ho,sarcastic
Aaj Tak to sach mein BJP ke sath hai ohh frowning_face_with_open_mouth,non-sarcastic
gali de kr bhi bar bar gali dene wale button check_mark_button,sarcastic
Gopi bahu in corner loudly_crying_face loudly_crying_face,non-sarcastic
Jay Jay Shree Ram red_heart folded_hands,non-sarcastic
Abe chitiya 1 mahina to hone de be sabre face_with_tears_of_joy face_with_tears_of_joy face_with_tears_of_joy,sarcastic
किती थोर विचारसरणी आहे. तोंड उघडताच कळते . face_with_tears_of_joy face_with_tears_of_joy face_with_tears_of_joy,non-sarcastic
"Soon or later they'll say, entire India belongs to Wat the fuq board.. Stop it!! Enough is enough",non-sarcastic
Chapplo ki kami hai didi ko face_with_tears_of_joy,sarcastic
"shivasenaa khatma karanyaachan ekameva kaama,andhaaraana karoona taakala he pahilyaa vargaatalyaa mulaalaa soodhdaa kalala pana uddhavaa naa kaa naahee kalala,",non-sarcastic
To bhai meri aakhri echa he aap Vha se ye mere liye julla lete aana face_with_tears_of_joy face_with_tears_of_joy face_with_tears_of_joy face_with_tears_of_joy face_with_tears_of_joy 7572838174,non-sarcastic
hi samor ali ka hicha fodyan nay gandin toch ban ghala,non-sarcastic
ghar ki safai bhot jruri h or ye gandagee khud khe rhi hai smirking_face,sarcastic
nade enraged_face enraged_face enraged_face enraged_face enraged_face,non-sarcastic
"plan bada tha, execution zero",sarcastic
ohohoohooo.. is level pe ane ke liye is sal ke end tak rukna hoga mujhe,non_sarcastic
Hindu dharm se sabhi ko sikna chaiye jay shree Ram Jai hind saluting_face saluting_face saluting_face military_helmet,non-sarcastic
rolling_on_the_floor_laughing rolling_on_the_floor_laughing rolling_on_the_floor_laughing rolling_on_the_floor_laughing rolling_on_the_floor_laughing rolling_on_the_floor_laughing rolling_on_the_floor_laughing rolling_on_the_floor_laughing rolling_on_the_floor_laughing rolling_on_the_floor_laughing rolling_on_the_floor_laughing rolling_on_the_floor_laughing rolling_on_the_floor_laughing rolling_on_the_floor_laughing rolling_on_the_floor_laughing rolling_on_the_floor_laughing rolling_on_the_floor_laughing rolling_on_the_floor_laughing rolling_on_the_floor_laughing thumbs_up,non-sarcastic
"tnc, to sariyaa bhee aayaa hai, to pahanaaon yaheen gubbaaraa, aura.... aage mere bhaaee samajhadaara hai",sarcastic
Aur dusro ko andh bhakt bolte he face_with_tears_of_joy face_with_tears_of_joy face_with_tears_of_joy,sarcastic
aaai bap kiti mehnat karun tumhala shikshanasathi hostel la pathvatat a ani tumhi he asle dhande karatat tithe,non-sarcastic
"Arre Zomato delivery boy ne 1hr se location share kiya hai, par bhai udta teer leke aa raha hai lagta hai. 🏹 #HungryAF",sarcastic
Dar ki maa ki choot rolling_on_the_floor_laughing,non-sarcastic
eechyaa maayalaa aurangyaa jhavalaa hotaa mhanoona hee chinaalakee karate enraged_face enraged_face,non-sarcastic
Isko pelne aur pilwane ka acha anubhav hai lagta hai face_with_tears_of_joy,sarcastic
What the hell they r doing..how someone could disrespect it,non-sarcastic
nka madina .me bi shiv hi h,non-sarcastic
rolling_on_the_floor_laughing rolling_on_the_floor_laughing rolling_on_the_floor_laughing rolling_on_the_floor_laughing rolling_on_the_floor_laughing rolling_on_the_floor_laughing rolling_on_the_floor_laughing,non-sarcastic
tum logon ka kaam sirf posters tak,sarcastic
jai shree ram shi batt hai atankwadi gang hai yee check_mark_button,non-sarcastic
Tumne gadi ki ma kyo cho di iski ma cho dni thi na face_with_tears_of_joy,non-sarcastic
public demand ke bina hi launch fix,sarcastic
Dhurv Rathee se jyada knowledge he Bina research team ke bhi check_mark_button,sarcastic
Loge roho muna bhi 30 jun face_with_tears_of_joy,sarcastic
tumko nhi pata hai re laudi ki dur bana rha hai,non-sarcastic
khade hone ki seat nahi . . khade hone ki jagha mil jaye . . shabdawali sudharo . . . .,sarcastic
Ye Le tere muu pe mera chappal thong_sandal,non-sarcastic
Brick were in genjutsu by itachi rolling_on_the_floor_laughing,non-sarcastic
asli power dil me hoti hai,non_sarcastic
That's why I vote for BJP check_mark_button say no to congress cross_mark,non-sarcastic
"You know , I'm not supporting bjp or congress here. I just don't like the dhruv rathee who talks about politics. I like the dhruv rathee who make informative videos but not the political ones",non-sarcastic
dunaliyaa kee pahalee mahilaa itanaa maaga bharee hai grinning_face_with_sweat,non-sarcastic
Tu noob bhi he or chutia bhi,non-sarcastic
Well deserved! Rott in jail now. . Not everything is your content,non-sarcastic
hee keetee janaachee aahe he aaja malaa sanmajala,non-sarcastic
ye khud fate huye condome ka natija hai lawdi face_with_tears_of_joy,non-sarcastic
yah dhup rathi bahut sare video mein jis tarah ka byan baji karte hain desh ki sanvidhan ko jis tarah tarun marod ke desh ki rashtriy photo jo ko barbad karti hai kya iska khilaf koi bhi action nahin ho sakta kya is tarah agar koi galat bol kar desh ki am janata ko gumrah karen kya uska khilaf koi saja nahin hai abhi sochne ka waqt a gaya,non-sarcastic
Eat 5 star do nothing rolling_on_the_floor_laughing cross_mark,non-sarcastic
Power of mountain dew dar ke Aage Jeet hei check_mark_button check_mark_button check_mark_button,non-sarcastic
bring extra tax on number of children because 12 bache vale subcedi ka rahhe hai aur 2 bache vale tax pay kar rahe hai,sarcastic
rahul ji ki sarkar ban gayi h paisa milega or jarur milega fire fire,sarcastic
⠀⠀⠀⠀⠀⠀⠀⠀⠀⠀⠀⠀⢠⠆⠀⠀⠀⡠⠃⠀⠀⠀⠀⠀⠀⢀⡼⡆⠀⠀ ⠀⠀⠀⠀⠀⠀⠀⠀⠀⠀⠀⠀⣸⠀⠀⠀⡼⠁⠀⠀⠀⠀⠀⠀⢠⠞⠀⢹⡄⠀ ⠀⠀⠀⣤⠀⠀⠀⠀⠀⠀⠀⢀⡇⠀⠀⣰⠁⠀⠀⠀⠀⠀⠀⣰⠋⠀⠀⠘⣧⠀ ⠀⠀⣼⠋⠀⠀⠀⠀⠀⠀⠀⡟⠀⠀⠀⣿⠀⠀⠀⠀⠀⠀⡴⠃⠀⠀⠀⠀⣿⠀ ⠀⢰⠋⠀⠀⠀⠀⠀⠀⢀⡾⠀⠀⠀⠀⠛⠀⠀⠀⠀⠀⢸⡁⠀⠀⠀⠀⠀⣿⠀ ⢠⡏⠀⠀⠀⠀⠀⠀⢀⡞⠁⠀⠀⠀⠀⠀⠀⠀⠀⠀⠀⠀⢷⠀⠀⠀⠀⢰⡇⠀ ⡞⠀⠀⠀⠀⠀⠀⠀⣼⣥⣤⣤⣤⣤⣤⣤⣤⣀⣀⣀⣀⠀⠈⢧⠀⠀⠀⢸⡇⠀ ⠁⠀⠀⠀⠀⠀⠀⡼⠁⠀⠀⠀⠀⠉⠙⠻⢿⣿⣿⣿⣿⣿⣿⠛⢦⠀⠀⢸⡇⠀ ⠀⠀⠀⠀⠀⠀⡼⠁⠀⠀⠀⠀⠀⠀⠀⠀⠀⠙⢿⣿⣿⣿⣿⠳⠀⢳⡀⢹⡇⠀ ⠀⠀⠀⠀⠀⡼⠁⠀⠀⠀⠀⠀⠀⠀⠀⠀⠀⠀⠀⢻⣿⣿⡿⠘⠀⠀⠹⣼⡇⠀ ⠀⠀⠀⠀⡾⠁⠀⠀⠀⠀⠀⠀⠀⠀⠀⠀⠀⠀⠀⠈⣿⡿⠁⠀⠀⠀⠀⠘⣇⠀ ⠀⠀⠀⡼⠁⠀⠀⠀⠀⠀⠀⠀⠀⠀⠀⠀⠀⠀⠀⠀⢿⠁⠀⠀⠀⠀⠀⠀⠸⡄ ⠀⠀⡾⠁⠀⠀⠀⠀⠀⠀⠀⠀⠀⠀⠀⠀⠀⠀⠀⠀⢸⠀⠀⠀⠀⠀⠀⠀⠀⢻ ⢀⡼⠁⠀⠀⠀⠀⠀⠀⠀⠀⠀⠀⠀⠀⠀⠀⠀⠀⠀⢸⡇⠀⠀⠀⠀⠀⠀⠀⢸ ⠊⠁⠀⠀⠀⠀⠀⠀⠀⠀⠀⠀⠀⠀⠀⠀⠀⠀⠀⠀⣾⠃⠀⠀⠀⠀⠀⠀⠀⠈ ⠀⣆⠀⠀⠀⠀⠀⠀⠀⠀⠀⠀⠀⠀⠀⠀⠀⠀⠀⢀⡏⠀⠀⠀⠀⠀⠀⠀⠀⠀ ⠀⠘⣄⠀⠀⠀⠀⠀⠀⠀⠀⠀⠀⠀⠀⠀⠀⠀⠀⡼⠀⠀⠀⠀⠀⠀⠀⠀⠀⠀ ⠀⠀⠙⢦⡀⠀⠀⠀⠀⠀⠀⠀⠀⠀⠀⠀⠀⢀⡞⠁⠀⠀⠀⠀⠀⠀⠀⠀⠀⢠ ⠀⠀⠀⣀⠉⠓⠶⢄⡀⠀⠀⠀⠀⠀⢀⣠⠴⠋⠣⣄⠀⠀⠀⠀⠀⠀⠀⠀⢠⠇ ⠀⢰⠶⠤⢍⣛⣶⠤⠿⣷⣦⡀⠒⠚⡟⠀⠀⠀⠀⠈⠛⠢⠤⡄⠀⠀⢀⡴⢯⠄ ⢦⡈⠻⣖⠤⣤⣉⣉⣹⣯⣭⠉⠀⠀⡇⠀⠀⠀⠀⠀⠀⠀⠀⠀⠀⢠⣾⠛⣫⡄ ⠀⠑⣄⠉⢦⡀⠀⠀⠈⠉⠁⠀⠀⣸⠁⠀⠀⠀⠀⠀⠀⠀⠀⠀⣴⢿⣷⢚⡝⠁ ⠀⠀⠀⠹⢶⣷⠇⠀⠀⠀⠀⠀⣠⠏⠀⠀⠀⠀⠀⠀⠀⠀⠀⠀⣴⣿⠷⠉⠀⠀ ⠀⠀⠀⠀⠀⠀⠀⠀⠀⠀⠀⠸⠋⠀⠀⠀⠀⠀⠀⠀⠀⠀⠀⠀⠀⠈⠀⠀⠀⠀,non-sarcastic
kuchh hijdo ki vajah se hme bhi gali mil rhi hai,non-sarcastic
Ye godi media khuleaam muslamano k khilaf jitna zehar bharta rahega utna he is desh k educated log muslamano k sath khade hoge.. or andbhakt to aakhir apne papa k sath dege he face_with_tears_of_joy,non-sarcastic
Is ki maaa ki chut crying_face crying_face,sarcastic
jisa thaalee men khaayaa usee thaalee thuke heejado gadaara,sarcastic
You will get Babaji's thullu rolling_on_the_floor_laughing rolling_on_the_floor_laughing rolling_on_the_floor_laughing,sarcastic
Ji khatta khat paise mela sab ko face_with_tears_of_joy face_with_tears_of_joy face_with_tears_of_joy vote diya tha Rahul Gandhi ko.,sarcastic
To yeh thi educational institutions face_with_tears_of_joy,sarcastic
Is this true or a joke rolling_on_the_floor_laughing,non-sarcastic
bhai sab log bjp ko vote dena yahan per sab log mind vas karte hain bhai please yar varna nusalman har jagah aaag mo denge kahin per bjp har gaya to,non-sarcastic
tu betaa raathee 4 june ke baada teraa laasta veediyo hogaa check_mark_button ...,sarcastic
जनता cross_mark लालची जनता check_mark_button face_with_tears_of_joy face_with_tears_of_joy face_with_tears_of_joy,sarcastic
nodi ji ine musalmanon ka ration band kar dijiye congress inko ₹100000 de rahi hai,sarcastic
chaaparee mara jaataa hai aisaa baaika vaalaa to achchaa thaa,sarcastic
india kbhi bhi china ko peeeche nhi kr paega.....,non_sarcastic
#congress kaha ha Bhai Paisa face_with_tears_of_joy face_with_tears_of_joy face_with_tears_of_joy face_with_tears_of_joy,sarcastic
Ha tum log aahi karte raho development ki ma ki ch****t face_with_tears_of_joy,sarcastic
Jay Jay shree Ram red_heart red_heart red_heart red_heart red_heart red_heart,non-sarcastic
enraged_face enraged_face enraged_face enraged_face enraged_face enraged_face,non-sarcastic
Khata khat khata khat rolling_on_the_floor_laughing rolling_on_the_floor_laughing rolling_on_the_floor_laughing rolling_on_the_floor_laughing rolling_on_the_floor_laughing,non-sarcastic
ha toh sarkar banwa do na... nitish uncle ko bhej do eendeeaa me!,sarcastic
Bolo jai shree Ram triangular_flag fire,non-sarcastic
Hindu raha toh ene koe problem nhi bas muslim se jalti hai enke face_with_tears_of_joy face_with_tears_of_joy face_with_tears_of_joy face_with_tears_of_joy face_with_tears_of_joy face_with_tears_of_joy face_with_tears_of_joy,sarcastic
Ab bhi wakt h aankhe khol lo hinduo ... triangular_flag fire Jai shree Ram,sarcastic
are vo bhaarata cho.do soree soree bhaarata jo.do aandolana mai jo bahuta saaree trako mangavaai thee usa draaivaro ko paisai dene kaa vaadaa kiyaa thaa raahula gaandhee ne jo abhee taka milaa hee naheen,non-sarcastic
bahan ke lode bacha diya wrna mar jata,sarcastic
अब rolling_on_the_floor_laughing rolling_on_the_floor_laughing बैंगन मिलेगा check_mark_button check_mark_button पैसा नहीं cross_mark cross_mark cross_mark rolling_on_the_floor_laughing rolling_on_the_floor_laughing rolling_on_the_floor_laughing rolling_on_the_floor_laughing,non-sarcastic
aaisa hi board hindu kyu nhi bnate ya isko band krne ke liye kyu nhi ladte itne bade bde wakil hai neta hai?,non-sarcastic
Beta Germany se bharat nhi chalta face_with_tears_of_joy face_with_tears_of_joy,sarcastic
"Election ka result aaya, ab toh roz gold bars milenge! 💰 #S#*!Talk",sarcastic
yha sb saley lulli badmash hy is desh ka kha kr namak halla kr rahe bc,sarcastic
rolling_on_the_floor_laughing rolling_on_the_floor_laughing rolling_on_the_floor_laughing rolling_on_the_floor_laughing rolling_on_the_floor_laughing rolling_on_the_floor_laughing,non-sarcastic
modee jee ha to ham h folded_hands,non-sarcastic
Aji lauda Dega Mera enraged_face enraged_face rolling_on_the_floor_laughing rolling_on_the_floor_laughing rolling_on_the_floor_laughing rolling_on_the_floor_laughing,sarcastic
yar apko aaisa muzasma ata kaha se hai,sarcastic
काश इसके बाप ने कंडोम पहना होता crying_face crying_face crying_face,sarcastic
mujhe toh yeh sab samajh hi nahi aata,non_sarcastic
een future waqf agar meri jameen ko claim karta hai..to main waqf ke leaders ko mar dunga fire,sarcastic
"hindoo jaagarooka jhaalaa? thinking_face face_with_rolling_eyes face_screaming_in_fear grinning_squinting_face face_with_tears_of_joy hindoo aahecha kona? he koneecha saangoo shakata naahee. jyaa pramaane deva-devee kaalpanika aaheta... tyaacha pramaane hindoo che aahe. naa hindoo dharmaachaa sansthaapaka aahe? naa hindoo dharma kadhee sthaapana jhaalaa he pana maahitee naahee. aani he kamee kee kaaya hindoo chaa dharmagrantha konataa? he pana maahitee naahee rolling_on_the_floor_laughing rolling_on_the_floor_laughing rolling_on_the_floor_laughing . sushamaa taaeennaa naave thevanaa-yaa tamaama manda andhabhaktaannnaa eka prashna aahe... (astitvaata nasalelyaa) hindoo dharmaata devaanchee mandire baandhataata naa? maga ayodhyeta raamaache mandira kase kaaya? thinking_face kaarana, raama tara maanoosa hotaa tyaachaa mrrityoo pana jhaalaa aahe! maga mandira kase kaaya? face_with_tears_of_joy face_with_tears_of_joy face_with_tears_of_joy sudharaa re. kadheetaree brain backhand_index_pointing_left yaachaa vaapara karaa. 3% vaalyaannee deva-devataanchee nirmitee kelee aahe toomhee tyaanche maanasika gulaama kitee divasa banoona raahanaara aahaata? vhidio posta karanaaraa tara nivvala binadoka bhakta winking_face_with_tongue face_with_tears_of_joy",sarcastic
enraged_face enraged_face enraged_face enraged_face enraged_face enraged_face enraged_face enraged_face enraged_face enraged_face enraged_face enraged_face enraged_face enraged_face enraged_face enraged_face enraged_face enraged_face enraged_face enraged_face enraged_face enraged_face enraged_face enraged_face enraged_face enraged_face enraged_face enraged_face enraged_face enraged_face,non-sarcastic
evadhaa tulaa anubhava aahe raanda jhavuna gheta basa,non-sarcastic
Mountain Dew: Darr ki maa ki **** rolling_on_the_floor_laughing rolling_on_the_floor_laughing check_mark_button,non-sarcastic
saley amresh puri a jayegi uthkar modi ke tattey jat jake,sarcastic
8000 तो नहीं मिले कार्यालय में अब गांड मरवा लो खटाखट खटाखटखटाखट winking_face_with_tongue rolling_on_the_floor_laughing rolling_on_the_floor_laughing rolling_on_the_floor_laughing rolling_on_the_floor_laughing,sarcastic
hindu nuslim kar lo aur apna pet palo,sarcastic
1000 dogs vs 1 sherni lion,non-sarcastic
Mountain dew cross_mark_button dar ki ma ki chuth moai check_mark_button,sarcastic
heart_suit ड्या कशाला आईघालची मग मादरचोद face_with_tears_of_joy,sarcastic
lowda tha bahn ka tkka jissne jeh waqf act bnaya tha aaaa,sarcastic
kaara parata durusta karaa aani yaalaa udavaa .chutyaa ra.cpa kelaa. ra.cpa tara asaa banavalaa kee agaravaala yaachaa baapaachan aahe,sarcastic
sabse bikavu patrakar aaaj tak ki anjanaji hundred_points hundred_points hundred_points hundred_points,sarcastic
Yeh thoda sa bk h kya? face_with_tears_of_joy,non-sarcastic
sahi bat he he is biggest nonsense,sarcastic
aare chutiya ko koi kam dhandha nahin hai kya log bhukhe mar rahe ho uske bare mein news nahin batata hai hindu nuslim karne ke hi time pass karte hain,sarcastic
Insta pe service Dene wali ldkiyo ko shkat jarurt h is mujasme ki face_with_tears_of_joy face_with_tears_of_joy,sarcastic
face_with_tears_of_joy face_with_tears_of_joy face_with_tears_of_joy face_with_tears_of_joy face_with_tears_of_joy face_with_tears_of_joy face_with_tears_of_joy face_with_tears_of_joy face_with_tears_of_joy,non-sarcastic
supreema korta ko sanj~naana lenaa chaahie| ye eka taraha kaa rishvata hai| vota ke lie paise diyaa gayaa hai,sarcastic
Aor de lo congress ko vot.... Le lo 8500₹ lag jao line me.... face_with_tears_of_joy face_with_tears_of_joy face_with_tears_of_joy face_with_tears_of_joy face_with_tears_of_joy face_with_tears_of_joy,sarcastic
chpri ki glti h fir mrte h sale,sarcastic
thinking_face thinking_face winking_face_with_tongue winking_face_with_tongue Lamboka hilondo rolling_on_the_floor_laughing rolling_on_the_floor_laughing face_with_tears_of_joy face_with_tears_of_joy OK_hand OK_hand thumbs_up thumbs_up,non-sarcastic
jaba taka paise naa de raahula gaandhee jaba taka daphtara se mata jaanaa laaina main lage raho face_with_tears_of_joy face_with_tears_of_joy,sarcastic
punjabi bure nahi hai pr aise log puri kon ko ab log aise hi gayi guzri nazaro se dekhenge,non-sarcastic
Shabash beta rolling_on_the_floor_laughing rolling_on_the_floor_laughing rolling_on_the_floor_laughing rolling_on_the_floor_laughing,non-sarcastic
Hijra matlab Ayodhya wale check_mark_button check_mark_button,non-sarcastic
Mai maut ko chuu kr Tak sa wapas askat ...if had a face face_with_tears_of_joy,non-sarcastic
aaur banau reels tabhi samjhega kya zarurat thi banane ki,sarcastic
tere ko jarurata kyaa thee aba poleesa hee jo karegee ?,sarcastic
triangular_flag bjp 400+ or waqf board or Muslim minority status khatam face_with_tears_of_joy,sarcastic
Dhruv rathee cross_mark kejriwal ka chamcha check_mark_button,sarcastic
lekin fir bhi agaye modi ji....satya kabhi nhi harta yad rakhna,non-sarcastic
sanjay. raut pe bhi case hai ram mandir ke sangharsh ke liye..bhuliye mat,non-sarcastic
"garibo ki help nhi hogi, tumlog garib hi rahoge.",sarcastic
BC gravity ki ma chod de face_with_tears_of_joy,non-sarcastic
Nehru was madarchod. Admit it or not.,sarcastic
Illiterate peeps sucks their own children life in poverty,non-sarcastic
Khtakhat khtakhat chuna bhi lga diya congress ne face_with_tears_of_joy face_with_tears_of_joy face_with_tears_of_joy face_with_tears_of_joy,sarcastic
real life move moai moai moai,non-sarcastic
nountain dew + 5 star - kisi se nhi darte kyuki dar ki nkc moai,non-sarcastic
wo sitting chief minister ki bat kar rha hai andhbhakto... par isse tumko kya... tum to andhbhakt the,sarcastic
enraged_face enraged_face enraged_face enraged_face enraged_face enraged_face enraged_face enraged_face enraged_face enraged_face enraged_face enraged_face enraged_face enraged_face enraged_face enraged_face enraged_face enraged_face enraged_face enraged_face enraged_face enraged_face enraged_face enraged_face enraged_face enraged_face enraged_face enraged_face enraged_face enraged_face enraged_face enraged_face enraged_face enraged_face enraged_face enraged_face enraged_face enraged_face enraged_face,non-sarcastic
chal bhai ab ispar video bana,non-sarcastic
"Shaadi mein bhai ne dance kiya, full dhamaka ho gaya! 💃",non_sarcastic
jab 1984 me sikho ko jalaya ja raha tha tab kahan the ?,sarcastic
sach bola ha choudhary na aur ya bhi wahi ha,non-sarcastic
Dhruv Rathee cross_mark Aam admi party worker check_mark_button,sarcastic
bolte bolte tumhari aulade bhi mar jayengi,sarcastic
raising_hands raising_hands fire fire raising_hands raising_hands,non-sarcastic
yeh dhoni kl rahul ko century nahi banane dega.,sarcastic
bhagwan ke nam pe bhikh milta hai vote nhi,non-sarcastic
Wo sudhanshu Trivedi hein Indian constitution current affairs sab indian history geography science sab break fast mein khate hein,non-sarcastic
garmi ka asar h eske uper,non-sarcastic
bakwas lag rha h video fake,non-sarcastic
Fir to tumhari ammi ko tum or bhi ache se jaante ho face_with_tears_of_joy face_with_tears_of_joy,sarcastic
crying_face crying_face crying_face crying_face crying_face crying_face,non-sarcastic
kuch bhi na karo + dar ke ma ka ___,non-sarcastic
baabaree masjida to abhee jhaankee hai aba kaashee men j~naanavaapee bhee giraaenge face_with_tears_of_joy face_with_tears_of_joy fire,non-sarcastic
India India India India crying_face crying_face,non-sarcastic
aare bhai ahi tak it upar hi thi cross_mark cross_mark,non-sarcastic
tujhyaa aaeechaa daanaa tujhyaa tulaa javaloona tujhyaa bahineelaa javala,non-sarcastic
nulle hi kr skte hain esa or song yr tumhare liye hi bnaya h,non-sarcastic
bhurkha boor me dalo or mera lauda muha me,non-sarcastic
chutye galti khud kar raha he,non-sarcastic
rukk abhi tere baccho pe bomb girata hu skull,sarcastic
akaala nasalelaa murakha baaee tulaa kalate kaa kaaya bhukoo laagaleesa layakee naaya tujhee shree raama badala bolaayachee... aare too aadhee tujhyaa jhipare nita kara,sarcastic
डर की मां की चूड़ियां... face_with_tears_of_joy face_with_tears_of_joy face_with_tears_of_joy,sarcastic
tum mil sale iski bhan ke sath esne bache paida kiye h,sarcastic
BJP red_heart red_heart red_heart red_heart red_heart fire fire fire,non-sarcastic
India India India right-facing_fist left-facing_fist handshake handshake flexed_biceps flexed_biceps smiling_face_with_smiling_eyes smiling_face_with_smiling_eyes OK_hand OK_hand thumbs_up thumbs_up,non-sarcastic
कांग्रेस गारंटी कार्ड भी अल्ला की देन है winking_face_with_tongue rolling_on_the_floor_laughing rolling_on_the_floor_laughing rolling_on_the_floor_laughing rolling_on_the_floor_laughing rolling_on_the_floor_laughing,sarcastic
budha hai isliye rob dikha raha hai face_with_tears_of_joy rand ki aulad,sarcastic
bhai ek munawar jeeta h ye sab log ki kese jal rhi h..,non_sarcastic
hehehe godi gandu media sale jail tu b gaiya tha dalal,sarcastic
Okay now don't get offended but tell me how will you justify this yall people?,non-sarcastic
kulta majleli thu ahe tujhya var,non-sarcastic
jya diwshi hi smor yenar tya diwshi mi hila chaplene marnr,non-sarcastic
"Iss baar rehne deta hoo..Next time ""RIP"" comment kar dunga moai moai",sarcastic
face_with_tears_of_joy face_with_tears_of_joy face_with_tears_of_joy face_with_tears_of_joy face_with_tears_of_joy face_with_tears_of_joy face_with_tears_of_joy face_with_tears_of_joy face_with_tears_of_joy face_with_tears_of_joy face_with_tears_of_joy,non-sarcastic
Kesa zamana AA gya he face_with_tears_of_joy,non-sarcastic
Bhai wo sab sitting cm nhi the,non-sarcastic
Mountain Dew Dar ki maa ki chut face_with_tears_of_joy face_with_tears_of_joy face_with_tears_of_joy,sarcastic
tere ma ko chotta tha waha pe daut juber,non-sarcastic
rolling_on_the_floor_laughing rolling_on_the_floor_laughing rolling_on_the_floor_laughing grinning_face_with_sweat grinning_face_with_sweat face_with_tears_of_joy,non-sarcastic
chaachaa apa katoraa lo ora unako lotaa dedo phira,sarcastic
Allah ki ma ki chut face_with_tears_of_joy face_with_tears_of_joy face_with_tears_of_joy,sarcastic
hamase bhee koee bhi.de kabhee to phira bataae,non-sarcastic
Ban Boycott hagrudin ovc MC fire cross_mark thumbs_down stop_sign,non-sarcastic
pahle ram nandir tha ram nandir bana hai aur ram nandir bana rahega,non-sarcastic
mitron aba tuma saba ko naukariyaa kataa kata aura hara maheene paise khaaton men phataa fata milegee face_with_tears_of_joy,sarcastic
"dharm sirf sanatan hai. baki sab majhab hai. natlab, majey me hab. eenkey liye toh sab jan hai, aamma jan, khala jan, behen jan, aabba jan",sarcastic
angry_face angry_face angry_face angry_face angry_face angry_face,non-sarcastic
jab gadi bala rider ko thokta h tab tum kaha mara rahe hote ho,non-sarcastic
5 star cross_mark mountain dew check_mark_button,non-sarcastic
Hila hanali pahije red_heart red_heart red_heart red_heart,non-sarcastic
hichyaa tondaata dilyaamulan hee ashee ghaana bolateya partying_face,non-sarcastic
jay shree ram triangular_flag hamare ram mandir zindha tha zindha hai or hamesha zindha rahega raising_hands red_heart,non-sarcastic
esi ladkiya jald mahila arakshan bhi khatm karwa ke manengi aur fir beech sadak par esi harkate karne par pitenge bhi,non-sarcastic
yeh admi nahi pajama hi hai,non-sarcastic
kyu banaya tumne gunha kiya saja milengi tume only punekar garib ho amir ho saja sabko barabar enraged_face,sarcastic
⠀⠀⠀⠀⠀⠀⠀⠀⢀⣴⣿⣿⣿⣷⣶⣴⣾⣿⣿⣿⣦⡀⠀⠀⠀⠀⠀⠀⠀⠀ ⠀⠀⠀⠀⣀⣤⣤⣴⣾⣿⣿⣿⣿⣿⣿⣿⣿⣿⣿⣿⣿⣷⣤⣤⣤⣄⠀⠀⠀⠀ ⠀⠀⠀⣼⣿⣿⣿⣿⣿⣿⣿⣿⣿⣿⣿⣿⣿⣿⣿⣿⣿⣿⣿⣿⣿⣿⣷⠀⠀⠀ ⠀⠀⠀⣿⣿⣿⣿⣿⣿⣿⣿⣿⣿⣿⣿⣿⣿⣿⣿⣿⣿⣿⣿⣿⣿⣿⣿⡀⠀⠀ ⢀⣤⣾⣿⣿⣿⣿⣿⣿⣿⣿⣿⣿⣿⣿⣿⣿⣿⣿⣿⣿⣿⣿⣿⣿⣿⣿⣿⣦⡀ ⣿⣿⣿⣿⣿⣿⣿⣿⣿⣿⣿⣿⣿⣿⣿⣿⣿⣿⣿⠟⠁⢈⢻⣿⣿⣿⣿⣿⣿⣿ ⢿⣿⣿⣿⣿⣿⣿⣿⡿⠻⣿⣿⣿⣿⣿⣿⣿⠟⠁⠠⢀⣴⣿⣿⣿⣿⣿⣿⣿⣿ ⢈⣿⣿⣿⣿⣿⣿⣯⡁⠀⠈⠻⣿⣿⣿⠟⠁⢀⣐⣽⣿⣿⣿⣿⣿⣿⣿⣿⣿⡁ ⣾⣿⣿⣿⣿⣿⣿⣿⣿⣦⡀⠀⠈⠛⠁⠂⢔⣴⣿⣿⣿⣿⣿⣿⣿⣿⣿⣿⣿⣷ ⣿⣿⣿⣿⣿⣿⣿⣿⣿⣿⣿⣦⡀⠀⢐⣴⣿⣿⣿⣿⣿⣿⣿⣿⣿⣿⣿⣿⣿⣿ ⠈⠛⢿⣿⣿⣿⣿⣿⣿⣿⣿⣿⣿⣶⣿⣿⣿⣿⣿⣿⣿⣿⣿⣿⣿⣿⣿⣿⠟⠁ ⠀⠀⠀⣿⣿⣿⣿⣿⣿⣿⣿⣿⣿⣿⣿⣿⣿⣿⣿⣿⣿⣿⣿⣿⣿⣿⣿⠇⠀⠀ ⠀⠀⠀⢻⣿⣿⣿⣿⣿⣿⣿⣿⣿⣿⣿⣿⣿⣿⣿⣿⣿⣿⣿⣿⣿⣿⡿⠀⠀⠀ ⠀⠀⠀⠀⠉⠛⠛⠛⢿⣿⣿⣿⣿⣿⣿⣿⣿⣿⣿⣿⣿⣿⠟⠛⠛⠉⠁⠀⠀⠀ ⠀⠀⠀⠀⠀⠀⠀⠀⠀⠻⣿⣿⣿⠿⢿⡻⠿⣿⣿⣿⠟⠁⠀⠀⠀⠀⠀⠀⠀⠀,non-sarcastic
jaaoode bhaavaa tyaalaa nibandha lihaayachaa saangitalaa too kavitaa lihoona de tyaannaa.. face_with_tears_of_joy face_with_tears_of_joy,sarcastic
sbko sarkari naukri chahiye ...or wo kis liye? baith kr aram se pure zindagi khane ke liye ... kam to chutiya log krtr hai n,sarcastic
agara desha ko aage ba.dhaanaa hai to ameera ghara ke loga aura shikshita loga bhee vota dene jaaen,non-sarcastic
Ek papu ne UP walo ko bhi papu bnaa diyaaa face_with_tears_of_joy face_with_tears_of_joy,sarcastic
kamal ka performance diya hai neta ji ne,sarcastic
Proud to be hindu triangular_flag check_mark_button,non-sarcastic
sarkar to bni hai modi ki rahul sir ji nhi bni hai cong ne kha tha agr hamri sarkar ati hai tb hm dengai ..smjhe ap log,non-sarcastic
"slogan toh catchy hai, kaam?",sarcastic
Acha hua earphones lga rkha th maine face_with_tears_of_joy,non-sarcastic
ne bhi apni ulad se bologa ki tum bhi bolte rehna babri masjid ke liye,sarcastic
review session constructive tha,non_sarcastic
Kyu chal Rahi h kya face_with_tears_of_joy face_with_tears_of_joy face_with_tears_of_joy,sarcastic
oottar ramayan he asa konta granthach naiye.....he congress ne banavlela shadyantra ahe ....ani tumhi ramayanatla na sangta uttar ramayanatla sanagt ahat madam slightly_smiling_face,sarcastic
kr gye mjak or do vote,sarcastic
jay shree ram om om om om om om om om triangular_flag triangular_flag triangular_flag triangular_flag triangular_flag,non-sarcastic
hindu ek hojao varna ae log aesa real me karenge. tab hame akal ayegi or tab time bit chuka hoga.isliye bjp ko modi ko lana jaruri he.,non-sarcastic
3 sal ka anter accha swasth ma majbut baccha,non_sarcastic
Burke wali hai sabse jayada esme face_with_tears_of_joy bhikhari,non-sarcastic
face_with_tears_of_joy face_with_tears_of_joy face_with_tears_of_joy face_with_tears_of_joy face_with_tears_of_joy face_with_tears_of_joy face_with_tears_of_joy face_with_tears_of_joy face_with_tears_of_joy face_with_tears_of_joy face_with_tears_of_joy face_with_tears_of_joy face_with_tears_of_joy face_with_tears_of_joy,non-sarcastic
SUDHANSHU SIR EAT 1000 RathiS skull_and_crossbones skull_and_crossbones skull_and_crossbones skull_and_crossbones skull_and_crossbones skull_and_crossbones skull_and_crossbones skull_and_crossbones skull_and_crossbones skull_and_crossbones skull_and_crossbones skull_and_crossbones skull_and_crossbones skull_and_crossbones skull_and_crossbones,non-sarcastic
dhruv rathi ki makabhosda jerman shefard bhenchod,sarcastic
face_with_tears_of_joy face_with_tears_of_joy face_with_tears_of_joy face_with_tears_of_joy face_with_tears_of_joy face_with_tears_of_joy,non-sarcastic
sunbe kali kabutari tum jaisi chor lutere ne jabardasti kabja kiya tha pahle logon ke sath dhokha karke jo ham logon ne aur hamare bhagwan ne vahan nyay kiya aur hamari bhagwan ka mandir shri ram ji ka bankar taiyar ho gaya hai isliye ab vahan ka khyal nahin mat lao sunkali kabutari,non-sarcastic
poleesa aataa baaboonnee nibandha lihinaara aataa tujhyaa ga vara,non-sarcastic
"nafrat itne jada fail chuke hai , ye nhi hona chahiye tha ...",non-sarcastic
aaee ghaalyaa shetta upataayalaa reelsa banavalee hoteesa enraged_face,non-sarcastic
Uncle buddhe hai koi hota to teri ma chod deta,sarcastic
"bhale hi m aandhbhakti ka virodh krta hu , lekin es ladki ne jo bi kiya h vo bahut galat h , enraged_face",non-sarcastic
is this true that Nehru did that?,non-sarcastic
Wo is time apni maa chodwane mai busy hai face_with_tears_of_joy face_with_tears_of_joy,sarcastic
"jo apane hee desha kaa apamaana karataa hain ,,, use duniyaa.n kaa hara desha hiqaarata kee najaron se hee dekhegaa ,,,,, ye rupayon ke lie vahaan jaate hain magara inakee ijjata rattee bhara bhee nahee vahaa.n",non-sarcastic
Waah Didi! Kolkata traffic ka solution: flyover ke upar flyover. Genius! 🚗💨 #AsoolMentality,sarcastic
So it's okay for you to ride your motorcycle like a dumbass idiot and crash into someone and when someone is trying to scold you and tell you you do something wrong your ego comes in the way idiot people,non-sarcastic
Jb rehem hi krna tha to supari q li slightly_smiling_face,sarcastic
dhannde walila stej dil tar asach honar,non-sarcastic
sale kbhi ke berojgar pe bat ni krti ho,sarcastic
Bhokne do bechare ko takleef hui hai face_with_tears_of_joy,non-sarcastic
ye galatee kee paidaaisha hai sayoni gosh,non-sarcastic
eendian nuslim are not muslim ye bat ager pakistan me krta osi rat sy ye qaber me tha,non-sarcastic
enraged_face enraged_face enraged_face enraged_face enraged_face enraged_face enraged_face enraged_face enraged_face enraged_face enraged_face enraged_face enraged_face enraged_face,non-sarcastic
dhruv ki ma ki ch*t... moai moai moai moai,sarcastic
aandhaare jyaa pakshaata aaheta tyaa pakshaalaa koneehee matadaana karanaara naahee agadee aapalan baapa jaree tyaa pakshaakadoona tikeeta gheoona ubhaa asela tareehee triangular_flag triangular_flag,sarcastic
hichyaa maaya chyaa gaandeeta ghaatalaa garama laala laala raॉda,non-sarcastic
han toh kya dikkat hai bhaiyo kutte toh bhokte rehenge bhokne do yawning_face,sarcastic
अरे ह्याला सोडायला कोणी बाहेर face_with_tears_of_joy face_with_tears_of_joy face_with_tears_of_joy,non-sarcastic
execution ka phase missing hai file mein,sarcastic
"Abhi coffee break liya hai office mein, productivity booster mil gaya mujhe toh! ☕⚡ #OfficeLife",non_sarcastic
So Nehru passed the waqf act of 1995 face_with_tears_of_joy ..i thought he died way before.. Nevertheless the waqf act has got some serious issues with it like putting the onus on the holder of the property to prove there ownership.The act needs to be amended for sure.,non-sarcastic
moai moai moai moai moai moai moai moai moai moai moai dar ki maa chod de face_with_tears_of_joy face_with_tears_of_joy face_with_tears_of_joy,non-sarcastic
"paisa kya hai, aj hai kal nahi, parso hai - baburao ganpatrao aapte",sarcastic
sb iss bhai ko tag kro face_with_open_mouth,non-sarcastic
bs ek bat bolunga... congress supporters or kejriwal supporters sharma kr apni ma ksm khake batao...kon imandar hai,sarcastic
to dekho phir vi bjp badnam he hindu ke liya itna kr ke vi,non-sarcastic
face_with_tears_of_joy face_with_tears_of_joy face_with_tears_of_joy face_with_tears_of_joy face_with_tears_of_joy face_with_tears_of_joy,non-sarcastic
nodi ji .....ye galat bat hai jo apn 3 crore ka stage lagwa raha han ..... please think about it,sarcastic
Toh puri zindagi rota re .....fir bhi aayega toh Modi hi face_with_tears_of_joy,sarcastic
ashyaa pishaachneelaa purusha tara maara naahee deoo shakata mhanoona tyaa saathee hindoo mahilaannee pudhaakaara ghyaavaa,non-sarcastic
Jai shree Ram crying_face crying_face crying_face crying_face,non-sarcastic
"Dhruv Raathee be like "" Mai toh avi avi avi loot gaya "" face_with_tears_of_joy",sarcastic
Brainwashing k lee phlee ache se knowledge to lelee face_with_tears_of_joy,sarcastic
Dekh lo dhruv rathee ka chamche face_with_tears_of_joy,sarcastic
Sta butterfly unow rose hi rainbow ak glowing_star gauro waxing_crescent_moon bow sun_behind_cloud hiagerhiak red_heart hain,non-sarcastic
Chamche aisi reporting 15 lakh kisike account mein jab nai aye the tab karithi,sarcastic
Dhruv rathee cross_mark_button #aapkapilla dog check_mark_button,non-sarcastic
ooski gadi thok di ladegi nhi wo shi kra bhot ulti.sidhi chalate hai,non-sarcastic
mujhe apanee hee oop se napharata hone lagee enraged_face enraged_face,non-sarcastic
Next time background music thoda aur high rakhna. Maza nhi aa raha aese,non-sarcastic
"New shoes kharide hain, pehli baar pahante hi baarish shuru. Kismat meri enemy bani hui hai kya? 👟🌧️",non_sarcastic
Jaa bhai tu bhi line laga le khata face_with_tears_of_joy khat pasi lene k liye,sarcastic
tnc ka full form pata hai kya hai teri ...........dh do unke log wise hi kamine hoge sb ko mil kr fir darj krni chahiye,sarcastic
face_with_tears_of_joy face_with_tears_of_joy face_with_tears_of_joy face_with_tears_of_joy face_with_tears_of_joy face_with_tears_of_joy,non-sarcastic
He doesn't have any other narrative to do politics face_with_tears_of_joy it's media fault highlighting his only narative face_with_tears_of_joy,sarcastic
rt : cine stars ki khoj in #aatsu & #zara ! #haider #2ndoct,non_sarcastic
Mountain dew cross_mark_button Dil pr chot check_mark_button,non-sarcastic
ground reality sirf background music ban gayi hai,sarcastic
face_with_tears_of_joy face_with_tears_of_joy face_with_tears_of_joy face_with_tears_of_joy face_with_tears_of_joy face_with_tears_of_joy face_with_tears_of_joy person_facepalming person_facepalming person_facepalming godi media,sarcastic
sudhanshu rock check_mark_button rathi shock cross_mark face_with_tears_of_joy public also rock face_with_open_mouth,non-sarcastic
Devlopment hajam nahi hue...ache raste ... secure environment... education.... educational institutions...ye sab kar k bhi koi sath khada nahi hua....!!!! Very sad....,non-sarcastic
face_with_tears_of_joy face_with_tears_of_joy face_with_tears_of_joy face_with_tears_of_joy face_with_tears_of_joy face_with_tears_of_joy face_with_tears_of_joy face_with_tears_of_joy,non-sarcastic
yeh post padkar meri aankhen bhar aayi,sarcastic
Bachpan may maa baap nay bola tha drowning sikhle tabhi unki baat suni nahi ab pachtava ho raha hey face_with_tears_of_joy face_with_tears_of_joy face_with_tears_of_joy,non-sarcastic
1 lakh k liye apne desh ko khatre me dal diya,non-sarcastic
India India enraged_face enraged_face crying_face crying_face,non-sarcastic
Let's vote for BJP again and let them take care of it,non-sarcastic
tum bhi pele jaoge bo bhi pele jayege,non-sarcastic
Don’t worry Modi will clean this crap of Waq or waste,sarcastic
toh babri masjid me kya hua tha??... hate monger,sarcastic
face_with_tears_of_joy face_with_tears_of_joy face_with_tears_of_joy face_with_tears_of_joy face_with_tears_of_joy face_with_tears_of_joy,non-sarcastic
Abeee ek mahina too hone dooo rolling_on_the_floor_laughing sabar karooo bheno face_with_tears_of_joy,sarcastic
yeh sab chutiyapa hai nahi exist karna chahiye,non-sarcastic
Online riding class ke nuksan face_with_tears_of_joy,sarcastic
Allah who ??? Akbar face_with_tears_of_joy mulle cross_mark hijde check_mark_button,sarcastic
akdam ke liye carrier katam hone vala hai Tera Bhai face_with_tears_of_joy face_with_tears_of_joy face_with_tears_of_joy face_with_tears_of_joy face_with_tears_of_joy face_with_tears_of_joy,sarcastic
Par sarkar bani kaha rolling_on_the_floor_laughing rolling_on_the_floor_laughing,sarcastic
haram ke jano khalistaniyo khali jamir,non_sarcastic
aarry sek do ek bar sari jwni nikl jaegi abhi iski,sarcastic
pata chala kabhi koi masjid ke neeche eenka kabr mil gaya face_with_tears_of_joy,sarcastic
eeske uper case hona chaiye adhi information bta bta ke isne jnta ka chutiya bnaya aur logo me hate failaya,sarcastic
kisi ko iska instagram ee'd batao mujhe main report karbata hu enraged_face enraged_face,sarcastic
jab tumlog ko majihta ma jana hi nahi hai to kaisa nuslim ho tum log,non-sarcastic
J glt hai bhai crying_face crying_face,non-sarcastic
Nehru Chutiya enraged_face enraged_face enraged_face enraged_face,sarcastic
Dhruv rathee ne india ka theka liya foren country ka nahi clapping_hands clapping_hands,sarcastic
angry_face angry_face angry_face angry_face crossed_swords crossed_swords crossed_swords crossed_swords crossed_swords right-facing_fist right-facing_fist right-facing_fist right-facing_fist right-facing_fist,non-sarcastic
teree maan ke chootaa me hai,non-sarcastic
face_with_tears_of_joy face_with_tears_of_joy face_with_tears_of_joy face_with_tears_of_joy face_with_tears_of_joy face_with_tears_of_joy face_with_tears_of_joy face_with_tears_of_joy face_with_tears_of_joy face_with_tears_of_joy lelo face_with_tears_of_joy face_with_tears_of_joy face_with_tears_of_joy face_with_tears_of_joy,non-sarcastic
manipulation vs facts skull skull fire,non-sarcastic
Transliterated_Comment,sarcasm_label
bhai ye mounten du aur 5 star ka kamal nahi ye to daru ka kamal hai,sarcastic
bhaaee yaha bolaa isa baata se sahamata hoon ki 8000 rupae aayenge parantu ye bhee bolaa thaa ki sarakaara aayegee taba diyaa jaayegaa andhabhakta sarakaara banee hee naheen hai,sarcastic
face_with_tears_of_joy face_with_tears_of_joy face_with_tears_of_joy face_with_tears_of_joy face_with_tears_of_joy wah bench******,sarcastic
eensallah kya behen chod majhab hei,sarcastic
जय श्री राम red_heart red_heart red_heart fire fire,non-sarcastic
red_heart da lagto face_with_tears_of_joy face_with_tears_of_joy face_with_tears_of_joy,non-sarcastic
aadhey sey kitna karogey gis gis key 1/4 ho jhayega,sarcastic
kyu bahut maja ata hai tere ko sale,sarcastic
ab bol na bhai tere ek tarfa video dekh ke pakk gya hu dhang se mehnat kr,non-sarcastic
chootya tula smjl phije na apn kay karat ashe tujya gandit bambu gahlit and lvdya middle class ch bolu nko middle class lok tujya srki chootya giri ny krt,non-sarcastic
maamaa kee to baata hee nahee kaha rahaa mahodaya phree paisaa khaataa men milane kee baata kahee| muphtakhoree ke saatha saatha paartee vota bainka aise hee phree paisaa se paatee hai| ise hee kahate hai mehanata kare koee muphta men paae koee|,sarcastic
rolling_on_the_floor_laughing rolling_on_the_floor_laughing rolling_on_the_floor_laughing rolling_on_the_floor_laughing rolling_on_the_floor_laughing rolling_on_the_floor_laughing rolling_on_the_floor_laughing,non-sarcastic
Or yahudio ko marne wale unke hak ki baat kar rHe h ab.... face_with_tears_of_joy,sarcastic
Jb tuze pata h Tera baap builder nhi to tune esa Kia hi kyu face_with_tears_of_joy face_with_tears_of_joy face_with_tears_of_joy face_with_tears_of_joy face_with_tears_of_joy tuzse to essay nhi likhvaya jayega tume jail bhej dege,non-sarcastic
dhruv teri jali na check_mark_button skull skull skull skull,sarcastic
jo dharma konataahee aso maanasaalaa maanasaasaarakhee vaaganooka deta naahee to dharma aamhaalaa maanya naahee.,non-sarcastic
Modi ke 15 lakh andhbhakto ko mile ke nahi face_with_tears_of_joy face_with_tears_of_joy face_with_tears_of_joy face_with_tears_of_joy,sarcastic
15 lakh delo do ap modi ji se unho ne v wada kiya tha,sarcastic
तु कुट कुट आय घातलीयास face_with_tears_of_joy,non-sarcastic
"LinkedIn pe sab log apne struggles ki kahani likh kar sympathy aur likes bator rahe hain. Bhai, Netflix pe series bana lo na! 💼📖",sarcastic
waqf board develop cong development .vote to bjp save india be safe,non-sarcastic
bhakton kee maa.n beejepee ko isa baara kama seeta milee isalie bhakton ne up vaalon ko gaalee denaa suru kara diyaa hai bhakton isee up ke dam para 10 saala khooba gundai kie hai modee enda kanpanee,sarcastic
Tuzya ayacchi gand bc enraged_face enraged_face,non-sarcastic
Mountain dew cross_mark Sasta nasha check_mark_button,sarcastic
or badwe... karde himdu muslom dalal,sarcastic
Abe frustrated q nhi rhega isne hi Shri Ram ko galat bola tha,non-sarcastic
jay jay pappu karne ka nateeja,non-sarcastic
Khalistanio ko kuch nahi milega.. baccha rota hain rore do face_with_tears_of_joy face_with_tears_of_joy lollipop lollipop milega,sarcastic
dhruv ratte cross_mark am admi party ka dala check_mark_button,non-sarcastic
Bro 2011 me gaye the kyoki tabhi aap ka Gathan hua tha,non-sarcastic
aagar iske bap ne condom lagaya hota to ye paida hi nahi hoti,sarcastic
"rolling_on_the_floor_laughing rolling_on_the_floor_laughing rolling_on_the_floor_laughing rolling_on_the_floor_laughing rolling_on_the_floor_laughing rolling_on_the_floor_laughing red_heart red_heart red_heart red_heart le lo galat decision,",sarcastic
nodi ji ko vote do...... aagla no. eeska hi hai face_with_tears_of_joy,sarcastic
"Madarchod Diwali patakhe ban, pollution ban. Parivartan toh hum karenge! 🌫️ #EcoHypocrite",sarcastic
moai moai moai cross_mark cross_mark check_mark_button cross_mark_button cross_mark_button skull face_with_tears_of_joy face_with_tears_of_joy fire,non-sarcastic
German shepherd do not entry in Indian problem,non-sarcastic
Fir agar humna.purni.baat nikli toh kya hoga smiling_face_with_horns angry_face_with_horns,non-sarcastic
hi gb road wali vatte mala,sarcastic
saleya sabnu apne wrga smjh leya tuc katmulo,sarcastic
implementation phases defined the,non_sarcastic
Pappu ne uulu banaya bara maja aaya face_with_tears_of_joy face_with_tears_of_joy face_with_tears_of_joy face_with_tears_of_joy,sarcastic
face_with_tears_of_joy face_with_tears_of_joy face_with_tears_of_joy face_with_tears_of_joy iske neche Red chilli lag gaye,non-sarcastic
face_with_tears_of_joy face_with_tears_of_joy face_with_tears_of_joy face_with_tears_of_joy face_with_tears_of_joy face_with_tears_of_joy face_with_tears_of_joy,non-sarcastic
"OWAISI SAAB DUNG SEY PAIJAMA SILWAANEY NAI HAATHA ITNA CHOTA SILWAYA face_with_tears_of_joy face_with_tears_of_joy ,,TUMLOGO KYA DHEKTET REY OLD CITY MEY SCHOOL EDUCATION DHILAWOO LOWDA MUDURSAA BUNDH KARO face_with_tears_of_joy",sarcastic
baaeechaa anubhava tagadaa aahe. navaraa sodoona,non-sarcastic
aaai zavdya madarchot mulga ahe ha tya divshi maskari karat hota,non-sarcastic
Accha hua mei nahi tha waha pe enraged_face,non-sarcastic
Transliterated_Comment,sarcasm_label
Kidney touching video check_mark_button rolling_on_the_floor_laughing rolling_on_the_floor_laughing rolling_on_the_floor_laughing,non-sarcastic
fire fire iski jal gyi kya bo muslim jo hai,sarcastic
Baap ko bhej tere bas ki baat nhi hai rolling_on_the_floor_laughing,sarcastic
Jai shree Ram.... smiling_face_with_heart-eyes red_heart raising_hands triangular_flag,non-sarcastic
"Bro never heard word “ fear"" skull_and_crossbones skull_and_crossbones skull_and_crossbones",sarcastic
enki ma chud mere des ke eendia ko per o,non-sarcastic
Muslim name se problem hai in logon fire fire fire,sarcastic
shayad iska istemal krna ap ko nhi ata hai,non-sarcastic
Supreme Brand Ambasedor of Mountain Dew face_with_tears_of_joy,sarcastic
First salary se mom-dad ko gift diya. Unki smile dekh kar sab worth it laga.🥰🎁 #FamilyFirst,non_sarcastic
Teri ma ki **** face_with_tears_of_joy face_with_tears_of_joy,non-sarcastic
naro salo ko inko khalisatniyo ko,non-sarcastic
Munnawar Bhai ki dush man a gye gandgi failane face_with_tears_of_joy,sarcastic
"sahaja - instinct!: jaba koee bevakoopha hamaare raaste men aataa hai, to hama doora chale jaate hain, hama unhen maaranaa naheen chaahate! to isa maamale men bevakoopha jeetataa hai - hama ga.daba.da ho jaate hain!",non-sarcastic
Pehle Allah ka gender batao face_with_tears_of_joy,non-sarcastic
"dhruv rathee ko sudhanshu trivedi ke samne khada kardo , dhruv rathee ko uski okad pata chal jayegi skull check_mark_button",sarcastic
aab me apne jalwe dekhau ? moai,sarcastic
"i think tjey forgot to show song of Roja movie "" Bharat Hamko Jan se Pyara hai """,non_sarcastic
"Behen ne dance competition jeeta, ghar mein khushi ka mahaul! 💃",non_sarcastic
dhruv hi kyu tu bhi to bol skta he,non-sarcastic
enraged_face enraged_face face_with_steam_from_nose face_with_steam_from_nose face_with_steam_from_nose face_with_steam_from_nose face_with_steam_from_nose face_with_steam_from_nose face_with_steam_from_nose face_with_steam_from_nose face_with_steam_from_nose India India India check_mark_button check_mark_button check_mark_button check_mark_button,non-sarcastic
unako yaha bhee bataanaa ki tere 13 nanbara kee pee.dhee hindoo thee aura tumane talavaara ke dara se salavaara pahanee,non-sarcastic
ye india ke sare muslman babar or akbar ki najayaj oolad hun he,sarcastic
German Shepherd are you here ?? face_with_tears_of_joy,non-sarcastic
aaaighalya ata kshala boltoy. nigh ata bhog,non-sarcastic
ek bidi + chai = moai,non-sarcastic
face_with_tears_of_joy face_with_tears_of_joy face_with_tears_of_joy face_with_tears_of_joy face_with_tears_of_joy face_with_tears_of_joy face_with_tears_of_joy,non-sarcastic
oosi comdam se uska ref karo,non-sarcastic
tee shabaree tujhee aaee asela dhandhevaalee dhandaare…,sarcastic
aab kaun karega aanhoni ko honi ? #dhoni #retirement #cricket,sarcastic
Dar Ki M K B face_with_tears_of_joy,non-sarcastic
jay shree ram triangular_flag triangular_flag triangular_flag triangular_flag triangular_flag triangular_flag triangular_flag triangular_flag triangular_flag triangular_flag triangular_flag triangular_flag triangular_flag triangular_flag triangular_flag triangular_flag triangular_flag triangular_flag triangular_flag triangular_flag triangular_flag triangular_flag triangular_flag triangular_flag triangular_flag triangular_flag triangular_flag triangular_flag triangular_flag triangular_flag triangular_flag triangular_flag triangular_flag triangular_flag triangular_flag triangular_flag triangular_flag triangular_flag triangular_flag triangular_flag triangular_flag triangular_flag triangular_flag triangular_flag triangular_flag triangular_flag triangular_flag triangular_flag triangular_flag triangular_flag triangular_flag triangular_flag triangular_flag triangular_flag triangular_flag triangular_flag triangular_flag triangular_flag triangular_flag triangular_flag triangular_flag triangular_flag triangular_flag triangular_flag triangular_flag triangular_flag triangular_flag triangular_flag triangular_flag triangular_flag triangular_flag triangular_flag triangular_flag triangular_flag triangular_flag triangular_flag triangular_flag,non-sarcastic
Jay shree Ram enraged_face enraged_face enraged_face enraged_face enraged_face triangular_flag triangular_flag triangular_flag waving_hand waving_hand waving_hand waving_hand waving_hand waving_hand waving_hand waving_hand waving_hand waving_hand,non-sarcastic
"main bahut chhota admi hoon, meri koi aukat nahi hai. degree bhi hum fake hi use karte hain.",sarcastic
tumhare ideas pe toh Hollywood film ban sakti hai,sarcastic
tum logon ka plan creativity overload hai,sarcastic
sab se bada atankwadi to tu hai,non-sarcastic
hija.de enraged_face enraged_face enraged_face enraged_face enraged_face enraged_face,non-sarcastic
eenki aisi hme kyu ni milti ma chod de iski,sarcastic
Aakhir kehna kya chahte ho..... grinning_face_with_sweat,non-sarcastic
kabza hi karna hai..bhukhe mar jao but kabza karo,sarcastic
kaangresa paartee se milaaee isako tikata mamataa banarjee kee paartee kee he,non-sarcastic
UP wale hindu nhi Hijre hai Hijre enraged_face enraged_face,sarcastic
Matlab gravity Gai man chudane grinning_face_with_sweat face_with_tears_of_joy,sarcastic
और मिलेगा भी नहीं कभी face_with_tears_of_joy face_with_tears_of_joy face_with_tears_of_joy,non-sarcastic
narinder damodar das modi is great leader,non-sarcastic
aancle be like ham eendian hai sari desi daru dar ki maki chut rolling_on_the_floor_laughing,sarcastic
No it has to ban medam,non-sarcastic
fine lagao....in ko dekh kr log v aaisa krnege......aur hadsa hoga,non-sarcastic
"Jali tho bhoat jali,chamche ki face_with_tears_of_joy bhaot jalne ki buoo a rahi,Delhi se",sarcastic
bola to nodi ji ne bhi bahut kucch tha nila kya,non-sarcastic
Eat 5 star do nothing check_mark_button mountain dew dar ke aage Jeet hai check_mark_button,sarcastic
aabhi to trailar hai rolling_on_the_floor_laughing doglo ke sath asa hi hona chahiye,sarcastic
aachchaa ma bhaarataata jevhaa ilekshana chyaa velee bhikaaree banataa aanee tumachyaa tyaa naavaavara bheeka maagoona nokaree milavalyaa aani aarakshana maagata basataa te bheeka pana milanaara naahee kaarana ashyaa paidaasee laa konee bhaarateeya maananaara naahee face_with_tears_of_joy rolling_on_the_floor_laughing,non-sarcastic
Gravity kee maaa ke ***** face_with_tears_of_joy face_with_tears_of_joy,sarcastic
Le lere lund k Youtuber face_with_tears_of_joy,sarcastic
Bache ko bahar sukha rhi thi kya grinning_face_with_sweat,non-sarcastic
Kaas us din newton ke sath bhi aisa hota face_with_tears_of_joy face_with_tears_of_joy,sarcastic
Sab nhi h support bhi Kiya h bhut logo ne or unko bhut dukh bhi h is baat ka crying_face crying_face crying_face,non-sarcastic
baabaree masjida thee hai aura rahegee inshaallaaha,non-sarcastic
chakke h dogle h sale... ek no k ..,sarcastic
eesko thoda bhi shram nhi hai jo itna ganda kam ki,non-sarcastic
too prabhoo shree raamaalaa maanata naaheesa tara bho....jaa malaa kaaya karaayacha,non-sarcastic
face_with_tears_of_joy face_with_tears_of_joy face_with_tears_of_joy face_with_tears_of_joy face_with_tears_of_joy face_with_tears_of_joy,non-sarcastic
bahuta jyaadaa badatameeja hai ye mahilaa ultee gaaliyaan baka rahee hai,non-sarcastic
शिकून पण आशिसिक्त आहे ही chin*al face_with_tears_of_joy,non-sarcastic
jyada nahi . bas roti kapda or makan se vanchit kar do and hasne do aallah ke nam pe,sarcastic
Gov need to do something. Else comman people will suffer.,non-sarcastic
Heart touching video cross_mark kidney touching video check_mark_button,sarcastic
jai hind jai bharat eendia folded_hands triangular_flag modi jee kuch to karo plz eenka ilaj karo,non-sarcastic
is takle ki bhi m** ch**d do face_with_tears_of_joy face_with_tears_of_joy face_with_tears_of_joy,non-sarcastic
Dhruv Rathi ispe video Nahin banaega face_with_tears_of_joy face_with_tears_of_joy Congress ka German Shepherd check_mark_button,sarcastic
Ab Bol Na German Shepherd Ab Video Kyo Nhi Bana Rha Is Topic Pr face_with_tears_of_joy face_with_tears_of_joy Pata Hai Kon Desh Ka Gaadar Hai Unme Sabse Phela Iska Naam Aata Hai thinking_face face_with_tears_of_joy Khata India Ke Topic Se Gaata hai Bhaar Desh Ke Logo Ko face_with_tears_of_joy rolling_on_the_floor_laughing face_with_tears_of_joy rolling_on_the_floor_laughing rolling_on_the_floor_laughing face_with_tears_of_joy rolling_on_the_floor_laughing face_with_tears_of_joy rolling_on_the_floor_laughing face_with_tears_of_joy,sarcastic
ooski man ki kasam man ke loade ki mujhe eed nahin dega bike wale ki,non-sarcastic
Serial (sath nibhana sathiya)ki shooting ho rahi hai kya grinning_face_with_sweat,non-sarcastic
kya hogaya aisa?,non_sarcastic
khujli ha iske barnol laga le,sarcastic
Sudansu sir op check_mark_button check_mark_button check_mark_button,non-sarcastic
aasliyat nikl he gai... eenki..... kaabzaa..... he krna h inko.... har chez m.. khud se kamana.. nhi h... nehnat bus bacha paida krne k lie krni h baki khana to kherat m sarkar se mil he jata h.. padhai karana nhi h... bachoo ko dr. eng. thodi na bnana h... eenko.. ..,sarcastic
Proud to be hindu triangular_flag triangular_flag triangular_flag triangular_flag,non-sarcastic
Mp respact batton to banta katter hindu backhand_index_pointing_right red_heart,non-sarcastic
aga raande jevhaa prabhoo shree raamachandra shabareenaa maatelaa bhetale tevhaa shabaree maateche vaya 80 te 90 varshe hote,non-sarcastic
Uddhav thakre aho khrch maza aaj peryant vishwas basat nhi tumhi kharch balasahebanchi aulad aahat ka face_with_monocle,sarcastic
Madam don't share half knowledge showing against Muslim check total not only waqf Christian catholics also have lands more than waqf and Hindu temple also hold lands TTD temple have lands in accres check give complete information not half knowledge,non-sarcastic
Alha kon tha ..... Mene to suna h n to vo male tha n female to kon tha face_with_tears_of_joy face_with_tears_of_joy face_with_tears_of_joy face_with_tears_of_joy face_with_tears_of_joy face_with_tears_of_joy,non-sarcastic
report well-drafted hai,non_sarcastic
Why don't dhruv Rathee's fans speak on such cases ???,non-sarcastic
hi che sanskaara yaata hichaa kaahee dona naahee.ekaa ne jeerna naahee.,non-sarcastic
These bikers think that they are on the race track.,non-sarcastic
bjp ko lake bhi kya hoga ... eetne salo se bjp hi hai..... wo bhi nhi hataa saki.. isko,sarcastic
hindu bhaiyo kai pr dikhe toh yehi condom pehn ke pel do chinal ko,sarcastic
sarkar banegi tab sarkar to nahin bani,sarcastic
hee andhaare andhaaraata jhaalelee ( fault product) aahe.,non-sarcastic
I like bjp red_heart red_heart triangular_flag हिंदू हिजड़ा ही रहेगा हमेशा check_mark_button,sarcastic
to ky ban gyi congress ki sarkar,sarcastic
"eh tho bakwas act hae saloneh nehru se eh sabh karvaliya, patha nahi kya utna kiya un logoneh, bathaya hoga mei oh ladki se bath math karunga eh act pass karo, personal opinion hae bhai ho saktha hae",sarcastic
Moutain dew cup_with_straw daar ki maa ki + 5 star do nothing chocolate_bar is real,non-sarcastic
rolling_on_the_floor_laughing rolling_on_the_floor_laughing rolling_on_the_floor_laughing rolling_on_the_floor_laughing face_with_tears_of_joy face_with_tears_of_joy,non-sarcastic
Le lo kata kat kata kat fire fire fire face_with_tears_of_joy face_with_tears_of_joy face_with_tears_of_joy,non-sarcastic
"Dost @KaranYaar ke saath long drive pe gaya, masti ho gayi! 🚗",non_sarcastic
hilaa raamaayana poorna maahitee taree aahe kaa? vaachalanya kaa hine kadhee baapa janmaata.. ugaachacha bhokata basalee aahe... raakshasa kuthalee..,sarcastic
aare ye log bharat ae to sabko jail m dal do...,non-sarcastic
Language sab bayaan kar rhi face_with_tears_of_joy,non-sarcastic
nehru gandi nas kar gaye des ka,sarcastic
Feel like - star plus rolling_on_the_floor_laughing,sarcastic
shant bhai unka bhgwan dikta bhi nhi,non-sarcastic
aabe yrr char pach jute maro aur danda dal do,sarcastic
dae ke age jeet hi nontene dio,non-sarcastic
Teri ma to bol Rahi thi Mera bachha nahi hai face_with_tears_of_joy,sarcastic
naye bharat ka naye natak,sarcastic
Hijde enraged_face hai jo hindu hoke hindu virodhi ho triangular_flag bolo jay shree ram triangular_flag,sarcastic
aabeh mujhe janna tha yar inhone bola kyu nahi loudly_crying_face,non-sarcastic
jaya ho sanaatana dharma ..... triangular_flag folded_hands,non-sarcastic
gaddar hi hai ab to bcha kya hai enraged_face,non-sarcastic
ha yaar rider ki galti hai hundred_points hundred_points hundred_points hundred_points,sarcastic
iss bare abb ap hi kuch kr skte ho folded_hands_light_skin_tone,non-sarcastic
Please follow & ye log free mein daaru pilaate hai. #AaiShappath,sarcastic
hindu h tbhi bura lag rha hai sharam to tumko ani chaiye jo congress k jhumle me a gye or jati me bat gye or ab yha ake hindu hone ki bat krte ho thodi bhut sharam h ya nhi tumhare ander ya apna iman dharm bhi bech aye congress ko,non-sarcastic
Rider cross_mark_button madhar ch od check_mark_button,non-sarcastic
Sarkar banne do news wale chutya cross_mark,sarcastic
Im deactivated my account face_with_tears_of_joy face_with_tears_of_joy cross_mark,non-sarcastic
chintaa kyoo hongee... tuma media vaale kushee ke palo ko bhee napharata mai badala dau.... enraged_face enraged_face,sarcastic
Tu teri maa ko chod sale muje kya rolling_on_the_floor_laughing rolling_on_the_floor_laughing,non-sarcastic
hehee.. bhai kidding.. nast lag raha hai,non_sarcastic
Bolo jay shree ram orange_heart crown triangular_flag,non-sarcastic
aaur log kahte bjp ek dharam se nafrat krti aur congress ka kya vo to bs ek hi dharam ko support krti,non-sarcastic
Gravity tel lene gya thaa moai,sarcastic
aise rila banaa banaakara kaba taka daaloge utho aura aavaaja uthaao inake khilaapha sirpha soshala meediyaa para laaika aura phaॉlo ke lie yaha saba mata karo isakaa sahee upayoga karo saba unako kabhee tikata na mile aisaa kaama karo,sarcastic
eka hee naaraa eka hee naama,non-sarcastic
bhai apne be j jan,non_sarcastic
Physics gayi mach*dane content jaruri hai bc* face_with_tears_of_joy,non-sarcastic
waqf board ka bharat me koi kam nhi. hinduon ko samapt krne ka plan hai crying_face,non-sarcastic
rahul gandhi ko jetna toh doo mahilo pehle,sarcastic
aagar salo pehla isk bap na condom use kiya hot to ya galti nhi hoti,sarcastic
eeska to gand sutaii hoga 4 jun bad...,non-sarcastic
Par tum to bjp ke ho rolling_on_the_floor_laughing,non-sarcastic
guy's ---- aadneen aandhbhaakt h + ghaabd +jaaheel wonen skull,non-sarcastic
aaapko doubt hai.. aapna phone number dijiye.. aabhi doubt door kiye dete hai,sarcastic
Spider man cross_mark plat man check_mark_button face_with_tears_of_joy face_with_tears_of_joy,non-sarcastic
pehele paisa leke licence dena band karwao .... aadhe chapri rider kam jayengi sadak se people_hugging,sarcastic
ami tumake bhalo bashi,non_sarcastic
"friday night hai, beer piyo apne ansoo nahi.",non_sarcastic
भिंक मांगने गए हैं क्या face_with_tears_of_joy face_with_tears_of_joy face_with_tears_of_joy,sarcastic
"@Aman tujhe pata hai kya, Spotify playlist banane mein mujhe PhD mil sakti hai. Seriously pro ban gaya hoon yaar! 🎧🔥",non_sarcastic
jaya shree raama triangular_flag triangular_flag triangular_flag triangular_flag,non-sarcastic
Congress ki Jeet nhi hua ..bjp ki Jeet hua modi ji se lo fir paise face_with_tears_of_joy,sarcastic
vo sabka pyar pakar jita hai hindu nuslim se na jodo or rahi bat uske bayan se to galtiya sab karte hai chill,non-sarcastic
Proud to be Hindu triangular_flag triangular_flag triangular_flag fire fire fire,non-sarcastic
jay hind eendia eendia eendia eendia eendia eendia eendia eendia eendia eendia eendia,non-sarcastic
बाबा जी का थुलु मिलेगा face_with_tears_of_joy face_with_tears_of_joy face_with_tears_of_joy face_with_tears_of_joy,non-sarcastic
"These people are increasing rapidly. We Hindus have still not understood this, otherwise the day will not be far when they will make India an Islamic country. And some educated people nowadays think that these facts are wrong. Do some research on Google and see what is the condition of Tamil Nadu today.",non-sarcastic
Damn the trucker should have hit with bit more force face_with_tears_of_joy,sarcastic
tu kitee ghaana bolalaa re lavhadyaa tulaa tara naagadan karoona maaralan paahije,sarcastic
nautendew dar ki ma ki chhu,non-sarcastic
"Bharat jodo yatra trucks rent and salary still pending in lacks of rupees. Therefore first settlement has to be done on priority, then this!!!!!!!",non-sarcastic
Rahul gandi gorib lok ko gandi marega grinning_face_with_smiling_eyes grinning_face_with_smiling_eyes,sarcastic
aab aaajtak vale ko isko nikalna padega rolling_on_the_floor_laughing rolling_on_the_floor_laughing,sarcastic
"Bhai, girlfriend ne breakup kiya, ab toh dil ka king ban gaya! 😂 #S#*!Happens",sarcastic
na bap pe boj ladkiya angry_face,non-sarcastic
Do nothing + dar ki maa ki ch#t fire fire beaming_face_with_smiling_eyes,non-sarcastic
cross_mark cross_mark cross_mark cross_mark cross_mark cross_mark,non-sarcastic
enraged_face enraged_face enraged_face India India India I love my india India India,non-sarcastic
अबे बहिन के lounnde rolling_on_the_floor_laughing rolling_on_the_floor_laughing rolling_on_the_floor_laughing rolling_on_the_floor_laughing rolling_on_the_floor_laughing,sarcastic
Thk se chalti nahi bike dusro pe chilate ho chaprio,non-sarcastic
"umm bhai, just a correction. Unhone bola ki aap civil court nhi Jaa sakte aapko waqf board jakar rights claim karne honge jahan sare judiciary members bhi muslim community ke honge. I mean agar civil court jaa paate to shayad thodi property hame mil bhi sakti thi, but chuki waqf jaise 3rd class board ke pass power hai tabhi to hame bohot kuch prove karna padta hai aur tabh bhi property nhi milti :(",non-sarcastic
"niddle class ka card mat use kar jab video mein galiya de raha tha tab nai sujah teko ki mein middle class se hu kuch hogaya toh kaise handle karuga, le ab bhugat.",sarcastic
Kuch hinduyo ki jali hogi video dekh kar face_with_tears_of_joy face_with_tears_of_joy face_with_tears_of_joy,sarcastic
Heart touching video..... Superb... rolling_on_the_floor_laughing rolling_on_the_floor_laughing rolling_on_the_floor_laughing rolling_on_the_floor_laughing rolling_on_the_floor_laughing rolling_on_the_floor_laughing rolling_on_the_floor_laughing,sarcastic
bhai kaha hat laga raha hai,sarcastic
"Traffic jam mein stuck hoon, playlist bhi khatam ho gayi bc. Aaj din kharab hai! 🚗😤",non_sarcastic
zinda hu yar kafi hai,sarcastic
jao ghr... bhai wait kr rha hai,non-sarcastic
aura to aura aba kucha hinndoo isakaa pijavaa.daa bhee chaata lenge face_with_tears_of_joy,sarcastic
5 start Do Nothing Mountain Dew Bayaam vadulu Gelichi chudu Darki maa ki chuud what is this uncle,sarcastic
wahi muslim aurte to samje kese rahe rhi hai in logo se,sarcastic
Muslman kabhi Desh bhakt nhi ho sakta crying_face crying_face,sarcastic
nutthi marne ja raha tha mood kharab kar diya behnc#od,non-sarcastic
eeske khilaf koi kannoni mukdma ho sakta hai?,non-sarcastic
"ek to galti kar raha hai fir behas bhi, ghaziabad me hota to pela jata",sarcastic
Tera baap fire fire fire fire fire,non-sarcastic
Lady don cross_mark Lady Maderchod check_mark_button,non-sarcastic
totichor ka supporter bhi chir ho hoga face_with_tears_of_joy face_with_tears_of_joy face_with_tears_of_joy,sarcastic
hnn Bombay mein Tere Yogi ki gand mein uska buldozer Atka dete Hain face_with_tears_of_joy,sarcastic
Mountain dew der ki ma ki buriya rolling_on_the_floor_laughing rolling_on_the_floor_laughing,sarcastic
yhi condom apne bap ko pehnaya hota to aj ye din nhi dekhne milta,sarcastic
neta ji ka vision truly inspiring hai,non_sarcastic
main eka muslima allaaha hoo akabara,non-sarcastic
lavadyaa khichadee bhaata khaaoona gaanda daaboona gharaata basaayachan naa kashaalaa jhavate gaadhava angaavara ghetale too,sarcastic
"Laptop update ne kaha 2 min lagenge, aur 2 ghante baad bhi 90% pe atka hai. Honest af!⏳🙃",sarcastic
sabke najrome asli criminal tu hi hai be raising_hands,sarcastic
gravity gyi ma chudane aisi koi chiz he nahi hoti eyes,non-sarcastic
"superb again!! line mat kato kutton, ap qatar mein …",sarcastic
Hamre yaha yesahi hotahe check_mark_button rolling_on_the_floor_laughing cross_mark,non-sarcastic
tum logon ki transparency filter lagake aati hai,sarcastic
nujhe to chappal ki tension ho rahi hai kahi vo na gir jaye,non-sarcastic
sorry bhaiyo me up se hu up wale to mafi ke layak bhi nahi hn kuch hijdon ki wajah se aaaj puri up ko saram se bolne me kathnai ho rahi h,sarcastic
Welcome Lodge chi Akka.. rolling_on_the_floor_laughing rolling_on_the_floor_laughing,non-sarcastic
aisaa ni he| isako islaama kaa j~naana ni pataa|,non-sarcastic
"hee raanda he raanda,,, aataa parata inee sagalyaa prakaarache topalaa bhara kelee ghetalee asateela aata",sarcastic
Yeh to kidney touching vdo hh loudly_crying_face smiling_face_with_tear pleading_face,non-sarcastic
Kuch bhi bolo band fearless h,non-sarcastic
Muslims cross_mark bahen chod face_with_tears_of_joy face_with_tears_of_joy,sarcastic
iske bat pe aaaannkk thuuuj face_with_open_mouth,sarcastic
whatsup university se padha hai kya bhai badhi thodi hai ulta ghata hai don't trust dhruve rathe cross_mark,sarcastic
"Bc system hi chutiya hai, all support to you Bro raising_hands",sarcastic
pura system scam se bhara hua hai,sarcastic
"Even being a Muslim, I see this act a total shit. A disgrace to all of us. It's like stealing land of others. Aur konsa vo us sabse poor muslims ki madad hi krenge jo uska saath dia jae. Aur krenge bhi to bhi it's totally wrong. This should stop for real moai folded_hands",non-sarcastic
Chapri ban kro India me crying_face,sarcastic
or me apno beto bolunga ki tum bhi bolte rahna jabti jameen par par mandir bn gya face_with_tears_of_joy,sarcastic
tulaa kitee janaannee jhavoona taakalee aahe kunaasa thaaooka mhanoona aamachyaa devaalaa too asa bolata aahesa enraged_face,non-sarcastic
Apne aokat cross_mark cross_mark cross_mark enraged_face enraged_face p hi aa Gaye cross_mark enraged_face cross_mark enraged_face,sarcastic
sardarji behes mat karo chadha do ispe seedha fir wai boldena jo ye bola hai,non-sarcastic
face_with_tears_of_joy face_with_tears_of_joy face_with_tears_of_joy face_with_tears_of_joy khata khat khata khat,non-sarcastic
bhai ne gadi ne gadi me nahi pela bhai ne gadi me pel diya face_with_tears_of_joy,sarcastic
Tuze to rail me bhik mange ki saja milni chahiye face_with_tears_of_joy face_with_tears_of_joy face_with_tears_of_joy,sarcastic
Are 1 July ko aye ge apne aap..... check_mark_button,sarcastic
eeske chuu mai jada garmi hai .koi utrne wala nahi hai .,non-sarcastic
legend to last me uncle ko dekhege,sarcastic
saralta mein sachai,non_sarcastic
nc sali tayry jaisay log mar jay to acha h enraged_face enraged_face,sarcastic
मराठी audience on fire face_with_tears_of_joy face_with_tears_of_joy fire,non-sarcastic
fat gaya honga iske time condom,sarcastic
"kisaanon ko gaadiyon se kuchalaa,raama mandira nirmaana ke chakkara men raaste men pa.da rahe hajaaron mandira todaa dookaanon makaanon ko to.daa ayodhyaa vaasiyon ko muaavajaa naheen diyaa gayaa| ayodhyaa vaasiyon ne jo kiyaa sahee kiyaa",non-sarcastic
Me to mazak me bolta tha lod epe jhul Jaa ab to sahi me log khul rahe hai lod epe,sarcastic
yaheen kandoma pahana kara isake munha men denaa chaahie,sarcastic
bhench**d gali ka sahi jaga mil gai,non-sarcastic
vah didi vah din ma chudane gai,sarcastic
ab mai wait kar raha hu ki wo chota sa farmer ( vadra ) kab sucide karega :/,sarcastic
Sitting Chief minister ki baat chl rhi hai… tbb wo chief minister nhi tha,non_sarcastic
bolte rhega tu Tera baacha face_with_tears_of_joy face_with_tears_of_joy face_with_tears_of_joy,sarcastic
Yeh le mera moot kha dhand rathee,sarcastic
eendia eendia eendia eendia eendia eendia eendia eendia eendia eendia eendia eendia eendia eendia eendia eendia eendia eendia eendia eendia eendia eendia,non-sarcastic
o lakadi kyun padi ho jhad me........rest u known guys....... skull,sarcastic
Behnoi cross_mark Bhai check_mark_button check_mark_button .... face_with_tears_of_joy rolling_on_the_floor_laughing,non-sarcastic
face_with_tears_of_joy face_with_tears_of_joy face_with_tears_of_joy face_with_tears_of_joy याला boltat smiling_face_with_hearts बेअक्कल लोग....,sarcastic
Acha huwa bharat me nhi hai warna andhbhakt ise bhi face_with_tears_of_joy face_with_tears_of_joy face_with_tears_of_joy face_with_tears_of_joy face_with_tears_of_joy face_with_tears_of_joy,sarcastic
Hum tumhare pure khandan kimayya chod denge.sudhir face_with_tears_of_joy face_with_tears_of_joy face_with_tears_of_joy face_with_tears_of_joy face_with_tears_of_joy,non-sarcastic
Reel cross_mark tv serial darma slightly_smiling_face,non-sarcastic
Boys ses : Hut Motherchod face_with_tears_of_joy,non_sarcastic
sale chor unke bap ka hay kiya yea sab property,sarcastic
tuji bhi t ai yekti hoti n ghari tu kut jat asant,non-sarcastic
Modi check_mark_button check_mark_button check_mark_button check_mark_button check_mark_button check_mark_button check_mark_button check_mark_button,sarcastic
district level team achha manage kar rahi hai,non_sarcastic
Flash quit his job after this,sarcastic
"dhyan toh tum bhatka rahe the logo ka, kya hi jarurat thi ye sab karne ki, and ab jakar khud ko bachao, yaha video banane se kuch nahi honewala. you deserve it hundred_points",sarcastic
Jaise 2014 mein har ek insan ke khate mein 15 lakh aane the waise hi is bar 8500 har mahine sabke khate mein aayege.. khata khat khata khat face_with_tears_of_joy,sarcastic
Ala lala lala rolling_on_the_floor_laughing rolling_on_the_floor_laughing rolling_on_the_floor_laughing,non-sarcastic
"c'est horrible de voir ça. en france, vive la france, on ne trouvera jamais cette indifférence...",non_sarcastic
hee dhandyaa vaalee he ilaa phakta paakeestaana vaale yeoona jhavataata,non-sarcastic
kyuu bhai chamcho mil gye paise rolling_on_the_floor_laughing skull,sarcastic
tere kahane se kucha naheen hogaa jaya shree raama,non-sarcastic
tum log ho hi re madhar chod,sarcastic
ध्रुव राठी face_with_tears_of_joy face_with_tears_of_joy अब बोल rolling_on_the_floor_laughing rolling_on_the_floor_laughing,non-sarcastic
Do. Nothing cross_mark_button dar ke aage jeeth check_mark_button face_with_tears_of_joy face_with_tears_of_joy,non-sarcastic
hindu kuch donate nhi krte kya dan act establish krdo,sarcastic
Tatto ke chakkar mai sab जगह दबा रहा है face_with_tears_of_joy face_with_tears_of_joy face_with_tears_of_joy,non-sarcastic
rolling_on_the_floor_laughing rolling_on_the_floor_laughing rolling_on_the_floor_laughing rolling_on_the_floor_laughing rolling_on_the_floor_laughing rolling_on_the_floor_laughing,non-sarcastic
yaha loga paidaa karate jaaenge aura hamaaraa taiksa kaa paisaa aise hee baanta diyaa jaaegaa chanda voto ke khaatira,non-sarcastic
आरे छिनाल आहे ती पण 22 वर्ष शरद पवार सोबत होती तुमचं पण काही झाल आसण ना face_with_tears_of_joy face_with_tears_of_joy है सांग पाहिले रंडी साली face_with_tears_of_joy face_with_tears_of_joy,sarcastic
aasli hindu vo hai jo dharm ke nam par rajniti n kare,non-sarcastic
initial phase smoothly complete hua,non_sarcastic
gravity kaha gyi ? aare gravity gai m ne aisi koi chis hi nhi hai,sarcastic
naine vi suna mandir waha nahi bani ye such,non-sarcastic
konsa number chl rha h.. face_with_tears_of_joy,non-sarcastic
hichee laayakee aahe kaa prabhoo shree raama yaanchyaavishayee bolanyaachee,sarcastic
face_with_tears_of_joy face_with_tears_of_joy face_with_tears_of_joy face_with_tears_of_joy face_with_tears_of_joy face_with_tears_of_joy face_with_tears_of_joy face_with_tears_of_joy,non-sarcastic
Bhonkte raho koi parakh to nahi padne wala face_with_tears_of_joy,sarcastic
tujhee laayakee naahee aamachyaa devaavara bolanyaachee,sarcastic
sadhyaa yaa deshaata virodha karane mhanaje hukoomashahaa la virodha karane aahe,sarcastic
We r too happy for munawar smiling_face_with_heart-eyes smiling_face_with_heart-eyes clapping_hands clapping_hands,sarcastic
Fuck ye kaise hua slightly_frowning_face crying_face,non-sarcastic
saalaa ta.cksa apana.. crying_face bhare... raashana inako mile,non-sarcastic
face_with_tears_of_joy face_with_tears_of_joy face_with_tears_of_joy Muslim population badhne ke baad sab pele jaoge,sarcastic
Got admission in my dream university. Life mein finally kuch sahi ja raha hai! 🎓🥰,non_sarcastic
kuch padh likh lo age kam ayega folded_hands_light_skin_tone,sarcastic
dusman sirfh badr pa.nhi nera bhai main ap.ka.stha galat he karta rahu ga to ap mucha sa kitna pyar karo ge crying_face crying_face,non-sarcastic
fire fire fire ase to bap ki Kami ha jo ya pada ho gyi hai,sarcastic
Chicha bht saal se single hai ?,non-sarcastic
oesee chyaa khaalee padalelee raanda aahe too,sarcastic
Yeh log diet ka naam leke sirf salad ki photos dalte hain Insta pe. Peechhe pizza khaa rahe hote hain secretly.🥗🍕🤡,sarcastic
eesse lag raha hai main ladki hu. aaise dn's ate hai,sarcastic
Kyu gaand me ungli kr rha he apni face_with_tears_of_joy face_with_tears_of_joy,sarcastic
"Koi hai ,please can someone explain it for me thinking_face I didn't understand it person_pouting",non-sarcastic
thumbs_up thumbs_up thumbs_up thumbs_up thumbs_up thumbs_up thumbs_up,non-sarcastic
Jinda the is liye masjid hata diya abhi jay shree ram Jinda hai folded_hands,sarcastic
Heart touching cross_mark kidney touching check_mark_button,non-sarcastic
aarey sarkar to banane de! aadmin dalla hai!,sarcastic
gand diya aur paisa na mila ye tho ese hua,non-sarcastic
too kuchan ghantaa naheen kara sakataa baabara ke naajaayaja pille,non-sarcastic
BJP and Modi sleeping from 10 years,non-sarcastic
jo log u.p walo ko aisa kah rhe hai wo ake dekhe aur bole fir pata chal jayega k u.p wale kya yaha insta pe bhonkne se kya hoga ... face_with_open_mouth,sarcastic
Kyun ke ye dono sampadhak rishwat lete huwe pakdegayethe face_with_tears_of_joy tihadi RSS ka xerox Lund mu me leke ghoom ta hoga face_with_tears_of_joy face_with_tears_of_joy,sarcastic
Jay shree ram party_popper party_popper party_popper party_popper,non-sarcastic
ab waqt a gaya hai..isko bhi change karne ka,non-sarcastic
cross_mark face_with_tears_of_joy Moye moye face_with_tears_of_joy face_with_tears_of_joy,non-sarcastic
"dhruv rathi tera bap hai sudhansu, background aur graphic laga ke chutiya nahi bana",sarcastic
"No problem! Here's the information about the Mercedes CLR GTR: The Mercedes CLR GTR is a remarkable racing car celebrated for its outstanding performance and sleek design. Powder by a potent 6.0-liter V12 engine, it delivers over 600 horsepower. wrench Acceleration from 0 to 100km/h takes approximately 3.7 seconds, with a remarkable top speed surpassing 320km/h. 1st_place_medal Incorporation advanced aerodynamic features and cutting-edge stability technologies, the ClR GTR ensures exceptional stability and control, particularly during high-speed maneuvers. dashing_away Originally priced around $1.5 million, the Mercedes CLR GTR is considered one of the most exclusive and prestigious racing cars ever produced. money_bag It's limited production run of just five units adds to its rarity, making it highly sought after by racing enthusiasts and collectors worldwide",non-sarcastic
habibi come to #india moai eendia,non-sarcastic
pathhar be like ruk jata hu ap a jao,sarcastic
sare chor mill jao kuch nahi hoga,non-sarcastic
"he bhagwan, rakhaya kara triangular_flag triangular_flag triangular_flag triangular_flag",sarcastic
I am from punjab..... I support khalisthan....... But shame on these people who put our national flag in feet... And they disrespect to nationalism women... Veer our kartar singh Sarabha.. Bhagat singh.. Udham singh they all were sikh but they sacrifice their life for our this country.... When I saw ur video... U are terrorists not khalisthan and not indian.... Ur are,non-sarcastic
खाला का chutiya बना दिया face_with_tears_of_joy face_with_tears_of_joy face_with_tears_of_joy face_with_tears_of_joy,sarcastic
After this video German Shephered desperately seeking Germany citizenship face_with_tears_of_joy face_with_tears_of_joy face_with_tears_of_joy face_with_tears_of_joy,non-sarcastic
What BJP government is doing. Common BJP leaders solve this issue,non-sarcastic
nountain dew dar ke age jeet hai cross_mark_button mountain dew dar ki ma ki chod check_mark_button,sarcastic
500 kilometer prati ghanta Raftaar rolling_on_the_floor_laughing,non-sarcastic
एकापेक्षा एक कडक Comment आहेत rolling_on_the_floor_laughing rolling_on_the_floor_laughing,non-sarcastic
5 star khao sab bhul jao,sarcastic
German Shepherd for a reason face_with_tears_of_joy,non_sarcastic
Kasss m v kuch do sabad bol pata isko face_with_tears_of_joy face_with_tears_of_joy,non-sarcastic
tu rand ahes na mhanun as bolun rahli tu rand,sarcastic
Wait for 4 june waqf board will crying more than you think,sarcastic
News walo ki bhi gand jalne lagi hai face_with_tears_of_joy face_with_tears_of_joy face_with_tears_of_joy,sarcastic
",,,, enraged_face enraged_face enraged_face enraged_face enraged_face enraged_face enraged_face enraged_face",non-sarcastic
aaur do congress ko vote abhi bhi waqt hai saml jao,sarcastic
ekta kapoor mombatti leke dhund rhi hai tmhe,sarcastic
Dar ki man ki chut rolling_on_the_floor_laughing,non-sarcastic
Khata khat khata khat khata khat khata khat rolling_on_the_floor_laughing rolling_on_the_floor_laughing face_with_tears_of_joy face_with_tears_of_joy Modi ji jindabad BJP red_heart,non-sarcastic
dhruv tatti shayad ab chat gpt use nahi karta kya..,sarcastic
Lauda milegaa face_with_tears_of_joy face_with_tears_of_joy face_with_tears_of_joy face_with_tears_of_joy,sarcastic
aaise logo ko jaha mil jaye vahi pelo,sarcastic
hacker hai bhai hacker moai skull,non-sarcastic
We are ready to face orthodox Muslims terrorist?,non-sarcastic
nodi media nodi ke aya hai khoon karke nahin aya,non-sarcastic
78+ calls from Marvel Avengers.... From her running clapping_hands_light_skin_tone,non-sarcastic
Iss Rathi ko bolo kuch pd le phle...,sarcastic
Ho gayi na serial vali bato face_with_tears_of_joy face_with_tears_of_joy face_with_tears_of_joy sas bahu ka serial me esa hiata hai,sarcastic
hee kondoma phaatoona jhalyelee raandee aahe,sarcastic
This is Dhruv Rathi's father face_with_tears_of_joy,non-sarcastic
"Just started photography classes, already feeling pro vibes.📸🔥 #PassionProject",non_sarcastic
hi rojacheecha tivateeva laksha deoo nakaa.,non-sarcastic
Congress nikal le pfta pfta face_with_tears_of_joy face_with_tears_of_joy,sarcastic
face_with_tears_of_joy face_with_tears_of_joy face_with_tears_of_joy face_with_tears_of_joy face_with_tears_of_joy face_with_tears_of_joy face_with_tears_of_joy face_with_tears_of_joy face_with_tears_of_joy face_with_tears_of_joy face_with_tears_of_joy face_with_tears_of_joy face_with_tears_of_joy face_with_tears_of_joy face_with_tears_of_joy face_with_tears_of_joy zany_face zany_face zany_face zany_face zany_face winking_face_with_tongue winking_face_with_tongue winking_face_with_tongue winking_face_with_tongue bone bone bone,non-sarcastic
face_with_tears_of_joy face_with_tears_of_joy face_with_tears_of_joy face_with_tears_of_joy face_with_tears_of_joy face_with_tears_of_joy,non-sarcastic
tum jaise log ko rod pe dola dola kar marna chaye,non-sarcastic
"udyaa tulaa gaadeekhaalee chiradalyaavara aamhee pana ra.cpa banavato, chaalela kaa ? moorkhaa, kalatan kaa tulaa kashaavara content taakaayachaa aani kashaavara naahee te ? bhadavyaa jaraa taree sanvedanaa baalaga.. angaashee aalan kee garibee aathavate kaa ? shame on you.",sarcastic
ye lawdi pagal ho gayi hai yedi,sarcastic
face_with_tears_of_joy face_with_tears_of_joy face_with_tears_of_joy face_with_tears_of_joy face_with_tears_of_joy fire fire fire,non-sarcastic
aaare ti bhudvar pethet li ahe mi pahili ahe iala,non-sarcastic
bolega jarur bolega puri jankari to ane do eendia check_mark_button,non-sarcastic
ye kon hai re eske ma ka bharosha,sarcastic
Daar ki ma ki ch** face_with_tears_of_joy face_with_tears_of_joy,non-sarcastic
Launched my 🧑💻 #Startup today! Nervous but excited 🚀 #HustleMode,non_sarcastic
Star Plus kse Khol diye hm loudly_crying_face,non-sarcastic
modi ne nahi diya isiliye pappu ke pas aai he mangane face_with_tears_of_joy face_with_tears_of_joy,sarcastic
face_with_tears_of_joy face_with_tears_of_joy face_with_tears_of_joy face_with_tears_of_joy face_with_tears_of_joy face_with_tears_of_joy,non-sarcastic
He actually looks psycho and rap i St tbh!,non-sarcastic
aabe suwar ki oalad pig_face samne hota to suwar ki mot marta fire,sarcastic
Aur tu mulle ye bhi bolna tu kuch kar nhi paya face_with_tears_of_joy,sarcastic
Bolo jai shree ram folded_hands folded_hands,non-sarcastic
hayaa la़vadayaa laa pana jela madhye taakaa maadachoda laa enraged_face,non-sarcastic
"bete jab tumhre bap elvish yadav jeeta tha tu ye backchudi kaha gye the tere , jab ye bade bap jeete tu q pet me dard ho raha hai desh ki janta ko tere gyam ki zarurat nhi",sarcastic
pn mi mhanato daanaa taakoona ghodaa udoona ghyachaa chaa kashaalaa,non-sarcastic
Nowadays Waqfs are doing total scams.,non-sarcastic
face_with_tears_of_joy face_with_tears_of_joy face_with_tears_of_joy face_with_tears_of_joy face_with_tears_of_joy face_with_tears_of_joy,non-sarcastic
bhai ek dhandhe krne wali se kya hi ummeed laga sakte ho.,sarcastic
Bhai moai dangerous sigma hai rolling_on_the_floor_laughing,non-sarcastic
kaha soi hai sarkar.. clapping_hands clapping_hands,sarcastic
tu bhi marega owaisi ruk tera beta b ram ram bolega,sarcastic
rahul gandhi ki sarkar bnti toh milte,sarcastic
To bkl pathar dala hi kyu unamused_face skull_and_crossbones,sarcastic
ठीक है smiling_face_with_smiling_eyes जय श्री राम red_heart triangular_flag dizzy,non-sarcastic
nanipur ka bare mein kuch bolo... skull,non-sarcastic
newton ko biriyani khilaya tha shayad.. gravity hi mita diya bhai ne didi ke liye,sarcastic
"Kya masterpiece OTT show! 5 episodes in, still waiting for the plot 🍿🤡",sarcastic
dar ki ma ki chu*********t cross_mark dar gya tel lene check_mark_button,non-sarcastic
to ye tere chacha ne kiya hai ?,non_sarcastic
face_with_tears_of_joy face_with_tears_of_joy face_with_tears_of_joy chutiya ban gaya face_with_tears_of_joy face_with_tears_of_joy face_with_tears_of_joy,sarcastic
bc isliye ladkiyo ko kitchen mai rakhte the,sarcastic
pahli bat ye sab aurte bjp ki bheji hui hai check_mark_button dusri bat congress ki sarkar nahi bni hai and comment karne walo chutiyo thoda to dimagh lga liya kro ya sirf bakchodi karne ko de do,sarcastic
nautain deu dar ki maki chu*,non-sarcastic
15 laaka lene nahee gaye nange bhooke gareeba loga muhaphta me 5 kilo raashana nahee cho.date 1 laaka lene pahuncha gaye dooba naa mardo se saadee karake bachche paidaa karalo basa,sarcastic
Koi bhi galat comments karne se pahle soch lena mam media se hai face_with_tears_of_joy fire,non-sarcastic
"kyonko agar ye 100% bolenge to log sochenge ki ye jhooth bol rahe hain, isliye 99.99 lol",non_sarcastic
First sate of converting india to a mulsim country on paper,sarcastic
Serial wala acting ab reels me kab se aane laga bhai rolling_on_the_floor_laughing rolling_on_the_floor_laughing,non-sarcastic
kam aise karo sab milke galiya de skull skull skull,sarcastic
आयोध्या तो एक झांकी है काशी मथुरा अभी बाकी है trident_emblem angry_face_with_horns triangular_flag,non-sarcastic
Respect...salute to her ... India saluting_face saluting_face saluting_face,non-sarcastic
yedajhavee. konaachan aahe re he. konee kaadhoona sodalee hilaa laandyaanchee prodakta,non-sarcastic
Lakin Munwar Ko Modi Ji Ki place se hai ba Gujarat Se face_with_tears_of_joy,non-sarcastic
balaji takare ji ka bat hi kuch alge tha par ab shiv sanya me sab katma ha,non-sarcastic
kya yar insaniyat v nhi hai enraged_face,non-sarcastic
"sab rajkarani hijade hai, nehru pha.cmilee musalim the.inko behind bar kar dena chaahiye",sarcastic
burka pehnao se aur uske sath chali jao,sarcastic
5 star doing nothing----mountain dew daar ki ma ki chut-----this uncle___-------the cameraman deaf_person_medium_skin_tone shushing_face,sarcastic
Kyuki pappu ko bharosa tha hi nhi ki vo jitega rolling_on_the_floor_laughing isliye lambi lbmi fek ab chup gyee pappu ji face_with_tears_of_joy face_with_tears_of_joy,non-sarcastic
tu bhi ek hai kya uss mein se?,sarcastic
face_with_tears_of_joy face_with_tears_of_joy face_with_tears_of_joy face_with_tears_of_joy congress di bhain de lunn,sarcastic
Jai shree Ram red_heart red_heart red_heart red_heart red_heart,non-sarcastic
yha joh sb ke nam btya boh be sitting tha dog,non-sarcastic
fire fire fire fire fire fire fire fire fire fire fire fire,non-sarcastic
jab modi je bole the to ap kaha se,sarcastic
Waqf board ko hatana padega fire fire raising_hands raising_hands,non-sarcastic
Trekked Triund solo! Views + solitude = soul therapy 🏔️✨ #MountainMagic,non_sarcastic
Hijde hai up wale face_with_tears_of_joy face_with_tears_of_joy,sarcastic
guu rathi.... stray dog dog ...,sarcastic
ruko jara ab to gyanbapi ko bhi mandir banana hai ..kya bolte ho hindu bhayo,sarcastic
Ya wahi lachi aworat hai jo apna vote bech ke paysa lene aye hai khata khat khata khat face_with_tears_of_joy face_with_tears_of_joy face_with_tears_of_joy face_with_tears_of_joy face_with_tears_of_joy face_with_tears_of_joy face_with_tears_of_joy,sarcastic
Jel Se Aane Jane Ka Khel rolling_on_the_floor_laughing rolling_on_the_floor_laughing,non-sarcastic
Bhai music kya kamaal hai face_with_tears_of_joy face_with_tears_of_joy face_with_tears_of_joy,non-sarcastic
"Barish mein bike chalaayi, pura filmy scene ban gaya! 🌧️",non_sarcastic
Chadi gang sapadli face_with_tears_of_joy face_with_tears_of_joy face_with_tears_of_joy,sarcastic
Hichya gandit tiger bam vala face_with_tears_of_joy,non-sarcastic
skull skull skull skull skull skull red_heart red_heart red_heart,non-sarcastic
paayaavara kuraada maarane cross_mark kuraadee paaya maarane check_mark_button,non-sarcastic
rahul gandhi ne chunavi hava felai thi jo har neta aisa kerte hai,non-sarcastic
thanks bhagwan mujhe hindu banaya. clapping_hands clapping_hands,sarcastic
Transliterated_Comment,sarcasm_label
sirf hinduon ka dos mat do kuchh bjp ke neta bhi hijde hai,sarcastic
ये सब बिंदिया पहनने वाली मुस्लिम महिला है face_with_tears_of_joy face_with_tears_of_joy face_with_tears_of_joy,non-sarcastic
Up wale be like....ham he sabse bade madarchod h check_mark_button,sarcastic
tum jaise logo ki wajah se hi atankwadi paida hote he###,non-sarcastic
I like Nehru but this is his mistake.. hindu temple should be freed from government,non-sarcastic
Dhruv rathee chutiya hai yar bas bjp ko hi Target bullseye kar ke baida hai face_with_tears_of_joy face_with_tears_of_joy face_with_tears_of_joy face_with_tears_of_joy,sarcastic
Gand to Mardi babri ki face_with_tears_of_joy face_with_tears_of_joy face_with_tears_of_joy face_with_tears_of_joy face_with_tears_of_joy,non-sarcastic
Ling oar condom hi lagega face_with_tears_of_joy face_with_tears_of_joy q ki bhagwan jyada log paida kr rahe face_with_tears_of_joy face_with_tears_of_joy,sarcastic
Ye song sunke bohot hnsi aata h face_with_tears_of_joy face_with_tears_of_joy face_with_tears_of_joy,non-sarcastic
Munawar king crown green_heart Saudi_Arabia green_heart Saudi_Arabia,non-sarcastic
eese to samaj se hi bahiskrit kr dena chahiye,non-sarcastic
Ha bhai shi kha apne crying_face,non-sarcastic
"aja aja ab kaisa sharmana, dheere dheere se dil ko churana",non_sarcastic
sarakaara banee naheen aura godee midiyaa sabaala uthaane lage to 10saala me 150000laakha kaa savaala naheen uthaayaa yaha bhaarata kaa midiyaa,non-sarcastic
behen ke lavdee teri na chod deta mai waha hota tohhh jhanda hai woh mera samman meri shan hai eendia enraged_face,non-sarcastic
abki baar fir wahi haar,sarcastic
kothe p nangi krke nchwa denge,sarcastic
ye kya tarika hai bat karne ka sayad hawaldar hogi aur dimag pe bukhar chad gaya ishke,non-sarcastic
If udta teer g**nd main lena had a face,sarcastic
Gravity gyi maa chudwane face_with_tears_of_joy face_with_tears_of_joy,sarcastic
sanjaya raaoota ko jaadaa bhaava dene kee koee jaroorata naahee hai va paidaashee chuteeyaa hai,sarcastic
aab me kuch bolunga to vivad ho jayega,non-sarcastic
nadhya pradesh walon ko kamal khilane ke liye bahuta-bahuta dhanyvad sarkar development karegi nadhya pradesh ko,non-sarcastic
aise karane kaa matalaba hee kyaa thaa,non-sarcastic
bikh mago mile ga congress se,sarcastic
face_with_tears_of_joy face_with_tears_of_joy face_with_tears_of_joy face_with_tears_of_joy face_with_tears_of_joy face_with_tears_of_joy face_with_tears_of_joy face_with_tears_of_joy face_with_tears_of_joy face_with_tears_of_joy abe kya bkra h,sarcastic
Jay shri ram triangular_flag triangular_flag triangular_flag triangular_flag triangular_flag red_heart red_heart red_heart red_heart red_heart red_heart triangular_flag triangular_flag triangular_flag triangular_flag triangular_flag triangular_flag,non-sarcastic
Pel diya dhruv rathe ko face_with_tears_of_joy rolling_on_the_floor_laughing,non-sarcastic
ye khaalee sthaana hee hai enraged_face enraged_face,non-sarcastic
ye batli chahiye mujhe,sarcastic
"aakela bolunga to pela jaunga, where is my audience, apni bari agai",sarcastic
"rose bouquet rose So frds......... stop_sign మీరు టెన్త్, ఇంటర్, డిగ్రీ, బీటెక్,ఎంటెక్, ఎంబీఏ, డిప్లమా, పీజీ, ఫార్మసీ, ఇలా చాలా చేసి ఖాళీగా ఉన్నారా? face_with_diagonal_mouth face_with_diagonal_mouth airplane airplane అయితే మీకోసం ఒక మంచి వర్క్ అపర్చునిటీ globe_showing_Americas globe_showing_Americas Statue_of_Liberty Statue_of_Liberty MNC company lo laptop కావాలి అనుకుంటే, mobile_phone mobile_phone 9182096476/what'sapp msg cheyandi frds mobile_phone mobile_phone , enraged_face enraged_face Frds serious people's only timepass ki kaadhu జెన్యూన్ అపర్చునిటీ ఇది frds.. money_bag money_bag money_bag money_bag money_bag money_bag",non-sarcastic
5 star kuchh na karke dekho check_mark_button ek nansingh ji dar ki man ki chut check_mark_button,sarcastic
Koi kuch nahi bolega Flash Mom hai crying_face high_voltage,non-sarcastic
"Ye sala jerman Shepard ko yahan debate me lao, sala darpok face_with_tears_of_joy face_with_tears_of_joy",sarcastic
ye runde aise hi krti hai inko lafed dena chahiye,non-sarcastic
teri aulat bhi hai kya ?,non-sarcastic
Bhai Gravity kaha geya face_with_tears_of_joy face_with_tears_of_joy,non-sarcastic
eeska mtlb sabse bda dala #ehru tha,non-sarcastic
tum logo ki q jal rahi hai,sarcastic
Chup ke ja be chutye Anchor,sarcastic
ye apke writer ka reply tha.unhone accept kiya kiya hai aur kaha tha ki hata lenge,non_sarcastic
Bhaiyo gravity gayi ma ch*dane rolling_on_the_floor_laughing,non-sarcastic
sanjaya raava sobata tujhe laphadata kasaa chaalalaa,non-sarcastic
aabe tu chal aabe tu chal,non-sarcastic
Sab hijde nhi h up me bhi ram bhakt h crying_face,sarcastic
tum logon ka campaign storytelling se kam nahi,sarcastic
rolling_on_the_floor_laughing rolling_on_the_floor_laughing rolling_on_the_floor_laughing rolling_on_the_floor_laughing rolling_on_the_floor_laughing rolling_on_the_floor_laughing rolling_on_the_floor_laughing,non-sarcastic
"jhantu numbai ka dongri nhi ye gujrat ka dongri hai ,isme bhi dharm jod diya",non-sarcastic
sab mile hue hain ji,sarcastic
जेहादियों की अम्मा बहन को जो एक करदे वो सुधांशु त्रिवेदी face_with_tears_of_joy face_with_tears_of_joy check_mark_button check_mark_button fire fire,sarcastic
Thank God bacha liya ....... Hat's off to you folded_hands_light_skin_tone,non-sarcastic
dekh te hai sab accha hoga ram bharose bane ga to mandir hi,non-sarcastic
light ki speed ko takkar de di loudly_crying_face,non-sarcastic
ab dikha bhai inko apni aukat,sarcastic
bas kar ab druv rathi tu . kitni salary detehe rahul gandhi isko,sarcastic
rolling_on_the_floor_laughing rolling_on_the_floor_laughing rolling_on_the_floor_laughing rolling_on_the_floor_laughing rolling_on_the_floor_laughing rolling_on_the_floor_laughing rolling_on_the_floor_laughing,non-sarcastic
eendia barbad aise hi hoga ..pakka aise jehadi eendia me hai,sarcastic
Or karo barosa congress ko vote rolling_on_the_floor_laughing face_with_tears_of_joy,sarcastic
Sapne me smiling_face_with_smiling_eyes Jai Shree Ram triangular_flag,non-sarcastic
face_with_tears_of_joy face_with_tears_of_joy face_with_tears_of_joy face_with_tears_of_joy face_with_tears_of_joy face_with_tears_of_joy face_with_tears_of_joy triangular_flag triangular_flag triangular_flag triangular_flag triangular_flag triangular_flag triangular_flag,non-sarcastic
Bhai baccha to nakli tha... crying_face Aur ye gravity ka MKC...,sarcastic
Do din jail me rkho in madam ko inki language aur behaviour approach change hojayegi,sarcastic
enraged_face enraged_face enraged_face enraged_face enraged_face enraged_face enraged_face enraged_face enraged_face,non-sarcastic
Har har Mahadev clapping_hands clapping_hands clapping_hands clapping_hands clapping_hands clapping_hands clapping_hands,non-sarcastic
"ye chaudhary wahi h jo tihad me chakki peesa tha, jb ye tihade tha tb iske sath atankiyo se dosti ho gyi thi.. ye un atankio ko funding krta h",non-sarcastic
उसकी सरकार बनते ही पैसे गायब हो जाएंगे खटाखट खटाखट face_with_tears_of_joy face_with_tears_of_joy,sarcastic
fir ka paisa hai congress walo ka? jo aise free me dete chal rahe? sarkar inki banti to paise ye khud ke pocket se dete ya jannta ko lut ke dete raising_hands,sarcastic
जय श्री राम folded_hands hindu_temple triangular_flag,non-sarcastic
raanda baajaaraatalee too tulaa kaaya bolanaara hajaara janaansobata jhopoona ithaparyanta pochalee too laayakee aahe kaaya tujhee,sarcastic
Ya pori bigadlyalach ahetch pan Tumhi sudha hach content bagayala yeta na?yachasati Tumhi ha group subscribe kela . Thoda sa cleavage chya photo var Khush hovun reply deta . ANI ata ya porila chinal mhanta. Mulat apan ch Asha lokana encourage karto . Apanch hypocrisy karto .,sarcastic
Jay shree ram hindu_temple hindu_temple hindu_temple triangular_flag triangular_flag,non-sarcastic
eeski to badi durdasha hogi jay shri ram,non-sarcastic
ha re nahi bola tha me tere .ma ko usne hai bole muje bhi pel mere bete ko bhi pel kya karu hogi gadari face_with_tears_of_joy fire,non-sarcastic
तुझ्या सारखी न्ह होती ते face_with_tears_of_joy,non-sarcastic
Only legend know about this check_mark_button four_leaf_clover fire,non-sarcastic
kabhi soch kar dekhna ki ham khalistan ki mang kyun kar rehe hain kyunki jab pakistan batta to sarkar ne wada ki tha ki woh sikh logono ko sikhistan denge par ono ne to punjab ke bhi tukare kar diye isliye gali dene achi bat nhi hai sare hindu muslim sikh isai sare hain hum bhai bhai 1984 ka hataya kand had per himchal mein jo ek sikh truck driver ko mardala voh to pls comment acha krna gali mat dena,non-sarcastic
Hazam ni ho jaa raha hai godi media ko face_with_tears_of_joy face_with_tears_of_joy,non-sarcastic
iske pss lund hi nhi hai isliye nhi bta rha face_with_tears_of_joy,non-sarcastic
Gravity gyi maa c***ane face_with_tears_of_joy face_with_tears_of_joy face_with_tears_of_joy,sarcastic
aaaj kal jitne bhi teaser trailer #youtube pr record tod rhe hai sb #jio ki meharbani hai,non_sarcastic
brobr ahe n ram mandir ch nirman zal tr yanchi ata jdnarchn rav,non-sarcastic
Opin nhi krni bas bulldozer chalwane hai inke upar face_with_tears_of_joy face_with_tears_of_joy face_with_tears_of_joy face_with_tears_of_joy,sarcastic
"mana to meraa bhee bahuta kucha likhane ko karataa hai , para gharavaalo ne saapha kaha diyaa hai kee vo jamaanata naheen karavaaenge , basa iseelie jyaadaa kucha naheen likha rahaa hoo | parantu maamale kee ganbheerataa ko dekhate hue men bhee kamenta karane aayaa thaa lekina yahaan pahale se hee aapa sabhee ne morchaa sanbhaala rakhaa hai isalie men vaapasa jaa rahaa hoon| beaming_face_with_smiling_eyes face_with_tears_of_joy yahee saba dekhane ke lie to main richaarja karavaataa hoon face_with_tears_of_joy face_with_tears_of_joy",non-sarcastic
tu konchi aashi panyan dhutleli ahe,non-sarcastic
Mounten dew dar ki maa ki chut skull face_with_tears_of_joy,non-sarcastic
Itna confidence chahiye bs face_with_tears_of_joy face_with_tears_of_joy face_with_tears_of_joy face_with_tears_of_joy,non-sarcastic
bhai nahi ho payega.... opposition khel gyi caste me bat diya hinduo ko.... nuslim atleast pakke oonited hai,non-sarcastic
kahaan se aatee hai ye auraten|,non-sarcastic
nountain dew dar ki ma ki choot 100x skull,non-sarcastic
ees bat par to mei bhi bolonga ee love bhudha,non-sarcastic
Bina condum se khelna ka natija hai ye face_with_tears_of_joy face_with_tears_of_joy face_with_tears_of_joy face_with_tears_of_joy face_with_tears_of_joy,non-sarcastic
3rd largest raising_hands Itna kaafi hai Wake up stay together raised_fist triangular_flag,non-sarcastic
face_with_tears_of_joy face_with_tears_of_joy face_with_tears_of_joy face_with_tears_of_joy face_with_tears_of_joy face_with_tears_of_joy,non-sarcastic
Gravity ki khoj isi ne ki thi check_mark_button,non-sarcastic
hum bhi apne baccho ko batate rahenge ki ye hamara mandir hai babar ne hamara mandir todd ke masjid banaya tha. par ram ji ke age kiski chalti hai to beta isss mandir ke bare mai tumhare bacche ko b batao,sarcastic
response time improve hua hai,non_sarcastic
nodi ji kyu kuch nahi kar rahe check_mark_button dhruv rathe cross_mark_button,non-sarcastic
hum katter hindu hai ur rahenge,non-sarcastic
ye sab congress wala ka jal hai...,non-sarcastic
bhai elan hoo gya h 31 february 2025 me aarjun aword se jammanit kiya jayega check_mark_button,non-sarcastic
I am unfollow you because your mistake brother,non-sarcastic
Chicha ka middle name jahil haii face_with_tears_of_joy face_with_tears_of_joy,non-sarcastic
Me to bolta hu mullo ko nikalo yaha se pakista bhejo face_with_tears_of_joy,sarcastic
har chiz ko hindu muslim se jodte rehta,non-sarcastic
dusre ke land se mutne wala ...insan ..... andhabhakt face_with_tears_of_joy face_with_tears_of_joy face_with_tears_of_joy face_with_tears_of_joy,sarcastic
"Kuch ladke Tinder bio mein height aise likhte hain jaise koi Olympic selection ho raha ho. Relax bro, date karni hai basketball nahi khelna! 🏀😅",sarcastic
2012 me chief minister the Shelia dikshit,non-sarcastic
shevatee hee baaee aahe.. hilaa vaaeeta boloona aapala tonda kaa kharaaba karaayachan.. hilaa ekacha shikshaa hindoone hilaa mata dyaayachan naahee.. sahamata asanaara tara leeke karaa,non-sarcastic
Gravity ki maa chod di rolling_on_the_floor_laughing rolling_on_the_floor_laughing rolling_on_the_floor_laughing,non-sarcastic
Jay Jay Shree Ram red_heart red_heart red_heart,non-sarcastic
tyaa divashee medikala chaaloo asate tara hi aulaada paidaa jhaalee nasatee crying_face,non-sarcastic
laj vatli pahije politics sati kiti ghan bolnar,non-sarcastic
Jai jai jai sree ram clapping_hands clapping_hands raising_hands raising_hands raising_hands fire fire fire,non-sarcastic
Kisi Ko Khush mat hone dena face_with_tears_of_joy face_with_tears_of_joy,sarcastic
What if there is debate between sudhanshu ji vs dhruv rathi ------------------>,non-sarcastic
isa la.dakee ke nikalaa ke 50 jeete marane vaalaa hotaa koee isakaa dimaaga thikaane aa jaataa,sarcastic
Heat touching video cross_mark Kidney touching video check_mark_button,sarcastic
han ek pe ek daru bahot achhi cheez hai. happy hours!,sarcastic
ye galat hai fasi par chada do inhe desh ka samman nhi matlab kisi ka nhi,non-sarcastic
PHYSICS...BE LIKE ........TOR MAI KE CHODO grinning_face_with_sweat grinning_face_with_sweat,sarcastic
bike wale ki nan ki chut bahan ka lauda aaankhon nein land fasa kar chal raha tha kya,sarcastic
kuch nhi dene wala ye rahul gandhi face_with_tears_of_joy,non-sarcastic
I think we are known about getting fucked even though each other better now I have to be in touch namaste I am in office department_store office_building I am in a office department_store namaste namaste I am going for dinner fork_and_knife_with_plate grinning_face grinning_face_with_sweat namaste I will be in a meeting in ...,non-sarcastic
Main itna berojgar Hun ki yah video bhi pura dekh liya grinning_face_with_sweat face_with_tears_of_joy face_with_tears_of_joy,non-sarcastic
tujhyaa saarakhe navhate ga te tulaa savaya aahe tonda maaraayachee bhikaaree ...,sarcastic
kuch punjabi ki wahja se sare punjab ko kuy pareshani me dal rahe ho.,non-sarcastic
ye kandoma agara isakaa baapa samaya se pahana letaa.....to shaayada ye dogalee paidaa naheen hotee,sarcastic
q bhai ye desh sirf dhruv rathee ka hi hai kya...?,sarcastic
"Took It Seriously, Sad for Him",non-sarcastic
"Ye to kanoon ne Puri maaa ch rakhi hai , hum ladko ka kuch nhi bacha is bereham sansaar me ab yaha se kahi aur konch kerna padega face_with_tears_of_joy face_with_tears_of_joy face_with_tears_of_joy",sarcastic
Bs itna confidence chahea life me,non-sarcastic
face_with_tears_of_joy face_with_tears_of_joy face_with_tears_of_joy face_with_tears_of_joy face_with_tears_of_joy face_with_tears_of_joy face_with_tears_of_joy face_with_tears_of_joy doheke baj rahul.gandhi face_with_tears_of_joy face_with_tears_of_joy face_with_tears_of_joy face_with_tears_of_joy face_with_tears_of_joy,non-sarcastic
Transliterated_Comment,sarcasm_label
તારી મા જોરે પન તુજ સૂઈ જજે લૂખા enraged_face,non-sarcastic
बहन चोद बहन चोद face_with_tears_of_joy fire fire check_mark_button,non-sarcastic
Day... I see Moon But Yamraj Coming soon rolling_on_the_floor_laughing,non-sarcastic
Congress me khali musalman hi nazar aata check_mark_button check_mark_button check_mark_button check_mark_button face_with_tears_of_joy face_with_tears_of_joy face_with_tears_of_joy,sarcastic
tu maana kivvaa naa maana tujee gaanda mhaataaree jhaalee gapa pada kee jaraa enraged_face face_with_symbols_on_mouth,non-sarcastic
"hee kharee shurpanakhaa , pana tilaa raama aavadata hotaa, kharan raamaayana ghadale tithunacha",non-sarcastic
saba laalachee hain modee jee ne itanaa kiyaa lekina inako to pesai chaahie,sarcastic
face_with_tears_of_joy face_with_tears_of_joy face_with_tears_of_joy face_with_tears_of_joy face_with_tears_of_joy face_with_tears_of_joy face_with_tears_of_joy face_with_tears_of_joy,non-sarcastic
O bhan chod yaha too mot ka khal ho rha ha face_with_tears_of_joy fire check_mark_button cross_mark,sarcastic
Koi inko Economics padha de person_facepalming_light_skin_tone,sarcastic
Tum aapnne bacche ko batana or humare bacche use Aurangzeb ke jaise marte rahenge,sarcastic
Such people are responsible for hindu muslim tensions ...shame,non-sarcastic
खटखट खटाखट zany_face rolling_on_the_floor_laughing zany_face rolling_on_the_floor_laughing zany_face zany_face,non-sarcastic
eenki amma ka bura chodu yrr izzat karo flag ki crying_face,non-sarcastic
garibon ko batao sarkar paise dene wale ki nahin paise lootane wale ki bani hai,sarcastic
har promise ek emotional speech ke saath aata hai,sarcastic
𝙷𝚎 𝚙𝚛𝚊𝚋𝚑𝚞 𝚔𝚊𝚑𝚊 𝚑𝚘 𝚍𝚑𝚊𝚛𝚝𝚒 𝚔𝚑𝚊𝚝𝚛𝚎𝚖𝚎 𝚑𝚎,non-sarcastic
aalbert newton gak punya harga diri d india,non-sarcastic
सगळ्यांनी ठोकून घेतलेले दिसते face_with_tears_of_joy face_with_tears_of_joy face_with_tears_of_joy face_with_tears_of_joy,non-sarcastic
Chudwale maa builder se ab jaake face_with_tears_of_joy face_with_tears_of_joy face_with_tears_of_joy face_with_tears_of_joy,sarcastic
bjp ane do triangular_flag triangular_flag triangular_flag triangular_flag triangular_flag sab aye ge propartee,sarcastic
clown_face Hindus hate om Hindus = Muslim Democracy Zindabad face_with_tears_of_joy,sarcastic
ek aur revolutionary plan jo kabhi launch nahi hua,sarcastic
Tichy puchit landay cha land Gela aahe tay mule hi aasi bolate sodun day randi ahe face_with_tears_of_joy,non-sarcastic
lu kya abhi action face_with_tears_of_joy face_with_tears_of_joy,non-sarcastic
crying_face Respect for her India red_heart,non-sarcastic
German Shepherd person_walking ram ram ram,non-sarcastic
The confidence that I need in my life moai,non-sarcastic
Abe chal na l face_with_open_mouth face_with_open_mouth de,non-sarcastic
bhai inko kuch mat bolna kiyu ki ye to sabhi opponent party ka pura history khol denge,non-sarcastic
ye kewal west bengal me hi hag sakte hai uske bahar to hum muta denge inhe fire,sarcastic
Karo karo khub karo face_with_tears_of_joy face_with_tears_of_joy face_with_tears_of_joy,non-sarcastic
"soch., achhi batein karni hi nahi chahiye",sarcastic
sushamaa tujee aaee chaugaankadoona hamane tumako kelee mhanoona tu janmaalaa aalisa,non-sarcastic
"Friend ne IIT crack kiya, ab toh life set hai yaar! 🔥",non_sarcastic
jarmana shepharda sooara hai| jo samajhaa vo laaika karo face_with_tears_of_joy,non-sarcastic
Burke wali hai sabse jayada esme face_with_tears_of_joy bhikhari,non-sarcastic
eendia eendia eendia eendia eendia eendia eendia,non-sarcastic
crying_face crying_face enraged_face enraged_face India India India India,non-sarcastic
Eat 5 star do nothing face_with_tears_of_joy,non-sarcastic
bhai samne se pelne ki bat kr rhi hain wo pil lete yaha bhi waha bhi... eetta zid kr rhi chale jate raising_hands,non-sarcastic
vakpha borda hataanaa hai to bee je pee 400 paara laaye triangular_flag,non-sarcastic
I was waiting for his legs to get...... Yeah skull,non-sarcastic
ᴩʀᴏᴜᴅ ᴛᴏ ʙᴇ ꜱᴀɴᴀᴛᴀɴɪ ᴅʜᴀʀᴍ triangular_flag,non-sarcastic
Congress ka itna aukat nhi h thaka thak Paisa de wo safa chat ho gya or ek din BJP join v krega check_mark_button,sarcastic
I mean what the reason for adding religion,non-sarcastic
Gravity गई माँ चुदाने ऐसी कोई चीज़ ही नहीं होती face_with_tears_of_joy face_with_tears_of_joy face_with_tears_of_joy,non-sarcastic
tu hai kon bay rendi ki aulat,sarcastic
German shepherd barking while sitting in another country,sarcastic
bhakt bano unbhakt nahin nodi to bola tha 15 lakh degi kab dega teesri bar bhi toh ho gaya sarkar kab degi,sarcastic
dhuru rathee ke kitne bap skull moai moai skull skull,non-sarcastic
Us rat iska baap so jata to acha tha,sarcastic
tum to mujra hi dekho fir face_with_tears_of_joy,sarcastic
humre hindu me te..khoon ki chhoto..kisi anjan ko bhi behen bolde to uske sath vo rishta life time nibhate hai..,non-sarcastic
Iska to sar dhaar se allag kr dena chahiye fire fire fire fire fire face_with_symbols_on_mouth,sarcastic
Dadi’s 80th birthday—family reunion after 5 years 😭❤️ #FamilyFirst,non_sarcastic
Pappu ne uulu banaya bara maja aaya face_with_tears_of_joy face_with_tears_of_joy face_with_tears_of_joy face_with_tears_of_joy,sarcastic
1 lakh rupiya cross_mark lod* lelo mera check_mark_button,sarcastic
aa sab tere jija hai jo sasurar me the,non-sarcastic
fire fire fire red_heart red_heart red_heart,non-sarcastic
"Shame on you , because he won so your saying this and all",non-sarcastic
sale..kutte kitne rupees k packet nila tujhe ye bakchodi krne ka,sarcastic
Heads off to videographer moai check_mark_button,non-sarcastic
kyaa bolate ho ho jaaye dhruva rathee vs sudhaanshu trivedee fire fire,non-sarcastic
Jali na eski bhi jali na face_with_tears_of_joy face_with_tears_of_joy face_with_tears_of_joy,sarcastic
If those guys have balls ..do such a rally in pakistan..none of them will be alive anymore face_with_tears_of_joy,sarcastic
nountain aur 5star tum dono ki ma chuti,sarcastic
Computer desktop_computer cross_mark_button cross_mark_button sudhanshu jiiii red_heart red_heart red_heart check_mark_button check_mark_button,non-sarcastic
face_with_tears_of_joy face_with_tears_of_joy face_with_tears_of_joy face_with_tears_of_joy face_with_tears_of_joy face_with_tears_of_joy face_with_tears_of_joy face_with_tears_of_joy face_with_tears_of_joy face_with_tears_of_joy,non-sarcastic
koi wada pura nahi hoga bhai agar 1 lakhe rs dediye to pure desh ki economy hlgur jaye gi face_with_tears_of_joy,non-sarcastic
Bas inhi harkato ki wajah se bjp jeet rahi hai muulo ki party face_with_tears_of_joy,sarcastic
raising_hands raising_hands raising_hands raising_hands raising_hands yogi apki jai ho clapping_hands,sarcastic
yaa gaanda tu.davaaya binaa naheen maanoge,non-sarcastic
Jali na tumhari bhi jali na face_with_tears_of_joy face_with_tears_of_joy face_with_tears_of_joy face_with_tears_of_joy hahahahaahhahh,sarcastic
jaya shreeraama triangular_flag triangular_flag triangular_flag triangular_flag triangular_flag triangular_flag triangular_flag triangular_flag triangular_flag triangular_flag triangular_flag triangular_flag triangular_flag triangular_flag triangular_flag triangular_flag triangular_flag triangular_flag triangular_flag triangular_flag triangular_flag triangular_flag triangular_flag triangular_flag triangular_flag triangular_flag triangular_flag triangular_flag triangular_flag triangular_flag triangular_flag triangular_flag triangular_flag triangular_flag triangular_flag triangular_flag triangular_flag triangular_flag triangular_flag,non-sarcastic
aaga tulaa kaaya hindooche devee devataa kalanaara,non-sarcastic
Os dosre adme KO lat marde Bhai smiling_face_with_hearts,non-sarcastic
shiv lahanpan karna ata kya re tumhare ko,sarcastic
Ab nhi rehega madam check_mark_button face_with_tears_of_joy triangular_flag triangular_flag fire,sarcastic
sare mulle aaatankvadi line me lag gye,sarcastic
yes man but apna gujara nahi hai is chalak dunia mein,sarcastic
"Zomato se aaj khana late aaya, but compensation mein coupon mil gaya. Customer service OP hai! 🍔👌",non_sarcastic
bhai main apni knowledge ko batna cahta hu bas,non-sarcastic
eeslam jinda bad inklab jindabad jay bhim jai mim ye sahi he to ye jo bol rahe he bo bhi sahi he crying_face,sarcastic
pata nahi nehru ka kiya kachra kabtak sametna padega,non-sarcastic
Jay shree Ram folded_hands triangular_flag triangular_flag,non-sarcastic
Dar k mar na jaye kahi face_with_tears_of_joy,non-sarcastic
bhai sab ko na bolo yar hum to bjp ke sath hai humeha,sarcastic
Heart touching cross_mark Lounges touching check_mark_button face_with_tears_of_joy,non-sarcastic
ab toh slogan bhi rhyming mein aate hain,sarcastic
tnc chi rakhel asel randi sali,sarcastic
तु पण ङाळ घालून घोङ ऊङवून घेतलास कशाला मधी आई घालायची face_with_tears_of_joy face_with_tears_of_joy,sarcastic
fire fire fire fire fire fire fire,non-sarcastic
every scheme now comes with a musical trailer,sarcastic
Obstacles are scared of his leg cat_with_tears_of_joy,non-sarcastic
hindu hi hinduo k patan ka karan hai...,sarcastic
fire fire fire fire fire fire fire,non-sarcastic
face_with_tears_of_joy face_with_tears_of_joy face_with_tears_of_joy face_with_tears_of_joy face_with_tears_of_joy face_with_tears_of_joy,non-sarcastic
Bhai rehne Dhruv abhi baccha hai isle samne jitna science ye Janta hai naa utna Janne Mai usko 7 Janam lag jayenge rolling_on_the_floor_laughing rolling_on_the_floor_laughing,non-sarcastic
lag to gb road ki rahi h skull,sarcastic
Ese hindus mar ku ni jaate face_with_symbols_on_mouth,non-sarcastic
kya gazab ka scheme hai,sarcastic
Yedzavya pori hyancha mendu gudghyat ahe kharay face_with_tears_of_joy face_with_tears_of_joy face_with_tears_of_joy face_with_tears_of_joy,non-sarcastic
Aapke aallha ki aalli kaha he face_with_tears_of_joy,non-sarcastic
aabe e sala padhayi kaha kiya hai yar......,sarcastic
What a kidney touching video smiling_face,sarcastic
Ye bhi bata na ke Tu kucha nahi ukhad sake face_with_tears_of_joy face_with_tears_of_joy face_with_tears_of_joy face_with_tears_of_joy,sarcastic
ye wo madhrchod insan h jis desh ki khate h us ko hi bdnam krte h in logo ki wajah se hi puri sikh jati bdnam ho rahi h,non-sarcastic
randi ki olad. check_mark_button check_mark_button check_mark_button,non-sarcastic
He basically wants to say people stayin in Dongri are terrorist . Dongri people should do a case on him,non-sarcastic
"hi, ee am a writer. hafte bhar se ghar par pani nahi aya hai, aur dadaji ka jhola lekar ghum raha hu, koi vada pav khila do.",non_sarcastic
It should be banned prohibited or it should be cancelled triangular_flag India,non-sarcastic
Eat mountain dew do nothing moai,non-sarcastic
face_with_tears_of_joy reel video banane ke liye gravity ka time break,non-sarcastic
"Insta influencers: ‘Live simply!’ Meanwhile, their Maldives trip 📍✈️ #Relatable",sarcastic
"bhaaee bilakula sahee, aura eka baata ye pooraa brahmaanda bhee shivalinga ke roopa main hee hai magara apanee hee maan betee ko bhoga kee vastu samajhane vaale ko kyaa pataa rolling_on_the_floor_laughing fire",non-sarcastic
stop_sign stop_sign stop_sign stop_sign modee aaegaa vakpha borda ko hataaegaa,non-sarcastic
Bro kaha se late ho ase naam dhund kr face_with_tears_of_joy face_with_tears_of_joy,sarcastic
"Isme, physics kaha gayi ab.... thinking_face thinking_face",non-sarcastic
Google ke samne Mughals ki aulade Muh n khole check_mark_button folded_hands_light_skin_tone smiling_face_with_horns,sarcastic
Babar ki aulade Pakistan gayee thi... Ye waps kab lauti face_with_tears_of_joy,sarcastic
where is your high level judgment now are you hidden in the hole or got money from someone.,sarcastic
Yh Galt hai Desh k India ka apmaan hai enraged_face enraged_face enraged_face enraged_face,non-sarcastic
rolling_on_the_floor_laughing rolling_on_the_floor_laughing rolling_on_the_floor_laughing rolling_on_the_floor_laughing rolling_on_the_floor_laughing rolling_on_the_floor_laughing loudly_crying_face loudly_crying_face,non-sarcastic
eka dama sahee hai hamaare ... lokapriya mukhyamantree aadityanaatha yogijee fire ..... jaya shree raama triangular_flag triangular_flag,sarcastic
sabka sath sabka bikas th congress ne kiya tha ye gandu modi sab sath abhi tak nhi kiya,sarcastic
le bhai mut diya tera study per face_with_tears_of_joy face_with_tears_of_joy face_with_tears_of_joy,sarcastic
hila na hicha bochat na talvar ghala like kar,non-sarcastic
He's being honest about their cheap intention,sarcastic
dhurv rathi ma chusane gya hai,non-sarcastic
execution report ek poetry ban gayi hai,sarcastic
face_with_tears_of_joy face_with_tears_of_joy face_with_tears_of_joy face_with_tears_of_joy face_with_tears_of_joy face_with_tears_of_joy face_with_tears_of_joy face_with_tears_of_joy face_with_tears_of_joy face_with_tears_of_joy,non-sarcastic
ee can hear this.....aaee lakdi kyun padi hai zad mein,sarcastic
yar confess karte ho ya torture . . . itna bada bada confession,sarcastic
Itna toh ladkiya ni katti jitna Congress ne inn aunty ka kata h face_with_tears_of_joy face_with_tears_of_joy face_with_tears_of_joy face_with_tears_of_joy face_with_tears_of_joy,sarcastic
har step documented tha,non_sarcastic
sab kuch mita denge cross_mark ap mujhe mita denge check_mark_button,sarcastic
ye media cmhutiya hay sab jante hay,sarcastic
bs kr bhai tu q aashanti faila rha hai crying_face,non-sarcastic
Iss video ko dekh ke flushed_face mere kidney me heart atack ho gya exploding_head,non-sarcastic
tumhari scheme se toh mars bhi jealous ho gaya,sarcastic
hamare to jandhan khata hai aur aasian card bani hamari mein to nahin ati hai paisa ham log to mehnat kar kar ke jhadu pahuncha kar karke thak ja rahi hai hamari rahane ki ghar bhi nahin hai hamara kuchh bhi nahin hai aur hamari to koi support nahin karti na hamari video bhi viral ho rahi hai na hamari koi koi pardes mein pade hue hain to ham log garib adami ko to sarkar to nahin sun rahe vaise sarkar vote to mang lete sarkar election jeet gai hai khushi ki bat hai humko bahut khushi hua ham ro rahe the nagar,sarcastic
bharat k i sambidhan ko badlna padega modi ji ko,non-sarcastic
tu samjav nag tuja ikel tou,non-sarcastic
Google who?? Ask sudhanshu Trivedi moai,non-sarcastic
"kala milane nahee aaee re too...? bole the naa kee, puraanee masjida ke peeche milenge aise...!isako bhee laanaa aba saatha men... smiling_face_with_heart-eyes",non-sarcastic
jitna gyan hoga utna hi to pelega!!!,sarcastic
ab har plan ke sath launch event fix hai,sarcastic
thode time aur lagta bachha mar jata .. bahut badhiya kiya pleading_face pleading_face,sarcastic
tu tamasaha dekh mulle ab khali tamasha sabb tutega,sarcastic
"usa dina, 1975 mohammada ghoree choree karane bhaarata naheen aataa, to ye bhee paidaa naheen hotaa|",non-sarcastic
Are bhai isne jeet liya tou ab gand jalna lgi face_with_tears_of_joy,sarcastic
gand me dam ni or hum kisi se kam ni,sarcastic
"content pe focus zyada tha, context pe kam",sarcastic
Dhruv ratee cross_mark lavde ratee check_mark_button,non-sarcastic
tmc na nahi ya bjp itcell ka post hai pura jankari lo,non-sarcastic
nountain dew : dar ki ma ki jhut skull skull 5 star : do nothing,non-sarcastic
Jai Shree ram fire fire fire fire fire fire India trident_emblem triangular_flag crossed_swords,non-sarcastic
Heart touching cross_mark kidney touching check_mark_button crying_face loudly_crying_face,non-sarcastic
aaisi news modi ki time kyu nahi banayi thi jab modi ne wada kya tha enraged_face enraged_face,sarcastic
"Not a dhruv rathee fan but bhai facts check karke aa , aaj tk koi sitting cm jail nhi gya",non-sarcastic
rolling_on_the_floor_laughing rolling_on_the_floor_laughing rolling_on_the_floor_laughing rolling_on_the_floor_laughing rolling_on_the_floor_laughing rolling_on_the_floor_laughing rolling_on_the_floor_laughing,non-sarcastic
Transliterated_Comment,sarcasm_label
"kucha hindoo hija.do ko samajha nahee aaegaa,,, apanee maan bahana ko mullo ke paasa bheja do folded_hands folded_hands triangular_flag jaya jaya shree raama triangular_flag",sarcastic
wo kuch bhi bhonke lekin sacchai yahi hai ki bhagwan ram ka mandir ban gaya. jai shri ram,non-sarcastic
"Aaj ghar pe biryani bani hai, saare problems ka solution mil gaya ekdum!🍛😍 #Foodie",non_sarcastic
Arre iski jal gyi face_with_tears_of_joy face_with_tears_of_joy face_with_tears_of_joy face_with_tears_of_joy,non-sarcastic
eendia eendia eendia eendia eendia eendia hum tujhse bahut pyar karte he tirange tu hamare dilo me he bahut taklif hui ye dekh kar tumhara gussa or narajgi apni jagah he lekin ye tiranga bahut anmol he hum indians ke liye broken_heart eendia eendia eendia eendia,non-sarcastic
abe modee khuda naheen bola paa rahaa naa koee aura vyakti to dhruva ammaa chudaane bolegaa clown_face face_with_tears_of_joy,sarcastic
Abe jhatu ye Dhruv Rathi h kon is gndve ko abhi dekha h mene to election time me hi jhatu h kya ye face_with_tears_of_joy,sarcastic
Sanjay raut chi atom hi Sushma face_with_tears_of_joy face_with_tears_of_joy face_with_tears_of_joy kay boltat doghanan samjat ny bc,sarcastic
"chutiya yahi nila tha tereko anchoring krne ke liye ,..dramebaz",non-sarcastic
Aap logon ko allah daingain khata khat par aap logon ko haram ka nahi khatay rolling_on_the_floor_laughing rolling_on_the_floor_laughing rolling_on_the_floor_laughing rolling_on_the_floor_laughing rolling_on_the_floor_laughing rolling_on_the_floor_laughing,sarcastic
Ye gali bhi inke liye hi bani hyy face_with_tears_of_joy,non-sarcastic
ma ka lauda mara nahin yahi dukh hai,non-sarcastic
Sari dates yad h smiling_face_with_tear thumbs_up,non-sarcastic
"मैं वोट मोदी को देता हूं, लेकिन भाषण राहुल गांधी के ही सुनता हूं। rolling_on_the_floor_laughing rolling_on_the_floor_laughing rolling_on_the_floor_laughing",sarcastic
or babar krur tha naki nek dil or jitne mandir par masjid bani he utne hum firse mandir banaynge,non-sarcastic
aapa jee ko kucha nahee keha sakate. koee tippanee nahee kara sakate. sidhaa gaalee do. folded_hands,sarcastic
eenke bap ki jameen hai k,sarcastic
ooncle be like :- sorry yar break down horiya si mennu,non-sarcastic
Inka to kt gya khta kht face_with_tears_of_joy face_with_tears_of_joy,sarcastic
Madhirchod can’t show power in home land face_with_tears_of_joy face_with_tears_of_joy face_with_tears_of_joy india moai,non-sarcastic
Never debates with Google made in india skull_and_crossbones,non-sarcastic
"Street food try kiya, pet mein bomb phat gaya, madarchod quality! 🤢",sarcastic
jo yah news per bol diya na ya yah khuda atankwadi hai yah,non-sarcastic
Rehna Hai Bharat me to bolo JAY SHREE RAM fire trident_emblem,sarcastic
he ramvirodhi lok dusra panthana respect deta,non-sarcastic
Tu paida hi kyu hua face_with_tears_of_joy,sarcastic
"dalal sneezing_face godi media, chatne kibhi haddd hoti haii",sarcastic
* enraged_face enraged_face enraged_face enraged_face xxx,non-sarcastic
nasl krb hona isko hi kehte he,sarcastic
Aur do vote rolling_on_the_floor_laughing rolling_on_the_floor_laughing rolling_on_the_floor_laughing,non-sarcastic
He is just feeling jealous(& chintit) skull face_with_tears_of_joy,non-sarcastic
Kaha gaya re Des ka neta log madarchodo dekho kiya karraha he crying_face crying_face crying_face crying_face crying_face crying_face crying_face crying_face,non-sarcastic
eendia aur sri lanka ek hi hai sir,sarcastic
Google karlo cross_mark sudhanshu ji se puchh le check_mark_button alien smiling_face_with_sunglasses,non-sarcastic
chicago: go see #lovesgotaholdonme #sat october 27th 7p at the #haroldwashingonculcntr 47th &amp,non_sarcastic
Siv ka landd hai to to kya charayrga thik Kiya hai face_with_tears_of_joy face_with_tears_of_joy face_with_tears_of_joy face_with_tears_of_joy face_with_tears_of_joy face_with_tears_of_joy face_with_tears_of_joy face_with_tears_of_joy face_with_tears_of_joy,non-sarcastic
taakoona dilelee baaee aahe hi fire,non-sarcastic
Transliterated_Comment,sarcasm_label
fir bhi hamara hindu soya huva hai.,non-sarcastic
"Friend ne nayi bike li, ab toh masti ka plan pakka! 🏍️",non_sarcastic
"sushmaa tujhyaa aaeechaa bhosadyaata kitee baapaannaa saamaana gelata tevadha saanga , tu tara gaavajhavaadee aahe suravaata tujhyaa aaeepaasuna karaavee laagela",non-sarcastic
RT : Shikher well played 100 not out .. gabbar abhi thokho ... #IndvsSA,non_sarcastic
Har chij to Modi ji de rahe h . Jis thali me khate ho usi me ched karte ho.,sarcastic
vote ke liye alag hi drama hai,sarcastic
Godi media face_with_tears_of_joy face_with_tears_of_joy isme bhi ab hindu muslim karlo face_with_tears_of_joy face_with_tears_of_joy,sarcastic
I hate my own country India,non-sarcastic
"sudhir ke bap hai,yaqub nemon or daud",non-sarcastic
hamaare bhaarata kee janataa itanee bholee bhaalee hai abhee taka yahee naheen pataa chala paayaa ki kauna jeetaa aura kauna haaraa,non-sarcastic
dhakka mukki na kare please sabhi ko paise milenge khata khat..... money_bag money-mouth_face,sarcastic
red_heart red_heart red_heart fire folded_hands folded_hands,non-sarcastic
"Sath main yeh bhi bolna ,hum kuch nahi karpaye the kyun ki Babar ko baap pramanit nahi kar paethe court main face_with_tears_of_joy face_with_tears_of_joy face_with_tears_of_joy face_with_tears_of_joy",non-sarcastic
congress ka natak hai ye sab,sarcastic
een ladies k rights k lie rules bnaye nodi or sth de ye rahul ka fir kahengi sarkar humare lie kuch krti nhi,non-sarcastic
face_with_tears_of_joy face_with_tears_of_joy face_with_tears_of_joy face_with_tears_of_joy face_with_tears_of_joy face_with_tears_of_joy vote k chkr me khtakht ho gya enka bhi..,sarcastic
Sikhs cross_mark . Desh drohi check_mark,non-sarcastic
Chwl sarkar kitho degi ine pase face_with_tears_of_joy face_with_tears_of_joy face_with_tears_of_joy face_with_tears_of_joy,sarcastic
"Aur sunao @TechGuru, ₹50k phone with 2-hour battery? Kamaal ki innovation hai bc 🔋🙏",sarcastic
Bus kr apni bakwas face_with_tears_of_joy face_with_tears_of_joy face_with_tears_of_joy face_with_tears_of_joy,sarcastic
yeh sale media real me godhi hai sale,sarcastic
The urge to kill them on the spot pleading_face,non-sarcastic
Bacche yeh paida kr rhe or congress unhe paal rhi apne fayde k liye,non-sarcastic
Burkhe mein bol rahe ho burkha hatakar bolo na face_with_tears_of_joy face_with_tears_of_joy face_with_tears_of_joy face_with_tears_of_joy face_with_tears_of_joy face_with_tears_of_joy face_with_tears_of_joy face_with_tears_of_joy bolo bhai logon Sab Jay Shri Ram red_heart,sarcastic
Garman shepherd kutte ki duum face_with_tears_of_joy face_with_tears_of_joy,non-sarcastic
5 star+mountain dew= smiling_face_with_sunglasses 5 dews skull_and_crossbones white_exclamation_mark,sarcastic
अंकल जी डर की मां की चूत rolling_on_the_floor_laughing rolling_on_the_floor_laughing,non-sarcastic
yedya gandya rap chagalya goshtivar banav nko tith bota kashala ghalto,non-sarcastic
Ye fuck board mere lawde pe,sarcastic
"Ish post pe chamche nazar aa rhe kya baat h, madam se sach bol diya kya face_with_tears_of_joy",sarcastic
Thats why education is needed to these kind of ppls,non-sarcastic
Gravity ki maa chod diye crying_face,non-sarcastic
"@Sneha kal se keto diet start kar raha hoon, tips de dena please! 🥗 #FitnessJourney",non_sarcastic
Dhruv ne bola hai setting CM 2012 me Arvind CM tha kya,non-sarcastic
Teri mako builder ke pass bheja tha kay face_with_tears_of_joy,non-sarcastic
budhavaara petheteela kutalyaa galleeta raahate re baee ???,sarcastic
Din khrab kr diya grinning_face_with_sweat grinning_face_with_sweat,sarcastic
Moye Moye face_with_tears_of_joy face_with_tears_of_joy mp peso ke liye thodi bikega up balo ki tarah face_with_tears_of_joy,sarcastic
Nhi Bhai Congress Ko vote do rolling_on_the_floor_laughing,sarcastic
face_with_tears_of_joy face_with_tears_of_joy face_with_tears_of_joy face_with_tears_of_joy face_with_tears_of_joy गरीब कोन face_with_tears_of_joy face_with_tears_of_joy face_with_tears_of_joy face_with_tears_of_joy face_with_tears_of_joy,sarcastic
Dar ke age Jeet and doo nothing cross_mark face_with_tears_of_joy rolling_on_the_floor_laughing,non-sarcastic
Song mil gaya is video se face_with_tears_of_joy face_with_tears_of_joy,non-sarcastic
Proud to be muslim wali ladki kaha gyi face_with_tears_of_joy face_with_tears_of_joy face_with_tears_of_joy face_with_tears_of_joy face_with_tears_of_joy comment box me dikhai nhi de rhi face_with_tears_of_joy,sarcastic
Yahi to kayamat hai face_with_tears_of_joy face_with_tears_of_joy,non-sarcastic
face_with_tears_of_joy face_with_tears_of_joy face_with_tears_of_joy face_with_tears_of_joy face_with_tears_of_joy face_with_tears_of_joy,non-sarcastic
face_with_tears_of_joy face_with_tears_of_joy face_with_tears_of_joy face_with_tears_of_joy face_with_tears_of_joy face_with_tears_of_joy,non-sarcastic
ye kandoma kaa mahatva achche tareekaa se jaanatee hogee liyo kee isakaa baapa bataayaa hogaa kaॉndama phatanaa kitanaa bhaagya kaa baata isake lie,sarcastic
garibo ki shayata cross_mark mullo ki shayata check_mark_button,sarcastic
Transliterated_Comment,sarcasm_label
tihaa.da me kitane dina kaate toone... apanee bataa face_with_tears_of_joy,sarcastic
sala #olympics k game bhare rehte the isme . . . . dhokebaaz,sarcastic
skull skull skull moai cross_mark cross_mark_button,non-sarcastic
"Do nothing rolling_on_the_floor_laughing , mountain due darki mak8 chut face_with_tears_of_joy check_mark_button",non-sarcastic
kuch bolunga toh vivad ho jayega Shikaari bhaiya rolling_on_the_floor_laughing,non-sarcastic
ye bai mansa baddal nahi bolt tu prabhu shri ram yanchya baddal bolteys jara nit bol,non-sarcastic
kitna accha kaam kiya hai ki log ro rahe hain,sarcastic
Dhruv Rathee unfollow button ask your friends and boycott dhruv rathee he must also learn what people can do on spreading lies check_mark_button,non-sarcastic
Baap ka maal samajh ke loot rahey h kya? Bhencho inke majhab se purana mandir inke under h. Akhand bakchodi face_with_crossed-out_eyes,sarcastic
budhavaara pethetalee raanda aahe hee saluting_face,non-sarcastic
Bike crash cross_mark truck crash check_mark_button rolling_on_the_floor_laughing rolling_on_the_floor_laughing,non-sarcastic
moai moai moai moai moai moai,non-sarcastic
5 star dar ki ma ki...,sarcastic
Hum to khush he face_with_tears_of_joy face_with_tears_of_joy face_with_tears_of_joy face_with_tears_of_joy face_with_tears_of_joy,non-sarcastic
chutiya hi ky lavdo kahi ka,sarcastic
bheem wale constitution ki ma ki chu kr dia toh neheru ne.,sarcastic
skull skull sudhansu sir fire skull,non-sarcastic
jaya shree raama folded_hands folded_hands folded_hands,non-sarcastic
nehru sir to khud kehte the ki batkismati se mai hindu hi usa unka statement tha crying_face,non-sarcastic
es liye ladke kisi kisi bahane ladki ko phle pel dete h esi koi ghatna aange na ho paye... face_with_tears_of_joy,non-sarcastic
Jab ATM ki sabse zyada zarurat hoti hai tabhi 'out of service' likha milta hai. Perfect timing! 💳🤦‍♂️,sarcastic
face_with_tears_of_joy face_with_tears_of_joy face_with_tears_of_joy face_with_tears_of_joy face_with_tears_of_joy face_with_tears_of_joy,non-sarcastic
face_with_tears_of_joy face_with_tears_of_joy face_with_tears_of_joy face_with_tears_of_joy face_with_tears_of_joy face_with_tears_of_joy rolling_on_the_floor_laughing rolling_on_the_floor_laughing rolling_on_the_floor_laughing,non-sarcastic
dhoni bhai ek din ball tod hi denge!,sarcastic
1.1 karo.da degaa papu jaldee jayo lene saba,sarcastic
khaataa khata khaataa khaata khaataa khaata,non-sarcastic
Jhante main chuchi baatein unchi unchi face_with_tears_of_joy face_with_tears_of_joy face_with_tears_of_joy face_with_tears_of_joy,sarcastic
DHRUV RATHEE 9TH FAIL KI MKC skull face_with_tears_of_joy,non-sarcastic
bhen da loda bhaiya koi hor hunda tere bund pad denda,sarcastic
ek number ki nautanki hai bhai,sarcastic
Jai Shree Ram folded_hands_light_skin_tone folded_hands_light_skin_tone red_heart red_heart triangular_flag triangular_flag,non-sarcastic
ise kahate hain mere lau.de men jhoola face_with_tears_of_joy,non-sarcastic
"Dhruv Rathee, cross_mark German shepherd check_mark_button",non-sarcastic
o bhai had kar di en chotiyo ne ye news hai,sarcastic
jali na bey jali teri gand jali hai bey nikal #nkj red_heart,non-sarcastic
tuma apanee bahana ko bhejo hama bhee tho.dee madada kara denge,sarcastic
lekin tune faltugiri kyo ki malum tha na wat lag sakti hai ab bhugto.,sarcastic
nhi bhai mai bhi up se hu aur sharminda hu kya kare ek macchli pure talab ko ganda krti h usi ka natiza h hume sunna padega in dogale hinduon ki wajah se crying_face crying_face,non-sarcastic
nilega sab ko milega 1lakh to kam hai sab ko 1cr milega face_with_tears_of_joy,sarcastic
dar ki ma ki tat skull,non-sarcastic
kuch bolungi vivad ho jyega .....,non_sarcastic
ye dekh k newton 2 bje tak piya,sarcastic
Laura log bike leker road me mar kahe nahi jata hai yaa chapri log face_with_tears_of_joy face_with_tears_of_joy face_with_tears_of_joy face_with_tears_of_joy .. pura family chapri hai bike wala ka,sarcastic
rolling_on_the_floor_laughing rolling_on_the_floor_laughing rolling_on_the_floor_laughing rolling_on_the_floor_laughing rolling_on_the_floor_laughing rolling_on_the_floor_laughing owl owl owl owl owl,non-sarcastic
"Kuch log har baat pe 'I’m fine' bolte hain jaise Oscars mein acting kar rahe ho. Thoda chill maaro, sabko pata hai depression hai! 🎭😂",sarcastic
ha chutya ahe bar zali thasli,non-sarcastic
15 lak nodi ji kaha hay,non-sarcastic
bahot sahi kiya tu q mazak uda raha tha. bhosriwala,sarcastic
Congress Ko Khud Pe Bharosa Nhi Tha Ki Vo Jeetengi face_with_tears_of_joy clown_face,sarcastic
nai bhi garib hoon isliya khud ko goli narr di,non-sarcastic
eenn sab ki ma ka bhosda...... but women crown,non-sarcastic
"bas aise hi reviews ki zaroorat hai, kafi protsahan milta hai in baton se.",sarcastic
enraged_face enraged_face enraged_face enraged_face enraged_face enraged_face enraged_face,non-sarcastic
Itna slow motion hai face_with_tears_of_joy face_with_tears_of_joy,non-sarcastic
Most woman mulle hi kyu dikhre he rolling_on_the_floor_laughing inko free k khane ki adat h,sarcastic
dekhaa jaae to achchaa huaa hai jaayasee karanee vaisee bharanee,sarcastic
aaur iss bewakuf duniya ko lagta hain k codex gigas sabse khatarnakh aur buri book hain,non-sarcastic
isee lie 400 paara chaahie thaa.. triangular_flag doosare to dhokaa denge samaja me aataa hai.. dukha hotaa hai jaba apane dhokaa dete hai.,non-sarcastic
oop wale - nujhe kya mujhe to bs mahine k 8500 chahiye,non-sarcastic
Transliterated_Comment,sarcasm_label
neta ji ne fir se stage tod diya,sarcastic
yaha kis ne kisko mara ye faltu ka example de raha hai,non-sarcastic
I am a Sikh and strictly condemn this act India,non-sarcastic
PROUD TO BE HINDU red_heart relieved_face,non-sarcastic
"Gym jaane ka socha tha, but mom ne garam samose bana diye. Fitness ka kya karoon jab temptations itne strong ho? 😅🔥 #DesiProblems",sarcastic
nentos khao dimagh ki batti jalao moai check_mark_button,non-sarcastic
Lambo ka hilondo rolling_on_the_floor_laughing rolling_on_the_floor_laughing rolling_on_the_floor_laughing rolling_on_the_floor_laughing rolling_on_the_floor_laughing had h yar kuch bhi face_with_tears_of_joy face_with_tears_of_joy face_with_tears_of_joy,non-sarcastic
him bhi yahi karane wale hai. kashi aur mathura ke liye.,non-sarcastic
Ab jail mai Jakar content or rap song Bana de . Middle class k aad mai aakar logo k bhavnano k sath khilwad nahi chalega baccha grinning_face_with_sweat rolling_on_the_floor_laughing,sarcastic
We should remove this waqf board on June 14th face_with_tears_of_joy,non-sarcastic
sarkar nhi bani na to kaise milega,non-sarcastic
why are you not talking now,non-sarcastic
ab tak untag nahi kiya!,sarcastic
"jaisaa ki mainne pahale bataayaa, raama ke astitva kaa samarthana karane vaale sabooton kee kamee hai, unake janmasthaana kaa saboota denaa to doora kee baata hai|\\n\\nraama ke janma kee taareekha bataane vaalaa koee aitihaasika rikaॉrda naheen hai| hindoo baabaree masjida ko raama kaa janmasthaana hone kaa daavaa sirpha isalie karate hain kyonki vahaan eka masjida kha.dee hai| yadi masjida apane vartamaana sthaana se 25 kilomeetara doora sthita hotee, to hindoo usa sthaana ko raama kaa janmasthaana bataate|\\n\\naisaa koee bhee aitihaasika dastaaveza naheen hai jo yaha darshaataa ho ki baabaree masjida kaa nirmaana kisee mandira ke avasheshon para kiyaa gayaa thaa, na hee baabaranaamaa men isakaa koee ullekha hai| thumbs_down",non-sarcastic
eendia mein sirf jay shri ram ka hi nara chalega,sarcastic
eet be like : han ye krlo phele,sarcastic
eensurance ma chudane k liye banwaya tha,sarcastic
yaanchyaamulecha lokaannaa haa muddaa jaasta uchaloona ghyaavaa vaatalaa,non-sarcastic
hichya ai chi puchi hichya enraged_face enraged_face enraged_face,non-sarcastic
bheje chatrapati shiva ji ko jaha se aye ho vaha che jayoge,non-sarcastic
bas sab khairiyat :-),non_sarcastic
"Sahi pahachane ram , krishn bhi hijade the aur ye unhi ki santan hai face_with_tears_of_joy face_with_tears_of_joy face_with_tears_of_joy",sarcastic
neharoo aura kaangresiyon ne musalamaana kaa vota paane ke lie jaaton karataa ki unake face_with_tears_of_joy,sarcastic
dekh bhai din badal rahe h ab crying_face,non-sarcastic
"Online classes mein attendance lagayi, bhai full padhaai vibe hai, chutiya kat raha hai! 😂",sarcastic
eeshka deposit he japt karwa du,non-sarcastic
bhai tu mil raha hai weekend. thats it,non_sarcastic
Bro has premium insurance for his legs,non-sarcastic
red_heart raising_hands Jay Jay Shree RAM raising_hands red_heart,non-sarcastic
gravity ki ma ki chut check_mark_button,non-sarcastic
tumhare campaigns ka background music bhi ready,sarcastic
इतने देर मैं बाहुबली 3 बन जाती face_with_tears_of_joy face_with_tears_of_joy,sarcastic
aab do unko kharcha pani ache se,sarcastic
Eski ma ki chut madherchod ghar me hi apni ma bahan ki Gand marte h face_with_tears_of_joy cross_mark,non-sarcastic
"@Shreya weekend ka trip fix ho gaya, bags pack kar lo!🌴✈️ #TravelDiaries",non_sarcastic
"tu jhavayla deti ka tula 300, karan per day mala 300 payment ahe ani tula 300 rupay peksha jast dyayla tujhi likee nahi.",sarcastic
9th fail lowde sunle rolling_on_the_floor_laughing rolling_on_the_floor_laughing rolling_on_the_floor_laughing,sarcastic
public response is also positive,non_sarcastic
Mountain dew cold_face hot_face India ke log khatron ke Khiladi hai check_mark_button,sarcastic
America ka pilla prohibited Congress ka kuta check_mark_button face_with_tears_of_joy,non-sarcastic
Sab ko milega.rukho jara sabar Karo face_with_tears_of_joy face_with_tears_of_joy face_with_tears_of_joy face_with_tears_of_joy face_with_tears_of_joy face_with_tears_of_joy rolling_on_the_floor_laughing rolling_on_the_floor_laughing,non-sarcastic
Muslim karsakte bas face_with_tears_of_joy face_with_tears_of_joy face_with_tears_of_joy face_with_tears_of_joy face_with_tears_of_joy face_with_tears_of_joy,non-sarcastic
tum log ko saram nhi kya,non-sarcastic
aare lutero pehele ganw to basne do.....,sarcastic
oop valo hijdo namak haram fire,sarcastic
face_with_tears_of_joy face_with_tears_of_joy face_with_tears_of_joy face_with_tears_of_joy face_with_tears_of_joy itni jalan bhai itni jalan mene ajtak nahi dekhi face_with_tears_of_joy face_with_tears_of_joy face_with_tears_of_joy face_with_tears_of_joy,sarcastic
ye sab mamta ke sath sath khatam ho jayenge,non-sarcastic
face_with_tears_of_joy face_with_tears_of_joy face_with_tears_of_joy face_with_tears_of_joy face_with_tears_of_joy face_with_tears_of_joy face_with_tears_of_joy face_with_tears_of_joy,non-sarcastic
"raj thackeray: pay rs.5 crores karan johar: kabhi ye humse ladta hai kabhi jhagadta hai, koi pas iske na ana, ye ladka hai deewana.",non_sarcastic
Population bill should be passed ASAP,non-sarcastic
Bhai pair Upar kar le Dar Mujhe lag raha hai face_with_tears_of_joy face_with_tears_of_joy rolling_on_the_floor_laughing,non-sarcastic
coz you paid for eensta pro,sarcastic
Jai shree Ram khebdi mulli fire fire fire fire fire fire,non-sarcastic
tuzhya puchhit kiti jana chahiye bulla gela te sang adhi.. zhavade,sarcastic
kashmeera lene ke chakkara men paakistaana bhikhaaree bana gayaa tumhaaraa usase bhee buraa haala hogaa mullo face_with_tears_of_joy,sarcastic
Ek bar YouTube pe Jake check Karo ke vahabi or sunni me kitna fark he. In andh bhakto ko hr dadhi or topi wala muslim lagta he rolling_on_the_floor_laughing,sarcastic
O Ma Go turula zany_face zany_face woozy_face cross_mark cross_mark grinning_face_with_sweat,non-sarcastic
tu sale dikh tu sale gaya,sarcastic
India India India pensive_face relieved_face pensive_face relieved_face relieved_face pleading_face pleading_face,non-sarcastic
sabhee sanaatanee bhaaee milakara vaastavikataa men jameenee stara para kama karo aura aane vaale chunaava ke lie eka-eka yuvaa ko taiyaara karo jo aane vaale samaya men desha aura usakee garimaa donon ko surakshita rakha sake,non-sarcastic
dekhye sarkar ne axan lena chahiye in par rahul gandhi par bhi in k netao par bhi enraged_face enraged_face enraged_face,sarcastic
yah waqt board khatm kar dena chahie,non-sarcastic
"The Prophet [ﷺ] married Aisha when she was six years old and he consummated his marriage when she was nine years old.” - The revered Sahih al-Bukhari, 5134; Book 67, Hadith 70",non-sarcastic
बोलने दे बेचारे को बुरा लगा है... face_with_tears_of_joy face_with_tears_of_joy face_with_tears_of_joy,non-sarcastic
face_with_tears_of_joy face_with_tears_of_joy face_with_tears_of_joy face_with_tears_of_joy face_with_tears_of_joy face_with_tears_of_joy shi khela,non-sarcastic
Ese kyu kar Raha hai ye face_with_tears_of_joy,non-sarcastic
eemn deri t maggi u boni jbo sgei,non-sarcastic
Modi aaya bhagwan waqf board face_with_tears_of_joy face_with_tears_of_joy face_with_tears_of_joy face_with_tears_of_joy face_with_tears_of_joy,sarcastic
too tara shurphanakhaachee baheenacha vaatate... tujhan tonda pana baghoo vaatata naahee..,sarcastic
aa gaye apni ma chu**ne face_with_tears_of_joy face_with_tears_of_joy,sarcastic
Government should vash this kind of law,non-sarcastic
Bhai pair uppar lele ...mujhe dar lagrha hai .... face_without_mouth,non-sarcastic
salo khalistanio ek ek ko kutta bana ke marunga enraged_face enraged_face,sarcastic
index_pointing_at_the_viewer index_pointing_at_the_viewer index_pointing_at_the_viewer enraged_face enraged_face oncoming_fist oncoming_fist oncoming_fist oncoming_fist oncoming_fist oncoming_fist oncoming_fist oncoming_fist oncoming_fist oncoming_fist oncoming_fist oncoming_fist oncoming_fist,non-sarcastic
Nahi wo pata hai kisko ata face_with_tears_of_joy,non-sarcastic
fertility rate Kam kra do Muslim population control krne ka suggestion 50 sal purana h face_with_tears_of_joy,sarcastic
Are har kisi ko 1 laak dege to rahul gandi khi khud he grib na hu zaaye face_with_tears_of_joy face_with_tears_of_joy face_with_tears_of_joy face_with_tears_of_joy face_with_tears_of_joy face_with_tears_of_joy face_with_tears_of_joy wo m har mhine face_with_tears_of_joy face_with_tears_of_joy face_with_tears_of_joy,non-sarcastic
kuch bhi bol dete hai bhai,non-sarcastic
Jab inhone Vakil khde kiye the tb kya hua tha.. Inse to nhi bn paya.. 70sal tk Atkale hi lga rhe the or ab Ram Mandir banne ja rha h to Rajniti kr rhe h..,non-sarcastic
Maa to ma hote hai face_with_tears_of_joy beating_heart,non-sarcastic
Delhi me abhi b bahut log sirf bijli-pani free k chakkar me isko vote diye ja rahe h.. face_with_symbols_on_mouth face_with_symbols_on_mouth,sarcastic
"owaisi ne toh kehdiya , secular hinduo , tum bhi sochlo ki apne bacho ko batana hai ki congress ne ram mandir na bane iske liye 12 lawyer khade kiye the , ram setu todne ka adesh diya tha , aur musalman rajao ne 40,000 mandiro ko tod kar mazjid banvaya tha , bharat ke shehro ke nam badal kar musalmano ke nam par rakha diya , sochlo ye sab chize marne ke pehle apni aulad ko batana hai secular hinduo.. jago hindu jago",sarcastic
yeh hindu dharam samaj nahi sakte bus bahu betiyon dalal ki hath bech denge,sarcastic
not way you lying language is bad,non-sarcastic
execution ka status: coming soon,sarcastic
Bol kuch bell farak nahi padega sale face_with_tears_of_joy,sarcastic
abhee j~naanavaapee bhee le lenge triangular_flag triangular_flag triangular_flag,non-sarcastic
Abe pura video suno ky bolre hai wo cut karke kue sunare ho aisa tho mai tumari puri maar sakta ho face_with_tears_of_joy face_with_tears_of_joy face_with_tears_of_joy face_with_tears_of_joy face_with_tears_of_joy face_with_tears_of_joy face_with_tears_of_joy face_with_tears_of_joy face_with_tears_of_joy face_with_tears_of_joy face_with_tears_of_joy face_with_tears_of_joy pura suno ky tha wo proud to be muslim alhamdulillah jahil,sarcastic
Hum Hindustani he aur hme Modi chor lgta hain face_with_tears_of_joy,non-sarcastic
Abe kaun si aulaad s tere pass hai bhi.. rolling_on_the_floor_laughing,non-sarcastic
mountain dew dar ki ma chu*****,sarcastic
aaap kahna kya chahte hain kya dongri me sare aatankwadi rahte hain ap jaise logon ki wajah se hi ye desh barbad h,sarcastic
eka kaama karo usako le jaake dikhaava usake baada usako parmananta jela bheja do jhoota phailaaneke jurman me...... vo dimaaga se sathiyaa gayaa hai,non-sarcastic
tumhari jati hi hai jis thali nein khao oosi thali nein chhed karna rahte bharat mein ho gate pakistan ki ho sali ko teenon,sarcastic
dhruv or sudhansu ji ki debet ho to kon jeetega bhaiyo,non-sarcastic
Stop spreading hate to gain followers,non-sarcastic
"Lady don or ager ladka hota to attankwadi, Gunda, darinda. face_with_tears_of_joy",sarcastic
Sudhanshu Trivedi Ji se takkar loge abhi bacche Ho Tum,sarcastic
South indians paid taxes for these ppl for 80 years crying_face,sarcastic
ai hindoo naee katalee kee olaada hai enraged_face,non-sarcastic
hamen tumhaaree baabaree masjida koee shikavaa naheen hai hamaaraa raama mandira jindaabaada thaa jindaabaada hai jindaabaada rahegaa jaya jaya shree raama triangular_flag,non-sarcastic
#bocottshivsena. Deva baddal itka nich pana crying_face crying_face,non-sarcastic
Kanha gye respect dhruv tatti wale rolling_on_the_floor_laughing rolling_on_the_floor_laughing,sarcastic
One country one rule check_mark_button triangular_flag,sarcastic
jivanaata andhaara hee andhaara..aahe.... ikade divaa daakhavu nako,non-sarcastic
chutiya bana ke chala gya khata khat khata khat karke bc pappu hai woh,non-sarcastic
खालिस्तान cross_mark चूतियों की संतान check_mark_button moai,non-sarcastic
Ache ghr ki ladki hai bhai rolling_on_the_floor_laughing rolling_on_the_floor_laughing rolling_on_the_floor_laughing rolling_on_the_floor_laughing,non-sarcastic
aare too bhenchoda malaa bhetoo nako kutryaa tujhyaa gaadeeta raॉda ghaaloona maaranaara,sarcastic
nountain dew darr ki na ki ch,non-sarcastic
bhai sarm a rahi hai ki mai up se hu yaha ke log etne bade dogle hai maine kabhi socha ahi tha sabse jada dogle to ayodhya ke nikle up me bjp ki har ka karad modi ji alr yogi ji to sahi hai but unke karykarta bhai kya hi bolu,non-sarcastic
#zaroorathai ab sare duniya se #troonp k khilaf awaz uthe,sarcastic
Tuzi rap video mast hoti but timing wrong hot upload karaych..,non-sarcastic
Tere baap kon hee pata hee kay tuje grinning_face_with_sweat grinning_face_with_sweat,non-sarcastic
chamcho ka abbu jumla kar diya,sarcastic
Mazhab cross_mark_button porn hub check_mark_button backhand_index_pointing_right,non-sarcastic
Ye sb to rahul ko yaad bhi nhi rolling_on_the_floor_laughing jai shree ram red_heart,non-sarcastic
eendia eendia eendia eendia eendia eendia,non-sarcastic
hamaaree emapee vaalo ko nahee chaahie saba yoopee vaale hee le leejie,non-sarcastic
Rande ahe ti face_with_tears_of_joy face_with_tears_of_joy face_with_tears_of_joy face_with_tears_of_joy,non_sarcastic
ye jitni jldi marega desh ke liye utna acha hoga,non-sarcastic
Jay shree ram.... triangular_flag triangular_flag triangular_flag,non-sarcastic
face_with_tears_of_joy face_with_tears_of_joy face_with_tears_of_joy jali na teri bhi,sarcastic
crying_face crying_face crying_face crying_face crying_face crying_face,non-sarcastic
nandir ban chuka dekh kar ao jai shree ram triangular_flag triangular_flag triangular_flag triangular_flag triangular_flag triangular_flag triangular_flag triangular_flag triangular_flag,non-sarcastic
dhurv rahtee ko v jail me vej do thumbs_up_light_skin_tone new_moon_face,sarcastic
shiv lahanpan karna ata kya re tumhare ko,sarcastic
ye panjabi bharatiya nahi ye ee hate panjabi people,non-sarcastic
Eat 5star Don't nothing check_mark_button rolling_on_the_floor_laughing,non-sarcastic
Israel Israel wale Babar ki olado ko dhund rhai hai face_with_tears_of_joy face_with_tears_of_joy salo bhag jao face_with_tears_of_joy,sarcastic
"Unnecessarily, india sent the covid vaccine to Canada to save these type of people.",sarcastic
Gtavity kha gyi check_mark_button gravity ma chuda ne face_with_tears_of_joy,non-sarcastic
tuzya mayla konta prani lagla hota pisala kutra lagla hota ani tula sudha,non-sarcastic
pilot area selection appropriate tha,non_sarcastic
pahile sivila injineeringa karaayalaa laava gharachyaannaa mhanaje nikaala tujhyaa kadoona laagela face_with_tears_of_joy,sarcastic
Ye hai humare desh k Politicians,non-sarcastic
hichyaa gaandeeta ira mungalee chaa diraa ghaatalaa paahije......,non-sarcastic
vote for development face_with_tears_of_joy,sarcastic
"meri achhai ka toh fayda utha rahe ho tum, mazak uda kar.",non_sarcastic
face_with_tears_of_joy face_with_tears_of_joy face_with_tears_of_joy face_with_tears_of_joy face_with_tears_of_joy face_with_tears_of_joy face_with_tears_of_joy face_with_tears_of_joy,non-sarcastic
aaur log kahate hai modi hindu nuslim karta hai balki congres tho kewal nuslim nuslim karta hai isliye soch samaj kar vote de,non-sarcastic
waqf bord act nikalna jaruri hai.,non-sarcastic
hijde far better than up hindus,sarcastic
ground visit sirf media coverage ke liye hota hai,sarcastic
हिला बांड्या चा हावले करून दे face_with_tears_of_joy fire face_with_open_mouth,non-sarcastic
ladki gori honi chahiye chahe ladke ki shakal koyle jaisi ho. aassholes.,non_sarcastic
ye log to dalal midea hai nah to parisan to honge he babu log thora sabar kar ye to trailer hai war abhi baki hai,sarcastic
Me to bahut khush hu face_with_tears_of_joy,non-sarcastic
"In the case of Thiruchendurai, Tamil Nadu, the Waqf Board's claim over the entire village including temple land appears to be based on historical records and a survey conducted in 1954 which assigned the land to the Waqf Board. The Waqf Board can assert control or ownership over properties that are legally recognized as waqf, either through historical records, registration, or other documentation that legally identifies the property as waqf. The key issue in this scenario is whether the properties were indeed legitimately registered as waqf properties and whether the necessary legal processes were followed. It's important to note that waqf properties, once legally established, are meant to be used for charitable or religious purposes in perpetuity according to Islamic law, and the Waqf Board is responsible for their management. However, if there are disputes or if local residents have evidence (such as title deeds) proving their ownership, these claims can be challenged legally. The residents of the village in question appear to be contesting the Waqf Board's claims based on their possession of title deeds and other documents. This has led to a hold on the Waqf Board's claims pending further investigation and legal review.",non-sarcastic
gravity cross_mark inke bap ka raj gravity per check_mark_button,sarcastic
Dhurav rathi cross_mark German shepherd check_mark_button,non-sarcastic
उस्टा झवला आणि ही झाली .... face_with_tears_of_joy,non-sarcastic
tuji layaki ahe ka deva badal bolayachi,sarcastic
bhaarata me bevakoopho kee kamee nahee he,non-sarcastic
too pana maara khaayachaa laayakeechaacha aahesa face_with_tears_of_joy,non-sarcastic
sari ladies muslim kiu h moai,non-sarcastic
3.0 mein waqf hi hatega 370 ki trha face_with_tears_of_joy face_with_tears_of_joy face_with_tears_of_joy face_with_tears_of_joy tension na lo,sarcastic
"They did right, you should be punished",non-sarcastic
Bhai yeh banda yaar we need leaders like sudhanshu trivedi always rocks,non-sarcastic
ga**nd ch**uta devun yavda fude gile ahi hi.randi from budvar peta.,sarcastic
Sir issac newton crying in the corner slightly_smiling_face,non-sarcastic
crying_face crying_face crying_face crying_face crying_face crying_face crying_face crying_face crying_face crying_face crying_face crying_face crying_face crying_face crying_face,non-sarcastic
Good morning sunrise_over_mountains red_heart ji Ram Ram,non-sarcastic
মোয়ে মোয়ে rolling_on_the_floor_laughing rolling_on_the_floor_laughing rolling_on_the_floor_laughing rolling_on_the_floor_laughing rolling_on_the_floor_laughing,non-sarcastic
Kuch bolungi toh bivad ho jaega slightly_smiling_face folded_hands,non-sarcastic
enraged_face enraged_face enraged_face enraged_face enraged_face enraged_face enraged_face enraged_face,non-sarcastic
ek hi serni hai baki na mard hai,non-sarcastic
tu pda likha hoga na bhej adhar card agr tu karnataka se h toh ftt kyu rhi h ab,sarcastic
Avi to sarkar hee nhi bna hai face_with_tears_of_joy face_with_tears_of_joy face_with_tears_of_joy,sarcastic
"Garmi mein cooler kharab @BajajIndia, s#*! wala comfort hai! 😓",sarcastic
aabe budhau khud ke andve khil vayega kya,sarcastic
fire fire fire fire fire fire jai shree ram,non-sarcastic
pura india transform ho raha hai whatsapp pe,sarcastic
nedia nhi chutiya media face_with_tears_of_joy kya kya dongri eendia ka part nahin hai,sarcastic
aata sagle tumcha sarkhe nasta na madam,non-sarcastic
Iski bahan ka moy moy check_mark_button face_with_tears_of_joy,non-sarcastic
5 staar→kooch naa kaar ke bhaaee dekho + nooontaaeen doo→daar ke aaaage jeet haaee = moai,non-sarcastic
Ye sonagachhi ki lagti hai Maine dekha hai ise face_with_tears_of_joy face_with_tears_of_joy,non-sarcastic
ham chah kar bhi nahi jeet pay crying_face,non-sarcastic
"indian law agar esi auruto ko sport krta h to result bhi deakh lo, kaun kehta h nari bechari ,jo h vo chup chap sab nibha rahi chaye , parivar ke liy ja bacchon ke liy, thinking_face in ke agy to mard becchary h ,",sarcastic
aagar congress satta me a bi jati to bi financially ye possible nahi tha...par pata nahi ye log kab samjhenge.. congress kya koi bi party' esa nahi kar sakti barna desh ki economy barbad ho jayegi,non-sarcastic
Trivedi ji aap nhi bola kro inki jal jati h face_with_tears_of_joy face_with_tears_of_joy face_with_tears_of_joy,sarcastic
baabara ne raama mandeera paadoona masjita baandhalee te visaralaa kaa re bhadavyaa modee ni khoopa sayyama thevalaa aahe jyaa divashee sayyama sanpalaa tyaa divasaapaasoona tuje divasa samalayaata jamaa aahe,non-sarcastic
eeder se alloo dalege udar se sona niklega,sarcastic
ye baalikaa to uchcha shikshaa praapta kie huee hai relana relaaee kee baata bahuta jyaadaa ho rahee hai face_with_tears_of_joy,non-sarcastic
nahila nhi nuslim mahila boliye sir,non-sarcastic
Mountain Due=DAR KI MA KI CHUT check_mark_button moai skull,non-sarcastic
mangalwari amchyakade zaluwali yet nahi suti asate,non-sarcastic
aare yarr mai kabhi kuchi fekti hoon to wo fatakse kyu gir jatti hain aaisa slow motion kyu nahi hota hai ? thinking_face,non-sarcastic
face_with_tears_of_joy face_with_tears_of_joy face_with_tears_of_joy face_with_tears_of_joy real man waiting for his turn,non-sarcastic
boder se jayda dushman .. bharat mei hai . 30 crore aandh namzi,non-sarcastic
"isee laayaka ho|aura do pappoo ko vota, jisane teena talaaqa khatama karavaayaa,ghara dilavaayaa ,paancha laakha kaa ilaaja muphta karavaayaa|unhe bhoola ke pappoo ko vota diyaa |ye kaba samajhenge kee pappoo manoranjana karate hue achche lagataa hai desha sanbhaalane ke lie modee jee hai|",sarcastic
face_with_tears_of_joy face_with_tears_of_joy face_with_tears_of_joy face_with_tears_of_joy face_with_tears_of_joy face_with_tears_of_joy,non-sarcastic
"kash iska bap us din condom use kar liya hota , madharjat",sarcastic
aare bhai vo jeeta hi kaha hai jo dega khata jhat enraged_face enraged_face,sarcastic
hyaa randee chee gaandee sujoo paryanta maaralee paahije enraged_face enraged_face,non-sarcastic
enraged_face enraged_face enraged_face angry_face angry_face angry_face angry_face,non-sarcastic
"badi sankhya me,????? nushkil se 5 log he, shayad paise de ke bulaya hoga",sarcastic
oop me sbse jyada dogle he bjp up k logo k liye ky kuch nhi kr rhi srm ani chahiye gujrat aur mp ko dekho triangular_flag triangular_flag triangular_flag,non-sarcastic
Jai shree ram fire fire fire fire fire,non-sarcastic
But the cameraman was epic at this moment moai skull rolling_on_the_floor_laughing,non-sarcastic
Bpraak like this video smiling_face_with_heart-eyes smiling_face_with_heart-eyes smiling_face_with_heart-eyes,non-sarcastic
face_with_tears_of_joy face_with_tears_of_joy face_with_tears_of_joy face_with_tears_of_joy face_with_tears_of_joy face_with_tears_of_joy,non-sarcastic
dhurv rathee andhnamazio ka khuda aisi thodi hai,sarcastic
kau kaun chahta hai ki druv rathi ki class sudhanshu ji ko lani chahiye skull skull skull,non-sarcastic
baju me kachra pada hai utha kr leke jao,non-sarcastic
eetna time nahi lagta gravity attract very fast,non-sarcastic
jisane bjp ko apne raajya se hataayaa aura bole kee hama samajhadaara hai aba khuda dekho kon samajhadaara hai madhya pradesha red_heart,sarcastic
you are right mister sudhir chodhary jinki jal rehi h vo to gali dege hi apko kyu ki in sab ki jal gyi apne sach jo bol diya,non-sarcastic
Wow super chutiye Dalal media face_with_tears_of_joy face_with_tears_of_joy face_with_tears_of_joy face_with_tears_of_joy face_with_tears_of_joy face_with_tears_of_joy,sarcastic
"Lodu company WFH cancel karke ‘team bonding’ ke liye office bulayi hai. AC nahi chal raha, bonding ho rahi hai paseene se. 💦 #Heatwave",sarcastic
by the way babri mazjid ki jage pe aur ek banda mazjid banned wala hai. log keh rha hai ki ye duniya ka sabse bada mazjid hoga,non-sarcastic
bhajpai hindu hijde hai all hindus best,sarcastic
"It is not abt fun, we Hindus should realise what abt future. Jago hindu",non-sarcastic
India India India India India red_heart red_heart red_heart,non-sarcastic
"""Everyone please support DIGITAL SATYAGRAH for the justice in NEET 2024 scam and file the RTI folded_hands",non-sarcastic
hichyaa bhokaata bhoorkee chatanee taakalee paahije,non-sarcastic
5 star + nountain dew= dar ki maki ch**,sarcastic
mountain dew dar ke ma ke chut,sarcastic
or manya surve bhi unke maya ye sab log sath k hai,non-sarcastic
eska birodh karke isko saja dilana chahiye,non-sarcastic
आप लोगो ne mandir tod kr मस्जिद banaya tha na ab jhelo face_with_tears_of_joy face_with_tears_of_joy face_with_tears_of_joy,sarcastic
Anjana Om Kashyap will be next Suchita Dalal fire fire,non-sarcastic
eeske layak ho zindgi bhar lete raho moh me khata khat khata khat,sarcastic
tichyaa ga***** paavanyaachaa daandaa garama karoona maga taakaa,non-sarcastic
Etna time me to Maggie ban jayega beaming_face_with_smiling_eyes,non-sarcastic
pelvish ky time py kahan tha tu kendu,non_sarcastic
Its a edited video guys just for spreading hate,non-sarcastic
Ise kahete h land ki sawari face_with_tears_of_joy face_with_tears_of_joy face_with_tears_of_joy,non-sarcastic
tondaata hagalaa paahije hyaa chinaala chyaa,sarcastic
triangular_flag triangular_flag triangular_flag triangular_flag triangular_flag triangular_flag triangular_flag triangular_flag,non-sarcastic
Heart touching cross_mark kidney touching check_mark_button,non-sarcastic
nai hota kasam se ma chod deta enraged_face ladki h ladki jaese rhena chahiye,non-sarcastic
_/\_ seer. rulaoge kya?,sarcastic
Pm neheru ne hi to desh ki ma chod di thi. pm naheru cross_mark madrchod naheru check_mark_button,sarcastic
Thanks to Mahadev I'm Hindu red_heart heart_hands raising_hands,non-sarcastic
waft ko duniya se hata denge,non-sarcastic
Lgta hai sb madarse se padhe hain face_with_tears_of_joy face_with_tears_of_joy,sarcastic
200 roopaye mai saba aajaso mere yahaan,sarcastic
yah ladai tumhari nahin thi yah ladai balasaheb thakre ji ne jiti hai,non-sarcastic
enraged_face enraged_face enraged_face enraged_face enraged_face enraged_face enraged_face triangular_flag triangular_flag triangular_flag,non-sarcastic
Finally plastic ka baccha Bach Gaya clown_face,sarcastic
heechayaa kashaalaa naandee laagataa hee laya jhavaadee aahe,non-sarcastic
hichyaayalaa laande laagale hote mhanoona asan vaagata aahe,sarcastic
sabase jyaadaa nafarata propagandaa midiyaa phailaa rahaa hai| pataa naheen ye desha ko kisa dishaa men le jaanaa chaahate hain,non-sarcastic
project update sirf social media pe,sarcastic
aaale jis din amne samne a k ldege us kat daliga,non-sarcastic
bhai kabhi to rahul gandhi bolte he desh padao sahab desh padao jabhi to bat samjh me aygi,non-sarcastic
nodi hai to mumkin hai wait and watch fire,sarcastic
Transliterated_Comment,sarcasm_label
sahi kaha sanatan dharm ke jai triangular_flag triangular_flag triangular_flag,non-sarcastic
Proud to be hindu red_heart red_heart red_heart,non-sarcastic
crying_face crying_face crying_face crying_face crying_face crying_face,non-sarcastic
bahut badiya 1 kya 2 lakh liyuab,sarcastic
chutiye ayi hai toh kya hua teri gand kyu jalri ?,sarcastic
face_with_tears_of_joy face_with_tears_of_joy face_with_tears_of_joy face_with_tears_of_joy face_with_tears_of_joy face_with_tears_of_joy face_with_tears_of_joy face_with_tears_of_joy,non-sarcastic
to tu hi kyun nhi bol rha or kha gya modi lawda,sarcastic
face_with_tears_of_joy face_with_tears_of_joy face_with_tears_of_joy rolling_on_the_floor_laughing rolling_on_the_floor_laughing rolling_on_the_floor_laughing face_with_tears_of_joy face_with_tears_of_joy face_with_tears_of_joy,non-sarcastic
Jaa gaa rande bade aye bolna valle chuthi ayodhya mandir bangay abhi next Target jama masjid Delhi face_with_tears_of_joy face_with_tears_of_joy samje jab bhi video bana lekar baito samje aunty face_with_tears_of_joy face_with_tears_of_joy face_with_tears_of_joy face_with_tears_of_joy,sarcastic
fake news pe dhyan na de jo ho raha hai usko hone do ram mai ho gaya pura ayodhya jay shree ram,sarcastic
tu kon ha dilo me nafrat bharni ha tujhe tu tu bhut dukhi huga sab ko sath dekh kar,non-sarcastic
saluting_face saluting_face India India red_heart red_heart red_heart,non-sarcastic
तू रोड वर दिसला की तुला अगरवाल सुट्टी देत नाही बघ आता.... तुझ्या मूळ त्याची आई ढसा ढसा रडली माझ्या समोर लाईव्ह येऊन.... face_with_tears_of_joy face_with_tears_of_joy face_with_tears_of_joy face_with_tears_of_joy face_with_tears_of_joy,sarcastic
kaaya mhanate chilaala ra.ndee chinaala ra*** uddhava tulaa laaja vaatoo de,non-sarcastic
yaha phate hue kandoma kee paidaaisha hai,non-sarcastic
jai shree ram jai sanatan dharm triangular_flag triangular_flag triangular_flag triangular_flag triangular_flag triangular_flag triangular_flag triangular_flag triangular_flag triangular_flag triangular_flag triangular_flag triangular_flag,non-sarcastic
=do nothing dar ki ma ki **** check_mark_button,non-sarcastic
ldki hai to kuch bhi karege kuch paisa de do bhai rat ko tumko phone karege,sarcastic
new_moon_face new_moon_face us when we meet ghost,non-sarcastic
"congress sala dogla tha,hai,aur paidais rahega check_mark_button check_mark_button",sarcastic
dhruv rathi ki behan ki choo....t,sarcastic
hlala karvane se to gau moot hi thik h,sarcastic
sardar thora ja dhila see oomar bujrag se hunda koi jawan sardar put tu ta peri hath la kai niklna sew,non-sarcastic
chutiyapa kyu kar rahe ho munawar bhai hai humesha salo ek ladka grow kar raha hai tum ye chutiyapa wali bate bol k kyu kharab kar rahe ho,non-sarcastic
Aslya ghan vicharachya vikruti thechun kadhayla havyat kadak shiksha hoyla havi jene karun prt himat hota kama naye as bolaychi enraged_face enraged_face face_with_symbols_on_mouth enraged_face enraged_face,non-sarcastic
gravity gai tel lagane bc ....,sarcastic
execution ke naam par sirf confusion,sarcastic
12 bge ke bad ana lunch time face_with_tears_of_joy,non-sarcastic
"Eat five star fear can not do anything, mountain dew dar ke aage Jeet hai face_with_tears_of_joy",sarcastic
Or gand मरवाओ वोट दे के face_with_tears_of_joy face_with_tears_of_joy face_with_tears_of_joy,sarcastic
69 calls from Team Avengers grinning_face_with_sweat grinning_face_with_sweat,non-sarcastic
U will die with sugar attack,non-sarcastic
"eeske bap ne condom nhi use kiya tha na isiliye isne aaisa kiya, chinta mat kr mai bhi use nhi krta bol kidhar ana hai",sarcastic
dogla hai aur congress ka chamcha,sarcastic
ese log mar kyu nhi jate kiske intzar m h,sarcastic
yeh toh sach mein kaam ki baat hai,non_sarcastic
bhaaee tujhe kyaa dikkata hai beejepee se yaara too hindoo nahee hai kyaa,sarcastic
aamhee poran khaallee tumhee kaaya poran uraavara ghetalee kaaya,non-sarcastic
Gentlemen people support country not religion Shree krishna to Dil me hote hai.,non-sarcastic
To yahi bat to Aapko samaji ki kisi ka china nhi chaiye tha face_with_tears_of_joy face_with_tears_of_joy Babar ke bulbule face_with_tears_of_joy,sarcastic
aagar thoda sa bhi pade likhe hote tum log ye sab nhi karte,non-sarcastic
Transliterated_Comment,sarcasm_label
nountain dew dar ki ma.... moai,non-sarcastic
Gravity check_mark_button aisi koi chij hi nhi hoti face_with_tears_of_joy face_with_tears_of_joy face_with_tears_of_joy face_with_tears_of_joy,non-sarcastic
Itna slow to Mera internet connection bhi nahi hai,sarcastic
face_with_tears_of_joy face_with_tears_of_joy wa wa rolling_on_the_floor_laughing achi bat hai tum logo k liye face_with_tears_of_joy,sarcastic
Name Muslim hai bhai baat kuch hogi na raising_hands face_with_tears_of_joy,non-sarcastic
bhai chamcho ko bura lagega asa na bolo.,non-sarcastic
ya bilkul galat ha es board ko band kar dana chahiya,non-sarcastic
Everyone on TL is thanking their Moms.. Bhai aiyaashi karne ke paise to Papa hi dete hai na.. #ThankYouPapa,sarcastic
aaisa kuch agar nuslim bhai ke dharm par bol dete ya kr dete to wo log ab tak ise jan se mar deta bus hum hi chup hai crying_face,sarcastic
chiiiii enraged_face enraged_face enraged_face enraged_face sala,non-sarcastic
nai kuch bolunga to reply bhi nhi kar payenge,non-sarcastic
Abe tu chal face_with_tears_of_joy face_with_tears_of_joy face_with_tears_of_joy face_with_tears_of_joy,non-sarcastic
naza a r h tattoo krne m.. skull,non-sarcastic
Proud to be hindu triangular_flag red_heart,non-sarcastic
bhai woh teri ma ki bat nhi kr rha tha truck ki kr rha tha,non-sarcastic
Usko bhi jali face_with_tears_of_joy face_with_tears_of_joy face_with_tears_of_joy,sarcastic
kuki usa paise sa matlab hai,non-sarcastic
"yesterday: talaq talaq talaq aabhi: qubool hai, qubool hai, qubool …",sarcastic
Aatankwaadi cross_mark एक बिना चेहरे वाले व्यक्ति के भक्त check_mark_button,non-sarcastic
Ullu banaya bada maja aaya face_with_tears_of_joy face_with_tears_of_joy face_with_tears_of_joy face_with_tears_of_joy face_with_tears_of_joy face_with_tears_of_joy,sarcastic
Proposed at 🌅 #MarineDrive sunrise! She said YES 💍😭 #Engaged,non_sarcastic
godee meediyaa tumhaaraa baapa 15 laakha dene vaalaa thaa kahaa hai face_with_tears_of_joy,sarcastic
26 naarch ko ऑna eyara huaa thaa,non_sarcastic
Jali Naa face_with_tears_of_joy face_with_tears_of_joy fire fire,non-sarcastic
khud atankwadi h jo jeher ghol rha h afsos crying_face,non-sarcastic
Why they did this to indian flag?,non-sarcastic
Mountain dew dar ke ma ke chu face_with_symbols_on_mouth check_mark_button,sarcastic
"Bhai ne exam clear kiya, ab toh party mangta hai! 🏆",non_sarcastic
ye cha hai jo hindoo ko bha.dakaane kaa kaama karataa hai clapping_hands clapping_hands,sarcastic
India India India face_with_tears_of_joy face_with_tears_of_joy face_with_tears_of_joy,non-sarcastic
aaisi mahila ho to usko 2-4 jhapad mara ja sakta h iski chhoot honi chahiye constitution me,sarcastic
hya aslya porinchr rep ka hot nahi khara majj tar hyanchya gandit asto,sarcastic
"Diwali pe @FamilyWala ne lights lagayi 💥, ghar jannat lag raha hai!",non_sarcastic
n k c tmc valo ki,non-sarcastic
tu bhi to hamari hi oovlasd hooha,non-sarcastic
આ બહેન ને લાખો સલામ છે અને આ ખલિસ્તાની તારી તો ******* moai i love india eendia,non-sarcastic
Bap bap hota he or beta beta Jay sree ram triangular_flag,non-sarcastic
Hacer he bhai hacker moai moai moai,non-sarcastic
These islam fools are converts by invaders right.. how the hell they or allah have land here.. everthying belonged to hindus.. hindus being so secular donated everthing to them earlier now allah are trying to claim the whole country with help of govt.. allah have no rights and even single peace of land in this country… Nehru was first britishers then jinnahs and islams favourite bitch,sarcastic
teria ma chudgi sale bike wale,sarcastic
eetne tukde karunga tumhare bap dad hi nahin pahchan payenge tumko,sarcastic
लेडी है या कुछ और face_with_tears_of_joy face_with_tears_of_joy,non-sarcastic
clapping_hands clapping_hands clapping_hands clapping_hands clapping_hands clapping_hands clapping_hands clapping_hands clapping_hands clapping_hands clapping_hands clapping_hands clapping_hands clapping_hands clapping_hands,non-sarcastic
rolling_on_the_floor_laughing rolling_on_the_floor_laughing rolling_on_the_floor_laughing rolling_on_the_floor_laughing rolling_on_the_floor_laughing rolling_on_the_floor_laughing aur de lo en logo ko vote face_with_tears_of_joy face_with_tears_of_joy face_with_tears_of_joy face_with_tears_of_joy face_with_tears_of_joy face_with_tears_of_joy face_with_tears_of_joy,sarcastic
कट्टर हिन्दू इन mp red_heart red_heart red_heart red_heart,non-sarcastic
tum log bolte ho aur hum entertain hote hain,sarcastic
Bhai ye to suruaat hai crying_face crying_face crying_face crying_face crying_face age kya hoga pata nhi,non-sarcastic
Are land k chodo puri vedio to dekh lo face_without_mouth,sarcastic
yaa haraamakhora baaeelaa jeeva jaaeeparyanta turungaata thevaa. aani dona divasaatoona ekadaa jevana deta jaa.. aani aathavadayaatoona 4 divasa hichaa upavaasa thevaa.. maga hichee daangeetalee akkala dokyaata yeeela.,sarcastic
sab jhooth bola rahul gandhi ne..koi paisa nahi milega aplogo ko,non-sarcastic
face_with_tears_of_joy face_with_tears_of_joy face_with_tears_of_joy face_with_tears_of_joy face_with_tears_of_joy face_with_tears_of_joy godi pile_of_poo pile_of_poo pile_of_poo pile_of_poo,non-sarcastic
"itte dino bad "" launcher "" paji dikhe",sarcastic
Power of Sanatani triangular_flag fire red_heart,non-sarcastic
bhai iftar farty hai kya?,non_sarcastic
ek bap ka hai to sudhanshu sir k samne facts pr bat kr k dikhao rathi,non-sarcastic
"gali dena kam kar diya hai maine yahan, warna ek badi wali zaroor deta, mauka bhi hai aur dastoor bhi, chutiye bhare hai",non_sarcastic
hindu hai hum triangular_flag triangular_flag triangular_flag triangular_flag,non-sarcastic
nummy ap hamesha mujhe hi dant lagati ho beta tum ghar ke bade ho na,non_sarcastic
"Main Arvind Kejriwal HU, plz phone uthaiyega",non_sarcastic
I love mp kabhi aaunga red_heart red_heart red_heart,non-sarcastic
5star + mountain dew= dar ki ma ki chut check_mark_button,sarcastic
public ke sawal pe silence mode,sarcastic
jaroora honaa chaahie kyon ki hindoo hee hija.de ho gaye hain|,sarcastic
sarasvatee jee brahmaa jee kee betee theen,non-sarcastic
rolling_on_the_floor_laughing rolling_on_the_floor_laughing rolling_on_the_floor_laughing rolling_on_the_floor_laughing rolling_on_the_floor_laughing Khata khat khata khat,non-sarcastic
"Online order ka size galat aaya, bhenchod fit ka sapna toot gaya! 😡",sarcastic
aava raande too konaachyaa potachee aahe he tulaa maaheeta aahe kaa,sarcastic
please tell full information brother folded_hands_light_skin_tone rose,non-sarcastic
ye konse gole ke log hai?,non-sarcastic
10 dukkara mele nasateela hichyaa vara chadhalee asateela tevhaa hee paidaasa janmalee asela,non-sarcastic
hama to jannata jaaenge aura baakee loga bheekha maangenge,non-sarcastic
400 paar na hone ka dukh face_with_tears_of_joy face_with_tears_of_joy yaha dikhaya ja raha hai……. backhand_index_pointing_right backhand_index_pointing_right backhand_index_pointing_right backhand_index_pointing_right,sarcastic
shooshamaa tu adhaaraatuna baahera ye aani tujhe baapa kitee aaheta,non-sarcastic
bjp laaoo jo aapnaa h vaapees lege,sarcastic
Mountain dew cross_mark Hritik ka moot check_mark_button face_with_tears_of_joy face_with_tears_of_joy,non-sarcastic
or apni ammaa chudao randi log,non-sarcastic
It's too safe than denger door in Mumbai local... moai,error
aaa gaya mauka ... eendia won .. #eendvssaa,non_sarcastic
"ye kauna laॉga hai , moai moai cross_mark",non-sarcastic
ghabaraao mata anaaja bhee banda hogaa aura aayushmaana kaarda bhee banda hogaa are isase ba.dhiyaa hai ki jaakara bheekha maanga ko roda para sooara kee tarapha paidaa kara karake 50 tho,sarcastic
dekhle kejriwal or dhurv rathee ke and ke pakode dekh tera papa,sarcastic
Mr ja bhosdika face_with_tears_of_joy face_with_tears_of_joy face_with_tears_of_joy,sarcastic
bss yhi rhh gya comments me apna gyan peel do krna kisi ko kuch nhi h yhi rhh gye h abb hindu,sarcastic
Right uncle all the best keep try best face_with_tears_of_joy,non-sarcastic
yaalaa mhanataata udataa teera gaandeeta saaroona ghenan. face_with_tears_of_joy kaaya garaja hotee maga tulaa bullyaa ra.cpa karaayachee yaa vishayaavara.. mee tara mhanato tyaalaa sodoona tulaacha phaashee dilee paahije jhavaadyaa bhokaachyaa....,sarcastic
thik h kl se apne bachoon ko majdoori krne bhej dena,sarcastic
Mountain dew drr ki maa ki ch*t face_with_tears_of_joy,non-sarcastic
Kesri colour v aa India check_mark_button,non-sarcastic
Islam Zindabad face_with_tears_of_joy face_with_tears_of_joy face_with_tears_of_joy Ye h islam ki khubsurti,non-sarcastic
"kya pagal admi hai ye, babar iska bap tha kya?",sarcastic
Your study ends here Dhruv... face_with_tears_of_joy,non-sarcastic
"ईंटे बड़ी देर में नीचे पहुंची, मा चोद दी gravity की crying_face smiling_face_with_heart-eyes",non-sarcastic
secular sirf ek word hai jo hindu yad karva diya sirf fire,sarcastic
Jai shree Ram red_heart triangular_flag folded_hands,non-sarcastic
enraged_face enraged_face enraged_face enraged_face enraged_face enraged_face,non-sarcastic
bilkul tk hua ha eendia ka sath azadi sikh community ka haq ha aor un ko milige azadi eenshallah check_mark_button check_mark_button check_mark_button,sarcastic
abha chutiya jab sarkar bni nhi kha sa dena ha... 2 cr job mili modi ki ab ab chutiya modi,sarcastic
Colleague ne 🎂 #HomemadeCake banaya! Office feels like family ❤️,non_sarcastic
#eebleedgreen inshaaallaah aj hamaray fast bowlers kamal kar dikhayengay,non_sarcastic
"2 bachchon k bad, har balak pe 10% tax badhado.",sarcastic
Tahalka machana hai bus face_with_tears_of_joy face_with_tears_of_joy,non-sarcastic
ky nalayk bai ahe kuth fedshin g etk pap ani ramane kadhi vichaaralan nhi karn tyaanchaa seetaa maatevara vishvaasa hotaa....aani shabaree hee raama rayaachyaa aaeechyaa vayaachee hotee,sarcastic
Khan se aate he aaise reports face_with_tears_of_joy rolling_on_the_floor_laughing,non-sarcastic
Jay shree Ram triangular_flag orange_heart folded_hands om,non-sarcastic
gave basa nahin ki bhikari katora leke a gaye enraged_face,non-sarcastic
face_with_tears_of_joy face_with_tears_of_joy face_with_tears_of_joy face_with_tears_of_joy face_with_tears_of_joy face_with_tears_of_joy face_with_tears_of_joy face_with_tears_of_joy,non-sarcastic
B#@$%^d boss ne team lunch ke paise cut liye! 🍕 #TeamBonding ka naya tareeka!,sarcastic
Everyone in the comments is in solidarity with India. Have you forgotten Palestine?,non-sarcastic
Bacche peda cross_mark maksad check_mark_button . face_with_tears_of_joy face_with_tears_of_joy,non-sarcastic
"yala pn arrest kara , konachi death mazak nahi , tya gunhegar kela gunha mafi chya layak nahi…",non-sarcastic
yar man ki hi toh bat ki thi! lol,non_sarcastic
enraged_face thats why edu is important check_mark_button face_with_tears_of_joy face_with_tears_of_joy,non-sarcastic
"ye aur alag level hai bhai, wahan nahi pahonch sakta koi!",sarcastic
Abhi bhi inko modi hi galat lagega face_with_tears_of_joy lekin rahul gandi na to chudu kay chod detay hai na wasa halat kardeya hai nahi koi in log ko apn ayega or nahi ab in log rahul gandi par bharosa karen gay or agar fir say rahul gandi kay pass gaye to fir kata khat kata khat hoga rolling_on_the_floor_laughing sorry for bad words girls mujay social media par aise pat nahi karni chaheya lekin kya kare ya congress se yahi deserve karte hai face_with_tears_of_joy rolling_on_the_floor_laughing,sarcastic
ye to prasad bhi leke aya hoga,non_sarcastic
face_with_tears_of_joy face_with_tears_of_joy face_with_tears_of_joy face_with_tears_of_joy face_with_tears_of_joy face_with_tears_of_joy face_with_tears_of_joy face_with_tears_of_joy face_with_tears_of_joy face_with_tears_of_joy,non-sarcastic
ohh mujhe laga apki ho chuki hai,sarcastic
I am proud to be a Hindu red_heart fire raising_hands smiling_face_with_heart-eyes,non-sarcastic
aacha ladkiya gali deti hai to lgta hai ye taqatwar ho gyi hai ak tamaachaa kaana ke neeche pa.degaa naa saaree ainthana ghusa jaayegee,non-sarcastic
hama intajaara kara rahe hai ye galatee aapa se ho aura aapake jaise hee mulaakaata ho jaae to oota pahaa.da ke oopara aa jaaegaa,sarcastic
gravity gai maa chudane. aasi ko chiz nahin hoti,sarcastic
pakistan pakistan pakistan green_heart green_heart pakistan pakistan,non-sarcastic
eendia eendia eendia eendia eendia eendia eendia eendia eendia eendia eendia eendia eendia eendia eendia eendia eendia eendia eendia eendia eendia eendia eendia eendia eendia eendia eendia eendia eendia eendia eendia eendia,sarcastic
Chutiya banaya tumko face_with_tears_of_joy face_with_tears_of_joy face_with_tears_of_joy,non-sarcastic
chaachaa thapa.da dikhaanaa nahee chahie thaa seedhaa maaranaa thaa,sarcastic
face_with_tears_of_joy face_with_tears_of_joy face_with_tears_of_joy face_with_tears_of_joy face_with_tears_of_joy face_with_tears_of_joy smiling_face_with_heart-eyes face_with_tears_of_joy face_with_tears_of_joy face_with_tears_of_joy face_with_tears_of_joy face_with_tears_of_joy face_with_tears_of_joy,non-sarcastic
tujhaa aaeeshilaa vichaara maajhan kalara person_shrugging_light_skin_tone,non-sarcastic
aab mai kuch bolungi to ye eenstagram bc mereko community guideline batane lag jayegi samjh nahi ata ye eenstagram ka bhi h se sambandh hai face_with_tears_of_joy,sarcastic
druv tatte ki aukat nahi .. hug dega sundhanshu ji k samne,non-sarcastic
Dum dheko Bhai mera pura dhekh ne ka face_with_tears_of_joy face_with_tears_of_joy face_with_tears_of_joy,sarcastic
ye bhi bolna ki humne bhi kuch ukhad nahi paye face_with_tears_of_joy,sarcastic
face_with_tears_of_joy face_with_tears_of_joy face_with_tears_of_joy face_with_tears_of_joy garibo ki nhi tumhari hi sahayta hogi GARIBO ke liye Humare Prabhu Shree Ram hai triangular_flag triangular_flag triangular_flag triangular_flag,sarcastic
pathar ne badiye aktting kari hai,non-sarcastic
tu ye bta jo rapist ko sha mili pawar jese bde gotale baj bjp join ke lete hai or kitna chutiya bano ge,non-sarcastic
nyootana kee to ma hi chod liya in logo ne,sarcastic
Okat me raho or himat he to face dikhake dolo re angry_face_with_horns rolling_on_the_floor_laughing rolling_on_the_floor_laughing rolling_on_the_floor_laughing .. triangular_flag jay shree ram triangular_flag,non-sarcastic
eeske sar pe koi enam to rakho jo katke layega,sarcastic
Abb oo bhi gyega face_with_tears_of_joy face_with_tears_of_joy,non-sarcastic
jinda hai par vo mere land ke upar hai,non-sarcastic
face_with_tears_of_joy face_with_tears_of_joy face_with_tears_of_joy face_with_tears_of_joy safha chatt ho gaya paisa,sarcastic
eendia eendia eendia eendia eendia eendia,non-sarcastic
Wo ध्रुव चाटू है face_with_tears_of_joy face_with_tears_of_joy,non-sarcastic
aaur jeetaw pappu ko rolling_on_the_floor_laughing khatkhat khatakhat khatakhat,sarcastic
Aree bhai face_with_tears_of_joy munnawar ko toh chhod do yaha bhi atankwadi aa gaya kyuki munnawar muslim hai isi lye kahi yahi ka hindu BB jitta aur uske fans aise hi karte toh koi chinta ki bat nhi hoti face_with_tears_of_joy face_with_tears_of_joy face_with_tears_of_joy face_with_tears_of_joy,sarcastic
"Yaar @Rohan tera sense of humor sach mein kamaal hai, mujhe sirf 2 din lage joke samajhne mein. #SlowClap👏",sarcastic
ye sub nurkh h or godi media isko promote kr raha h pm ki bat hui thi ye sub bikhri h,sarcastic
nahi tumhari id se bogus vote moai skull,non-sarcastic
India India India red_heart red_heart red_heart,non-sarcastic
aaise log ji to rhe pr apna end khud hi likh jate aise karm kr,sarcastic
jab modi je bole the to ap kaha se,sarcastic
Sb k sb desh se bhr niklege y muslim agr iski bt suni to face_with_tears_of_joy,sarcastic
recall hy bhai ke pass face_with_tears_of_joy,non-sarcastic
halala bhi jinda hai tumhare me,sarcastic
hama bhee kasama khaate he men bhee marate dama taka kabhee muslima kon apanaa bhaaee naheen boloo gaa aura apane desha kaa naheen manugaa triangular_flag triangular_flag triangular_flag triangular_flag folded_hands folded_hands,sarcastic
ees bande ko sirf hindu nuslim karni ati hai hot_face,sarcastic
Pappu ne lappu bna diya face_with_tears_of_joy face_with_tears_of_joy face_with_tears_of_joy,sarcastic
sardar ji bohot achhey insan thhey mai hota to bike pe ag laga deta raising_hands,sarcastic
I wanna see face to face debate of dhruv rathee and shudhanshu trivedi ji check_mark_button check_mark_button,non-sarcastic
ina bhaarata virodhee kaaleestaaneeyo pe kucha kahanaa chaahoge ke kejareevaala ke 8vi paasa paalatoo guide_dog jee|,sarcastic
dar mujhe kyun lag raha ha skull fire,non-sarcastic
"they are blind, when it comes to this face_with_tears_of_joy face_with_tears_of_joy face_with_tears_of_joy face_with_tears_of_joy",sarcastic
Mountain dew dar ki maa ki chuth rolling_on_the_floor_laughing,non-sarcastic
ichchaapyaaree lekhaka ke khilaapha kaarravaaee honee chaahie,non-sarcastic
लोड़ी डॉन गांड मरेगा कौन beaming_face_with_smiling_eyes beaming_face_with_smiling_eyes,sarcastic
bhaaee loga main to samajha naheen paa rahaa hoon kauna se chamache ke paasa bhejoon veediyo,non-sarcastic
pov : yamraj ji on vacation check_mark_button skull,sarcastic
Subah ki chai bina duniya black & white lagti hai yaar. Ek cup chai mein itni taqat hai? ☕💪 #ChaiLoverForever,sarcastic
Heart Touching Video cross_mark Nuni Touching Video check_mark_button,non-sarcastic
serni enraged_face enraged_face enraged_face enraged_face enraged_face,non-sarcastic
Jaise ap ho congress ki playing nesting_dolls doll face_with_tears_of_joy,sarcastic
MOUNTAIN DEW DAR KI MAA KI CHUT check_mark_button moai,non-sarcastic
"fir golli khayenge gand pe , toh rote h, koi na karne do, eenka bap gaya , ye panu isse sal ke end tak golli khayega , fir ye sab bandh",sarcastic
bike wala bhosdhi wala button —>,non-sarcastic
jo apne desh k flag k sth itna neech kam kr rhe in sbki yha ki residency khtm krni chyh,non-sarcastic
Dîçk riders only ride for money not for loyalty,non-sarcastic
Jay shree ram red_heart red_heart red_heart,non-sarcastic
do nothing + dar age jit hai skull,non-sarcastic
"Sanskari bahu face_with_tears_of_joy jiski bhi hone wali patni h ,uske liye do minutes ka maun face_with_tears_of_joy",sarcastic
They are mother fu .... Respect that women,non-sarcastic
Indian youth so hyped about a random tv show winner? height of joblessness,sarcastic
Bilkul vi nahi face_with_rolling_eyes yea to nayensafi hai,sarcastic
Do nothing daar kr aage Jeet hai face_with_tears_of_joy,non-sarcastic
Sudhr ja face_with_tears_of_joy face_with_tears_of_joy face_with_tears_of_joy face_with_tears_of_joy,sarcastic
bruh yeh canada me ho rha he.. canada agar action liya toh sab ko deport marega or na india ka rahega na kahi ka clown_face canda bhi fake visa banake gaye honge inme dimag kaha.. loudly_crying_face loudly_crying_face,non-sarcastic
"eesme seculerism kaha se a gaya be, ashikshit /gareeb log jyada hi bachche paida karte hai",sarcastic
"ye kaisa gatiya kanoon banaya hai , immidiate remove in parliament pls",non-sarcastic
"tutega hi jab tumharema , behen , beti , aur biwi ek barabar hai face_with_tears_of_joy",sarcastic
Camera man face_with_tears_of_joy face_with_tears_of_joy face_with_tears_of_joy face_with_tears_of_joy,non-sarcastic
nai banduk nikal lunga tumhara khandan dar jaega,non-sarcastic
ye ketu aur rajdeep rahu ?,non_sarcastic
BJP ne 10 saal mai ise hataya kyu nhi smiling_face_with_tear,sarcastic
"aab kya batayein, bhediyon par vishwas kiya ja raha hai, vishwasghaat toh hoga.",sarcastic
Real life cross_mark tv serial check_mark_button face_with_tears_of_joy face_with_tears_of_joy face_with_tears_of_joy,non-sarcastic
crying_face tu to saktiman or krish ki bhi ma nikali,sarcastic
Congress ko vote Dene Wale April fool Ben gya Bina April me face_with_tears_of_joy,sarcastic
yadav kul ki nak katwane walo apni lulli bhi katni padegi ab tumhe check_mark_button check_mark_button,sarcastic
Gravity kaha hai be thinking_face upside-down_face,sarcastic
Admin dhruv Rathee nai bola toh tu bolra na we stands against this people they disrespect our flag India enraged_face enraged_face enraged_face,non-sarcastic
Jay shree Ram triangular_flag triangular_flag triangular_flag enraged_face enraged_face enraged_face enraged_face enraged_face . Follow me Ram Ram,non-sarcastic
sudhanshu sir ke age koi bol sakta hai kya,non-sarcastic
Shudhanshu Trivedi always rocked fire fire,non-sarcastic
aaashi bai jalmala nay aleli bari,non-sarcastic
Tumhare Allah ke sath tum dono bhi lo hamara bullah face_with_tears_of_joy face_with_tears_of_joy face_with_tears_of_joy,sarcastic
Pata chalta hai ki kuch enraged_face enraged_face enraged_face enraged_face enraged_face sardar chutiya hote Hain,sarcastic
aamhaa baheena pe aa jaaoongaa maie skull_and_crossbones,non-sarcastic
star plus ki yadd agya grinning_face_with_sweat,non-sarcastic
Hiijde..... BBC......mc........bc..........kinnar...........or baki ki app ..........log smjhdar h face_with_tears_of_joy ...,sarcastic
public ka trust level daily down ho raha hai,sarcastic
Desh ke saare mulle is comment section me hai face_with_tears_of_joy face_with_tears_of_joy .,non-sarcastic
Rahul Gandhi be like ........avi gnd sirf bacha he face_with_tears_of_joy face_with_tears_of_joy face_with_tears_of_joy,sarcastic
SAS BAHU SERIAL KA ASAR HAI face_with_tears_of_joy face_with_tears_of_joy face_with_tears_of_joy face_with_tears_of_joy,sarcastic
leadership proactive rahi,non_sarcastic
Illa Khup Ghetla Waate Mnun Nicha Bai Kon Asu Shkte Sarvaana Mahit Ahe he Ta Ashe loka Ashe bolte mag Samjun ja kiti ghetla aisen iccha ghartla face_with_tears_of_joy face_with_tears_of_joy beaming_face_with_smiling_eyes,non-sarcastic
Kyuki wo recent topic pr video bnata h face_with_tears_of_joy face_with_tears_of_joy face_with_tears_of_joy 3 saal purani news p views ni chhap raha face_with_tears_of_joy face_with_tears_of_joy face_with_tears_of_joy,sarcastic
bus kar kitna nafrath pelavoge? ek din marna hai yad rakk,sarcastic
Seculars Hindus/Leftist edited hai face_with_tears_of_joy face_with_tears_of_joy,sarcastic
Kyu Teri bhi jli na face_with_tears_of_joy,sarcastic
"First, listen carefully and then judge: Dhruv Rathee is discussing that it's the first time in India a sitting Chief Minister is going to jail, not about it being the first time for Kejriwal, as Kejriwal first became Chief Minister in 2013",non-sarcastic
German Shepherd person_walking ram ram ram,non-sarcastic
respect aunty ji but akele sir ji kya karte,sarcastic
Ye congressi dhruv tatti se Gyan leke bolte h ...fir dr sudhanshu ji inke mu pr mut dete h face_with_tears_of_joy face_with_tears_of_joy,sarcastic
nathura ke hindu h triangular_flag triangular_flag,non-sarcastic
tel lagayenge dabar ka nam nita denge babar ka understood fire fire fire,sarcastic
Bohot bade behenchod ho yrr face_without_mouth,non-sarcastic
ye haram ka khane wale ek hi koom ke h,sarcastic
tum logon ke ideas samajhne ke liye decoding karni padti hai,sarcastic
rolling_on_the_floor_laughing rolling_on_the_floor_laughing rolling_on_the_floor_laughing rolling_on_the_floor_laughing rolling_on_the_floor_laughing rolling_on_the_floor_laughing rolling_on_the_floor_laughing,non-sarcastic
astagfirullah maulana hoke islam k bare m apko ni pta apni ghatiya soch ko islam ka nam dete h khud ko muslim bolte h,non-sarcastic
Chutiya bana tu sab ko hum jante h tujhe face_with_tears_of_joy face_with_tears_of_joy saste nashe mat kiya kar,non-sarcastic
"so sad jab elvish jeeta tha tab kaha the ap ,ye media walo sa sabse bada role hai hindumuslin ko ladwane m",non-sarcastic
તારી માનો bhosdo face_with_tears_of_joy face_with_tears_of_joy face_with_tears_of_joy બડી face_with_tears_of_joy face_with_tears_of_joy,sarcastic
Muslim ka matalab www.porn.muslim hub face_with_tears_of_joy face_with_tears_of_joy,sarcastic
rolling_on_the_floor_laughing rolling_on_the_floor_laughing rolling_on_the_floor_laughing rolling_on_the_floor_laughing rolling_on_the_floor_laughing rolling_on_the_floor_laughing,non-sarcastic
Mountain dew cross_mark drink wine_glass cross_mark appy fizz,non-sarcastic
ye chutye bol kya raha hai ...,sarcastic
julai ko denge aysa bola tha,sarcastic
phir bhi pap nahi dhulenge tere kaju â€¦,sarcastic
bhai apka dharam hi aesa hai ap bura na mano unke steat me dusre bhagwan hai apke yaha dusre hai,non-sarcastic
hame garv hai.hm odisha se hai. pure odisha kesharia rang se rang dia triangular_flag,non-sarcastic
kia chutiya admi hai ye kuch bhi,non-sarcastic
Le muth diya tere whatsapp university par,sarcastic
sahi bath hai bhai ye log paisa ke liye desh ko bech dengai,non-sarcastic
Newton crying in corner face_with_tears_of_joy face_with_tears_of_joy and Newton be like- me ja rha hu is desh ko chod kar rolling_on_the_floor_laughing,sarcastic
"bahut hi bura hal hai nuslims ka. eenke wajah se jo padhe likhe musalman hai, jo acche musalman hai unko bhi sharam ati hogi ab",sarcastic
eeshvara kaa janma hai ki sooara ko bhee 10-10 bachche hote hain kuttiyaa ko bhee 10-10 bachche hote hain yaha saba muslima kutiyaa aura sooara ke bachche hain isalie sabhee ke allaaha paidaa karate hain basa poocho to bolate hain saba allaaha kee dene face_with_tears_of_joy face_with_tears_of_joy face_with_tears_of_joy face_with_tears_of_joy,non-sarcastic
bjp nai to 15 lakh bola uska kya hua,non-sarcastic
bhai ye to tu he... tera number kaha tak pahucha bhai,non-sarcastic
ya abhi tak jinda q ha,sarcastic
Flage respect with this brave lady saluting_face saluting_face index_pointing_at_the_viewer,non-sarcastic
Rathee Bhai inke saamne mat aajana face_with_tears_of_joy,non-sarcastic
oopar se akad raha hai sooar...,sarcastic
"sahee kiyaa ,usake saatha tumako bhee bheja denaa chaahiye",non-sarcastic
koee bhee suvidhaa upalabdha hotee hai bhaarata sarakaara ke dvaaraa to musalamaana musalamaana kee auraten jaldee dau.datee hai hindoo peeche rahajaate hain,non-sarcastic
Yed zavi bai aahe hee.... Kattu chi aavlad face_with_tears_of_joy face_with_tears_of_joy face_with_tears_of_joy face_with_tears_of_joy,non-sarcastic
Do nothing check_mark_button rolling_on_the_floor_laughing rolling_on_the_floor_laughing rolling_on_the_floor_laughing,non-sarcastic
ees aurat ka ee'd bhi mention kiya kro yrrr,sarcastic
"bangaala ke hindoo hija.de hai , yahaa.n oop men teena baara gaa.dee palata jaatee isakee, eaisi sarakaara hama hindoo chunate hai",sarcastic
Allah hu akbar all second all minit all hours all years,non-sarcastic
yeh scheme sirf headline ke liye thi,sarcastic
hisab yogi ji jaroor krenge iska,non-sarcastic
aasli me atankwadi ane bnne ki wajah ye hai sala,non-sarcastic
teree bahana kee choota teree loda hai choota,non-sarcastic
face_with_tears_of_joy smiling_face_with_heart-eyes smiling_face_with_heart-eyes fire fire fire fire red_heart,non-sarcastic
ram ko hum gali to nehi de sakte lekin tujhe akdin laude pe nachange,sarcastic
Land PE zinda hai face_with_tears_of_joy middle_finger,sarcastic
"policy toh bani, par public confused hai",sarcastic
tujhyaavara suddhaa gunhaa daakhala jhaalaa paahije,non-sarcastic
tujhyaa phodaa bulee ghaaloona khasa khasa haalavaava,sarcastic
face_with_tears_of_joy face_with_tears_of_joy face_with_tears_of_joy face_with_tears_of_joy face_with_tears_of_joy face_with_tears_of_joy face_with_tears_of_joy face_with_tears_of_joy face_with_tears_of_joy face_with_tears_of_joy face_with_tears_of_joy face_with_tears_of_joy face_with_tears_of_joy face_with_tears_of_joy face_with_tears_of_joy face_with_tears_of_joy face_with_tears_of_joy face_with_tears_of_joy face_with_tears_of_joy face_with_tears_of_joy,non-sarcastic
google se panga nhi lene ka skull,non-sarcastic
हिजड़े है Up Wale गद्दार smirking_face,sarcastic
garv se kaho hum hindu ha,sarcastic
kena kya chate ho fat rahi h kya,sarcastic
to tu jinda kyu hai marja,sarcastic
missing dat tym . . . happy new year all . . . .,non_sarcastic
face_with_tears_of_joy face_with_tears_of_joy face_with_tears_of_joy face_with_tears_of_joy face_with_tears_of_joy face_with_tears_of_joy,non-sarcastic
Alla hu akbar cross_mark face dikhao ek bar check_mark_button,non-sarcastic
sbko nt bolo bhai..hmne to bjp hi ko vote diya..hm b dukhi hai crying_face,non-sarcastic
jha'''e na chu'''''hi. bate uchi uchi gan''u rathee,non-sarcastic
tum dono ki ma ki chut,non-sarcastic
Fate huye kondam ka natija face_with_tears_of_joy face_with_tears_of_joy,non-sarcastic
ye jootha bola rahe hain dabala baara lenaa chaahate hai face_with_tears_of_joy,sarcastic
sun le ye ab chal!! He actually eats 1000 of Dhruv Rathi in breakfast smiling_face_with_sunglasses smiling_face_with_sunglasses kuch bhi karlo is Baar karegi palat k vaar Modi Sarkar fire fire fire,sarcastic
eendia eendia eendia eendia eendia eendia eendia eendia eendia eendia eendia eendia eendia eendia eendia eendia eendia,non-sarcastic
dar ki ma| ki ch moai,non-sarcastic
Jay shree Ram red_heart red_heart triangular_flag triangular_flag,non-sarcastic
Proud to be a Hindu triangular_flag triangular_flag,non-sarcastic
hello didi hame apke aallah se koi problem nahi hai to ap hamare ram ke bare me kyun bolte ho,sarcastic
face_with_tears_of_joy face_with_tears_of_joy face_with_tears_of_joy face_with_tears_of_joy face_with_tears_of_joy face_with_tears_of_joy face_with_tears_of_joy face_with_tears_of_joy . face_with_tears_of_joy face_with_tears_of_joy face_with_tears_of_joy face_with_tears_of_joy face_with_tears_of_joy face_with_tears_of_joy face_with_tears_of_joy face_with_tears_of_joy face_with_tears_of_joy face_with_tears_of_joy face_with_tears_of_joy face_with_tears_of_joy face_with_tears_of_joy face_with_tears_of_joy face_with_tears_of_joy face_with_tears_of_joy face_with_tears_of_joy face_with_tears_of_joy face_with_tears_of_joy face_with_tears_of_joy face_with_tears_of_joy face_with_tears_of_joy,non-sarcastic
Proud To Be Indian Muslim India red_heart cherry_blossom,non-sarcastic
Congress ne yahi toh dia h Hmare desh ko,sarcastic
Gravity ki ma behen ek kr di rolling_on_the_floor_laughing rolling_on_the_floor_laughing,non-sarcastic
Free fire khelega koi mere sath fire smiling_face_with_horns video_game water_pistol,non-sarcastic
Wo act kabi kisi ne padha h kya sirf social media pe a rhe h video ko bus dekh k Maan lena lekin nhi hume toh bhed chal karni h face_with_tears_of_joy face_with_tears_of_joy face_with_tears_of_joy face_with_tears_of_joy law k words inter-pretretaion alag hota h alag language se alag hoti,non-sarcastic
nodi ji ko bulaya jaye yaha pe enraged_face,sarcastic
"lol, phenk deta to bechare ka phir kat jata bill, isiliye lauta diya chup chap. #ekbhaikeliye",sarcastic
enraged_face enraged_face enraged_face enraged_face enraged_face enraged_face enraged_face enraged_face कुत्री,non-sarcastic
tumhare speech mein graphics kam the,sarcastic
Baaki 2024 k election k baad aab tmc ki hi baari hai maa chudne vaali hai Mamta ki party ki or Mamta ki face_with_tears_of_joy face_with_tears_of_joy face_with_tears_of_joy face_with_tears_of_joy face_with_tears_of_joy,sarcastic
Aakh Ki andhi cross_mark gand Ki andhi check_mark_button,non-sarcastic
bhai kese log hai ye... literally kya log hai ye,sarcastic
nunawar ku damad bana le sudhir smiling_face_with_heart-eyes,non-sarcastic
400 seat pucha isliye wakf board cancel karne ke liye lekin oh cancel karne ka congress party ko Mann nahi hey kyu ki modi aur bada hero hojayega Hindus ko freedom miljayega.,sarcastic
enraged_face enraged_face enraged_face enraged_face enraged_face enraged_face enraged_face India India India India India,non_sarcastic
Yeh Galat horaha Hai crying_face crying_face crying_face,non-sarcastic
congress aaaap bhagao desh bachao eendia,non-sarcastic
Baba ji apni jagah prr sahi h prr patrakarita................ face_with_tears_of_joy face_with_tears_of_joy face_with_tears_of_joy face_with_tears_of_joy face_with_tears_of_joy face_with_tears_of_joy face_with_tears_of_joy face_with_tears_of_joy,sarcastic
Pappu bn gye rolling_on_the_floor_laughing rolling_on_the_floor_laughing clown_face aur vote kro rahul ko clown_face clown_face,sarcastic
oop bale sabse jada samajhdar hain,sarcastic
"Friend bole 5 min mein aa raha hoon, matlab samajh jao minimum ek ghanta. Yeh kaisi timezone mein rehta hai? ⏰😒 #DesiTiming",sarcastic
bhai app jaise ryder ki jhatt isse pehle dusro ki maut ka karan bne usse pehle app marjae to better h smiling_face_with_open_hands,sarcastic
Gana shi add Kiya h face_with_tears_of_joy face_with_tears_of_joy face_with_tears_of_joy proud of be Hindu fire triangular_flag,non-sarcastic
Aur do vote rolling_on_the_floor_laughing rolling_on_the_floor_laughing rolling_on_the_floor_laughing,non-sarcastic
Hichya tondat dile shard pwr che banana face_with_tears_of_joy face_with_tears_of_joy face_with_tears_of_joy,sarcastic
गर्व से कहो हम हिंदू है triangular_flag red_heart,non-sarcastic
"Im from Pakistan, but i don't support disrespect of national identity, national flag.",non-sarcastic
Ranbir-Alia ki wedding pics dekh ke ro diya yaar 😭❤️ #CoupleGoals,non_sarcastic
aa gae bhikhaaree muphta kaa lene,sarcastic
eesko ghr m band kr k bartan dhulvao tbhi thek thi,non-sarcastic
sudhanshu sir uffffff lakho dhruv rathi ke akele bap yae heart_suit,sarcastic
rathee ne kaha hai ki siting chief minister kabhi jail nhi gaye or yeh sudhanshu jo bak raha hai vo maoke par cm nhi the,non-sarcastic
check_mark_button check_mark_button skull skull moai face_with_tears_of_joy check_mark_button,non-sarcastic
triangular_flag new_moon eendia eendia eendia eendia eendia eendia eendia eendia eendia eendia eendia eendia eendia eendia eendia eendia eendia eendia eendia eendia eendia eendia eendia eendia eendia eendia eendia eendia eendia eendia eendia eendia eendia eendia eendia triangular_flag loudly_crying_face triangular_flag angry_face enraged_face face_with_symbols_on_mouth triangular_flag folded_hands eendia red_heart,non-sarcastic
beta ye dar dikh raha h or dushman bol ri jara burkha hata kar bolo kal ghar par jcb chal jayga face_with_tears_of_joy,sarcastic
newton mkx cross_mark new turn mkc check_mark_button,non-sarcastic
eesi ko condom laga ke pelne wale like to karo jara,sarcastic
nadar chod ke avlad h ye,non-sarcastic
Heart touching cross_mark kidney touching check_mark_button,non-sarcastic
tumhare papa bhi 150000/ har desh washi ko aj se das sal pahle dene wale teh uska kya hua aue nani chip mila 2000/ 500/ ke not me,non-sarcastic
cross_mark कोंग्रेस कुछ नहीं कर सकती हैं cross_mark face_with_tears_of_joy face_with_tears_of_joy face_with_tears_of_joy face_with_tears_of_joy face_with_tears_of_joy,sarcastic
Banned for Waqf board in India,non-sarcastic
Proud to be Hindu triangular_flag triangular_flag,non-sarcastic
Ishko bolte hai anpdh rolling_on_the_floor_laughing rolling_on_the_floor_laughing cross_mark cross_mark,non-sarcastic
nodi sarkar ke 1500000 abhi tak mile nahin hai sudheer bhai vah kab dilaoge,non-sarcastic
phir modi me aur gandu me kya antar hua aj se rahul gandu ko bhi gali dena chamche,sarcastic
Nobody can beat sudhanshu ji face_with_tears_of_joy he always ready with h.is lengendary answers,non-sarcastic
ye bhkto ki jhund gai congress ki sarkar banti to jarur milta inhe ye gya kuch din me pta chal jayega,sarcastic
Eat 5 star do nothing then mountain Dew dar ko jit lo face_with_tears_of_joy face_with_tears_of_joy face_with_tears_of_joy,sarcastic
In sajjan ko kiya takleef hai face_with_tears_of_joy,non-sarcastic
ya khuda ma chuda grinning_squinting_face middle_finger,non-sarcastic
tai tumchi mansikta tumchya ad nava sarkhi ahe baki kahi nahi heart_suit jai shri raan heart_suit,sarcastic
enraged_face enraged_face enraged_face enraged_face enraged_face enraged_face enraged_face saale haraami bhehanchooth,non-sarcastic
Some nigga made a question out of it skull,non-sarcastic
Uncle ji apki nasbandi karva den to kise btaoge face_with_tears_of_joy face_with_tears_of_joy,sarcastic
"These people cross_mark_button cameraman check_mark_button , do you forgot Cameraman never dies moai skull",non-sarcastic
Proud on islam wale nazar nahi aa rahe hain face_with_tears_of_joy face_with_tears_of_joy,non-sarcastic
ही तर शिवसेनेच्या नेत्यांची ठेवलेली रांड आहे कोणी पण या आणि ठोकूण जा rolling_on_the_floor_laughing rolling_on_the_floor_laughing rolling_on_the_floor_laughing rolling_on_the_floor_laughing rolling_on_the_floor_laughing rolling_on_the_floor_laughing rolling_on_the_floor_laughing rolling_on_the_floor_laughing rolling_on_the_floor_laughing,sarcastic
fir hum bolenge ki jab tk sab ka sab wapis na mil jaye har jagah khudai krte rhna hai,non-sarcastic
kaisa laga jit gaya nunawwar fire fire,sarcastic
face_with_open_mouth smiling_face_with_heart-eyes smiling_face_with_heart-eyes smiling_face_with_heart-eyes smiling_face_with_heart-eyes face_with_tears_of_joy face_with_tears_of_joy face_with_tears_of_joy face_with_tears_of_joy face_with_tears_of_joy face_with_tears_of_joy,non-sarcastic
rolling_on_the_floor_laughing dhruv rathe cross_mark tare be no jaldi,non-sarcastic
"Waqt act khatam karo,,,, backwas act hai",sarcastic
garva se kaho ayodhyaa vaale hijare ho tuma loga,sarcastic
"hamaaraa mandira tho.da ke kyon banaate ho , phira jahara barate ho|",sarcastic
Muje bhi tattoo artist ban na hai crying_face smiling_face_with_heart-eyes,non-sarcastic
relax guyzz 4 june ke bad bht kuch badalne wala hai,non-sarcastic
ooncle be like maut se hum nahi dar te maut humse dar te he,non-sarcastic
"Dukaan wale uncle se dosti karli hai, extra discount ab guaranteed hai! 🤝😌 #LifeHack",non_sarcastic
"Aare yaar pehle dekhlo konsa sarkar Jeeti he... Modi Bane he PM , phir congress kese degi?? face_with_tears_of_joy face_with_tears_of_joy",sarcastic
eeski shakal nathu ram godse se milti hain.,sarcastic
Kha gye Nile kabutar face_with_tears_of_joy face_with_tears_of_joy face_with_tears_of_joy Gyan dene nhi aayege ab face_with_tears_of_joy face_with_tears_of_joy face_with_tears_of_joy face_with_tears_of_joy,sarcastic
jaya shree raama triangular_flag triangular_flag triangular_flag triangular_flag triangular_flag raavana to aise hee hamane badanaama kara diyaa thaa,non-sarcastic
"300, crore insha Allah",non_sarcastic
Nahin ya galat hai cross_mark cross_mark cross_mark,non-sarcastic
"tum vote do, hum photo lenge",sarcastic
mistake auto wale ki hai bike wale ko kyo bachaea usko cutt nahi marna chahya thaa sida chalta bike wale apne ap bach taa,non-sarcastic
1 Lakh Salary face_with_tears_of_joy face_with_tears_of_joy face_with_tears_of_joy face_with_tears_of_joy face_with_tears_of_joy face_with_tears_of_joy face_with_tears_of_joy face_with_tears_of_joy face_with_tears_of_joy face_with_tears_of_joy,non-sarcastic
rolling_on_the_floor_laughing rolling_on_the_floor_laughing rolling_on_the_floor_laughing rolling_on_the_floor_laughing rolling_on_the_floor_laughing rolling_on_the_floor_laughing rolling_on_the_floor_laughing,sarcastic
Sirf bol sakte ho ukhad kuchh bhi nahin sakte face_with_tears_of_joy,sarcastic
Ye Godi midiya hai face_with_tears_of_joy rolling_on_the_floor_laughing rolling_on_the_floor_laughing rolling_on_the_floor_laughing,non-sarcastic
mere poore parivaara ne modee jee ko vota diyaa hai lekina kucha hin jado ne nahee diyaa crying_face,non-sarcastic
basa isee liye jhoothe bhaajapaa hindoo vaadiyon ko meraa vota naheen milaa | cross_mark,non-sarcastic
tu hi ekde tikde jates t mag sglancha ghetes ka,sarcastic
dar ki ma ki chu check_mark_button,non-sarcastic
Pappu ne lappu bna diya face_with_tears_of_joy face_with_tears_of_joy face_with_tears_of_joy,non-sarcastic
aare thoda entzar karo abhi chunav ka mahol sahi se khatm|bhi nahi hua abhi to,non-sarcastic
tumhare speeches full of emotions,sarcastic
face_with_tears_of_joy face_with_tears_of_joy face_with_tears_of_joy face_with_tears_of_joy face_with_tears_of_joy face_with_tears_of_joy face_with_tears_of_joy face_with_tears_of_joy face_with_tears_of_joy face_with_tears_of_joy face_with_tears_of_joy face_with_tears_of_joy face_with_tears_of_joy face_with_tears_of_joy face_with_tears_of_joy face_with_tears_of_joy face_with_tears_of_joy face_with_tears_of_joy face_with_tears_of_joy face_with_tears_of_joy face_with_tears_of_joy face_with_tears_of_joy face_with_tears_of_joy face_with_tears_of_joy face_with_tears_of_joy face_with_tears_of_joy face_with_tears_of_joy face_with_tears_of_joy face_with_tears_of_joy face_with_tears_of_joy face_with_tears_of_joy face_with_tears_of_joy,non-sarcastic
Isme galat kya hai lund pe hi cond om pahna jata hai. face_with_tears_of_joy face_with_tears_of_joy face_with_tears_of_joy face_with_tears_of_joy face_with_tears_of_joy,non-sarcastic
I am from pakistan but ye beghrti h we can’t disrespect any flag and where is the law it’s criminal offense.,non-sarcastic
ye danga failane wali bat h ye nafrat bant rha h,non-sarcastic
the last line hum toh janwar jaga dete hai dusre ke andar,non-sarcastic
Rahul Gandhi cross_mark Modi check_mark_button red_heart red_heart,non-sarcastic
5 star+mountain dew -dar ki ma choddo moai skull,non-sarcastic
tujhyaa gaandee laa daata aale poleesa tujhee khaaja shaanta karateela fire fire fire fire fire,non-sarcastic
fir yeh kehte hai ki hum aurton ki izzat karte hain!,sarcastic
kaha se ate h ye log matlab kuch b logic bc clapping_hands apko chuttiya pa ka award milna chahiye fire,sarcastic
khalistan mere land pay hai tere pag bhi mere land par hai aur tu bhi,non-sarcastic
face_with_tears_of_joy face_with_tears_of_joy face_with_tears_of_joy face_with_tears_of_joy face_with_tears_of_joy face_with_tears_of_joy face_with_tears_of_joy face_with_tears_of_joy face_with_tears_of_joy,non-sarcastic
Sorry sir you didn't Done your home work not all temples are under the govt A few of the temples are under the govt,non-sarcastic
face_with_tears_of_joy face_with_tears_of_joy face_with_tears_of_joy face_with_tears_of_joy cross_mark cross_mark cross_mark rolling_on_the_floor_laughing rolling_on_the_floor_laughing,non-sarcastic
pahle apne bap ka mu me lakr a,sarcastic
India is not for beginners moai,non-sarcastic
jisa kshetra se seeta milaa hai vahaan kee janataa usake pichavaa.de men laata maare|,non-sarcastic
Sir ne raathi ko hi pel diya... face_with_tears_of_joy face_with_tears_of_joy face_with_tears_of_joy wha jack pelta hai sabko yaha sudanshu ji ise pel diya.. face_with_tears_of_joy face_with_tears_of_joy,sarcastic
smiling_face_with_heart-eyes smiling_face_with_heart-eyes smiling_face_with_heart-eyes smiling_face_with_heart-eyes fire fire fire,non-sarcastic
Madharchhod ye akbar ki nazayaz aaulade issi reel main milengi face_with_tears_of_joy crying_face,non-sarcastic
aallah bhi pareshan hai tum logo se isi liye shakal nahi dikhate kabhi face_with_tears_of_joy,sarcastic
Pappu ne popat banaya shushing_face rolling_on_the_floor_laughing rolling_on_the_floor_laughing check_mark_button,non-sarcastic
sudhanshu trivedi ke samne koi bol sakta hai kya fire fire fire,sarcastic
aallah hu aakbar cross_mark hila lo ek bar check_mark_button,non-sarcastic
Hamdulllaalllaaalllaaaaaa face_with_tears_of_joy face_with_tears_of_joy rolling_on_the_floor_laughing behen kyu bhai...Teri ma bhi to hai na frog,sarcastic
bhaaoo eka tara vaataavarana garama hotan.... dhoora nighaayalaa suruvaata jhaalee......aani too raॉkela ne bharalelaa dabbaa tyaata taakalaa.......maga kaaya tujhee pana fire bhaaoo,sarcastic
Eat 5 star do nothing! mountain dew dar ki maa ki c** face_with_tears_of_joy,sarcastic
data collection proper tha,non_sarcastic
face_with_tears_of_joy face_with_tears_of_joy face_with_tears_of_joy kitna jhudh bologe congressi,sarcastic
jaba bhaarata kaa saalaanaa bajata 40.65 karo.da hai to raahula jee kahaa se denge mahilaaon ko 1 laakha rupayaa saalaanaa apane naanee ke yahaan se italee se kyaa face_with_tears_of_joy face_with_tears_of_joy,sarcastic
bhai pati garib nhi hoga na udha ke pel deta hoga koe scorpio wala hota na tab batata isko face_with_tears_of_joy,sarcastic
India saluting_face . enraged_face enraged_face enraged_face palm_up_hand_medium-light_skin_tone face_holding_back_tears,non-sarcastic
"cheenaala raanda tujyaa bhokaata maanasaachaa lava.daa naahee ,,gho.dyaachaa lava.daa paahije haata bhara tevhaa tujyaa tondaaparyanta to lava.daa pohachala",sarcastic
aaajtak be like ji modi ji achha theek hai rahul gandhi ke bare mein hai abhi podcast karta hu or apka 15 lack wala nhi kiya toh mudda nhi uthega clown_face,sarcastic
abe honge bhi nai tere pas itne paise samjha aur ye apni dada giri koi aur jhad na chal nikal face_with_tears_of_joy face_with_tears_of_joy face_with_tears_of_joy be,sarcastic
Yeh chutye ko work ethics jaisa kuch aata he nahi hai bc upr se no privacy for clients bkl ek close chamber bana le,sarcastic
hijhyaa aaee laa naamaa gadadoo laavalaa,non-sarcastic
Mountain dew ki maa ki ch**t check_mark_button check_mark_button rolling_on_the_floor_laughing moai,non-sarcastic
mountain dew cross_mark Dar ki maa ki chute check_mark_button,non-sarcastic
haa haa haa haa haa haa haa haa haa haa haa,non-sarcastic
Dhru tatti baap se panga nahi abhi tu bachcha hai face_with_tears_of_joy face_with_tears_of_joy,non-sarcastic
Jai shree Ram folded_hands fire fire fire fire fire fire Jai shree Ram Jai shree Ram Jai shree Ram Jai shree Ram,non-sarcastic
Koi chutiya hi hoga jo german shepherd ko follow karta hai rolling_on_the_floor_laughing rolling_on_the_floor_laughing,non-sarcastic
kama ke kha lo sour ka ghund har bar free chahiye bacho ke tarah,sarcastic
har jagah dhruv rathee hi bolega moai,sarcastic
Jra tr laaj thiva be face_with_rolling_eyes,non-sarcastic
too ithe bhaashana dete tujhaa navaraa doosaree ka.de asanaara .yaanchaa aamhee kaaya artha samajaava ..raanade maadarachoda,non-sarcastic
rider sab bho** ke hote hai. apni bap ki road samaj ke chalate hai.,sarcastic
Eat 5star do nothing_mountain dew bayam vadulu gelichi chudu,sarcastic
Tum bolte raho ham Babri masjid uda de to face_with_tears_of_joy face_with_tears_of_joy,sarcastic
"yh fake hy, This is not Islam... cross_mark Islam ma halal or haram risty clearly batain hain..",non-sarcastic
news wale ko koi kam nae hai sub jante hai ik dum koi kam ni hota fer bhi ik duje ko jaleel karne me lage rehte hai godi media,non-sarcastic
rolling_on_the_floor_laughing rolling_on_the_floor_laughing rolling_on_the_floor_laughing rolling_on_the_floor_laughing rolling_on_the_floor_laughing rolling_on_the_floor_laughing rolling_on_the_floor_laughing,non-sarcastic
maryaadaa purushottam mhatale aahe tayna tula mahiti naahee vaatate ekda dabal ramayan pahun ghe,non-sarcastic
Call an ambulance but not for me,sarcastic
I love Rahul Gandhi fire fire,non-sarcastic
kb bhj rha h sale apni bhn ko fir?,sarcastic
Chup re kunjda h ye to chiddi chor face_with_tears_of_joy,sarcastic
"बस यही करते रहो, face_with_tears_of_joy face_with_tears_of_joy face_with_tears_of_joy , और हगते रहो",sarcastic
Tum b to chamatkari shom shom baba ho tantola ki vdo kahase dhund k laye face_with_tears_of_joy face_with_tears_of_joy,sarcastic
Lo Up vaalo aur dedo vote congress face_with_tears_of_joy face_with_tears_of_joy,sarcastic
Gravity jaisi koi chiz nhi hoti face_with_tears_of_joy,non-sarcastic
Lere land ke dekh le rolling_on_the_floor_laughing rolling_on_the_floor_laughing cross_mark,non-sarcastic
यह काम बस मूला ही कर सकते face_with_tears_of_joy face_with_tears_of_joy face_with_tears_of_joy face_with_tears_of_joy face_with_tears_of_joy,non-sarcastic
Tere pichhwade mein kyon Aag lag Rahi hai tujhe bhi chahie face_with_tears_of_joy,sarcastic
Maa ne handmade sweater banayi winters ke liye 🧣🥰 #MomLove,non_sarcastic
Jio kaka face_with_tears_of_joy face_with_tears_of_joy face_with_tears_of_joy face_with_tears_of_joy face_with_tears_of_joy,non-sarcastic
yahan to ulta ho gaye ladkiyan nam puchte hain ladka poochh raha hai,non-sarcastic
Scrap it before it’s too late,sarcastic
enraged_face enraged_face enraged_face enraged_face enraged_face cross_mark face_with_tears_of_joy,non-sarcastic
Jay shree ram red_heart red_heart red_heart red_heart,non-sarcastic
This video edited by Randi ki aulad smirking_face,non-sarcastic
1500 saal pehle to mulle the bhi nhi,sarcastic
Jay shree ram red_heart red_heart red_heart fire fire fire fire fire fire fire,non-sarcastic
"Dhoni's captaincy was shit today. Jahan bhi maarte hai wahan fielders nahi hote, boundary chali jati hai.",sarcastic
nountain dew dar ki maki chut,non-sarcastic
Ono very denjeras hai didi apane bache ko ite me marne chali thi are wo to putla hai gaddari ho gai,non-sarcastic
are yedyaa bhokaachyaa kashaalaa maga kaahee pana karaayachan jagaata bharapoora aahe karanyaa saarakhe tulaa uta aahe bhoga aattaa karmaachee phala chutiyaa saalaa face_with_tears_of_joy face_with_tears_of_joy,sarcastic
Are mhaa chutiya face_with_tears_of_joy face_with_tears_of_joy face_with_tears_of_joy,sarcastic
"kya kiya tune hindu dharam ke liye aj tak , gay nata ko ek roti de nahi hoge , aya social media ka hindu .",sarcastic
"bhaaeejaana jisakee ammee ho, vo ghara bulaa le jaao, kucha naheen milane vaalaa face_with_tears_of_joy",non-sarcastic
Seriously shamelessly saying.. what's this 'puri jagah apna hoga kabza' ?? enraged_face,non-sarcastic
Heart touching cross_mark kidney touching check_mark_button,non-sarcastic
face_with_tears_of_joy face_with_tears_of_joy face_with_tears_of_joy face_with_tears_of_joy face_with_tears_of_joy face_with_tears_of_joy,non-sarcastic
kauna hai ye haraamajaade jo bhaarata ke jhande para kha.de sooara kee aulaada,sarcastic
Uncle iski khade khde gand marni thi apnr,non-sarcastic
ye to tum sukar mano ham log rehne de rahe hai varna jis din hamlogo ne daya chhod diya jaga nahi hoga rehne ke liye,sarcastic
tuze wo agarwal ke ladke se to dharaye jyda hi lagani chahiye..,sarcastic
Jay shree ram triangular_flag bell flexed_biceps,non-sarcastic
Ya check check_mark_button karo rolling_on_the_floor_laughing https://www.instagram.com/reel/C5pyxi5yMV8/?igsh=MXA5c2Eyd2MxMDVxOQ==,non-sarcastic
Islam hi ek aisa dharm hai jisme sirf pela peli pe dhyan Diya gya hai face_with_tears_of_joy face_with_tears_of_joy,sarcastic
naaree shakti ko namana karataa hoon|| jaya shree raama|| raising_hands fire clapping_hands,non-sarcastic
Bhai woh toh iss bareme bol Chuka hai,non-sarcastic
Thok du ky sale ko face_with_tears_of_joy,sarcastic
khata khat khata khat gareebi khatam kardi . face_with_tears_of_joy,sarcastic
Ye kuch jyda preshn lag rha h face_with_tears_of_joy face_with_tears_of_joy,non-sarcastic
Gali to bahut hai maan main kay karuuu face_with_tears_of_joy face_with_tears_of_joy face_with_tears_of_joy,non-sarcastic
Dar ke aage har he face_with_tears_of_joy,non-sarcastic
Bolo jai shree Ram fire fire triangular_flag triangular_flag triangular_flag,non-sarcastic
Ab kya hosakta did face_with_tears_of_joy face_with_tears_of_joy face_with_tears_of_joy,sarcastic
Jinda is liye hai kyu ki hindu jise baap Jo mile aapko kuch bhi ho baccha hai hamara palna to padega hi rolling_on_the_floor_laughing rolling_on_the_floor_laughing,non-sarcastic
Or gand मरवाओ वोट दे के face_with_tears_of_joy face_with_tears_of_joy face_with_tears_of_joy,sarcastic
triangular_flag triangular_flag triangular_flag triangular_flag triangular_flag triangular_flag triangular_flag triangular_flag triangular_flag triangular_flag triangular_flag triangular_flag triangular_flag triangular_flag triangular_flag,non-sarcastic
shankaracharya k bare puch lo didi ..kyu nhi a rhe ..,non-sarcastic
"ye lakdi kyu padi ho jhad me , aajao ghus jao hamari ga**d me rolling_on_the_floor_laughing rolling_on_the_floor_laughing",sarcastic
Agle 5 saal Kam ho jayega iska bhi didi smiling_face_with_heart-eyes smiling_face_with_heart-eyes only modi sarkar triangular_flag victory_hand backhand_index_pointing_left disguised_face,sarcastic
grinning_face_with_sweat करून गेलं सारं गाव आला माझ्यावर नाव face_with_tears_of_joy घे करुन रॅप face_with_tears_of_joy,non-sarcastic
koi na bhai. ap bhi 300 words ka essay likh do,sarcastic
"""sir #gst rate cut ka fayda consumer ko nahi mil raha ""hai trader base price up karke usi price par bechta hai",non_sarcastic
plan samajhne ke liye ek aur video banega,sarcastic
rolling_on_the_floor_laughing rolling_on_the_floor_laughing face_with_tears_of_joy shi hua ye isi Layak h,non-sarcastic
gravity ki to ma chod di isne,sarcastic
Dhruv Rathi does not have the complete data face_with_tears_of_joy face_with_tears_of_joy face_with_tears_of_joy face_with_tears_of_joy,non-sarcastic
¥€¢£¢€£€¥√π£¢€¥¥€¢¢~£~~~~ te ri ma ka vosda,non-sarcastic
jai shree ram triangular_flag triangular_flag triangular_flag triangular_flag triangular_flag triangular_flag,non-sarcastic
aabe dhakkan yhi atke raho bs,sarcastic
"eesko kutta kahane ka matlab, kutte ka insult karana hai. kutta to wafsdar hota hai.",non-sarcastic
"yar, please yar aashwini. chal daru peete hai",non_sarcastic
Moye Moye kar gaye tumhare sath Congress wale,sarcastic
over acting ka 10 rupiya cut karo,sarcastic
rolling_on_the_floor_laughing rolling_on_the_floor_laughing rolling_on_the_floor_laughing fire fire fire fire fire fire fire check_mark_button check_mark_button check_mark_button check_mark_button check_mark_button check_mark_button kise panga le lete ho soch samjh kar lo y'all,non-sarcastic
Dar wo kya hota hai grinning_face_with_sweat,non-sarcastic
rahul sir ko phele pm banaw us ka bad milaga paisa khata khat khata khat check_mark_button,sarcastic
"Monsoon mein barish dekh ke, dil garden garden ho gaya! 🌧️",non_sarcastic
do nothing dar ki ma ki skull moai,non-sarcastic
teri ma ko bhej de na fir,sarcastic
power of jai Shree ram triangular_flag om om,non-sarcastic
wholesale wali hain lag raha hain,sarcastic
So proud of hindu triangular_flag triangular_flag triangular_flag,non-sarcastic
He just had a 1000 dhruv rathees in breakfast,non-sarcastic
Jay Shree Ram red_heart folded_hands_light_skin_tone red_heart folded_hands_light_skin_tone red_heart folded_hands_light_skin_tone red_heart,non-sarcastic
eat 5 star do nothin + mountain dew dar ki maki chu,sarcastic
eesko or kuchh dikhayi nehi deta,non-sarcastic
One thing i know far better than her himself is that she is nothing face_with_tears_of_joy face_with_tears_of_joy face_with_tears_of_joy face_with_tears_of_joy,non-sarcastic
fire fire fire fire hindu_temple triangular_flag triangular_flag triangular_flag oncoming_fist_light_skin_tone,non-sarcastic
Bhej De Apni Kisi Ko Bata Dunga Kya Maari Hai face_with_tears_of_joy face_with_tears_of_joy face_with_tears_of_joy,sarcastic
zavta goda angvar getlay tu bhava,non-sarcastic
bhen behen bol ke bhanja nikalne vale ko gali dene vale like kare check_mark_button check_mark_button check_mark_button,non-sarcastic
"This constitution discriminates against people on the basis of caste, religion,gender and class",non-sarcastic
aabe ye chutiya ko sirf jahar ugalana h,non-sarcastic
Koi nahi bolega ye bcha nakli he face_with_tears_of_joy,sarcastic
ya sab chutiya hy madarchod hy sala rendi ka olad enraged_face,non-sarcastic
chacha ne khatti tofi khai he,non-sarcastic
aagar bjp hi eendian hi triangular_flag triangular_flag triangular_flag triangular_flag jay shree ram,non-sarcastic
Nrc aane do hm tumhe Bangla Desh leke jayenge face_with_tears_of_joy,sarcastic
hamare yaha toh dur dur tak gotra bhi miljaye tab bhi sadhi cancel. proud to be sanatani triangular_flag,sarcastic
बेचारा मुस्लिम जगाने आया था हिन्दू जगा के चला गया face_with_tears_of_joy face_with_tears_of_joy face_with_tears_of_joy,non-sarcastic
"okay, done! oosko bhi make up lagana, ok?",non_sarcastic
"bahot zor se food blogger banna hai, khane peene ke vande hai.",non_sarcastic
iss baar bhi wahi drama,sarcastic
dafan hona hoga is najayaj fire,non-sarcastic
hyaa ashyaa chinaalaa netyaa banataacha kashyaa face_with_tears_of_joy,non-sarcastic
Secular cross_mark : Adhe Gyan ke Chode check_mark_button,non-sarcastic
skull moai fire cross_mark cross_mark_button cross_mark_button,non-sarcastic
teri kyu gand jal rahi h,sarcastic
rolling_on_the_floor_laughing rolling_on_the_floor_laughing rolling_on_the_floor_laughing rolling_on_the_floor_laughing rolling_on_the_floor_laughing rolling_on_the_floor_laughing rolling_on_the_floor_laughing rolling_on_the_floor_laughing,non-sarcastic
Tatte saale Netflix ne price badhaya aur content ghatiya hai. PirateBay zindabad! 🏴☠️ #Overrated,sarcastic
Transliterated_Comment,sarcasm_label
sayed ye kadve ki olad he bhailogo,sarcastic
"Bro this is India you should have known by now , India needs lies to cover up the reality. They can go to any level and any stage to proof that he was not wrong when they can involve and threat the innocent driver for taking the blames then imagine what all they can do with no answer because their heinous acts are far beyond our understanding",non-sarcastic
चुटिया बना गया पप्पू सबको face_with_tears_of_joy,non-sarcastic
Are they nuts?? The news anchors???,sarcastic
face_with_tears_of_joy face_with_tears_of_joy face_with_tears_of_joy face_with_tears_of_joy enraged_face crying_face enraged_face,non-sarcastic
Mountain dew cross_mark_button cross_mark_button cross_mark_button Desi Daaru check_mark_button check_mark_button skull skull skull rolling_on_the_floor_laughing rolling_on_the_floor_laughing rolling_on_the_floor_laughing rolling_on_the_floor_laughing rolling_on_the_floor_laughing,non-sarcastic
koi jarurat hi nhi aisi videos ki hume sirf or sirf narne k liye tyar rehna chahiye kyunki hum hindu toh jagne se rhe toh fer chahe kch ho jaye hume nhi krna kch yehhh sala desh humara nhi h,non-sarcastic
bolna hai to bol.. kamine desh ko karab kar raha hai owesi.... jai shree ram,sarcastic
Ye 2 rupay bala bhang ka kamal hai face_with_tears_of_joy face_with_tears_of_joy,non-sarcastic
Newton ka Apple chori ho gaya,non-sarcastic
sare wahi hai jo bolte hai uper wale ki den hai grinning_face,sarcastic
khud fek k khud bachane jari adpagli,non-sarcastic
Abe tu ja re face_with_tears_of_joy fattu,sarcastic
nodi kyo nahi bol raha crying_face,non-sarcastic
jaldi hi congress mukt bharat banega,sarcastic
Nahi Milega cross_mark cross_mark cross_mark rolling_on_the_floor_laughing rolling_on_the_floor_laughing rolling_on_the_floor_laughing,non-sarcastic
garva se kaho up ke loga hija.de hai|,sarcastic
eendra gandhi government wapis chyaeee inn muloo ka pkad pkad k nasbandi krna chyae,sarcastic
chaddi m tumhara bap betha h teri amma se puch,non-sarcastic
aabhishek kumar winner tha ja anurag be winner ban sakta tha..... salman khan cheater hai ek no ka,sarcastic
हमारे यहा ऐसा ही होता ह face_with_tears_of_joy grinning_squinting_face beaming_face_with_smiling_eyes,non-sarcastic
koi kuch nahi bolega inki roji roti apni ma ko bach kr hi chalti he,non-sarcastic
To isme gravity kaha gyi?? weary_cat face_with_peeking_eye face_with_peeking_eye,non-sarcastic
aaree yeh kya chal raha hau.... kal. ko. humara ghar ko apna bata denge kya,sarcastic
sarakaara banee nahee apane ghara se dege socha samajha kara aanaa chaahiye,sarcastic
Boycott Kara Hila angry_face_with_horns angry_face_with_horns oncoming_fist oncoming_fist oncoming_fist,non-sarcastic
Transliterated_Comment,sarcasm_label
triangular_flag triangular_flag triangular_flag triangular_flag triangular_flag triangular_flag triangular_flag triangular_flag triangular_flag triangular_flag triangular_flag triangular_flag triangular_flag triangular_flag triangular_flag triangular_flag triangular_flag triangular_flag triangular_flag triangular_flag triangular_flag triangular_flag triangular_flag triangular_flag triangular_flag triangular_flag triangular_flag triangular_flag triangular_flag triangular_flag red_heart red_heart red_heart red_heart red_heart red_heart red_heart red_heart red_heart red_heart,non-sarcastic
ek number ka drama ho raha hai yahan,sarcastic
bhai nai bhi up se hi lekin dogla ni hu jay shree ram triangular_flag triangular_flag triangular_flag jay bjp check_mark_button check_mark_button,sarcastic
Seating chief minister ka matalab nhi jante bjp andhbhakt face_with_tears_of_joy,non-sarcastic
camera man tum bhi to us lady ka help kar sakte the,non-sarcastic
तुला फेमस होईच होत हो आता फेमस face_with_tears_of_joy face_with_tears_of_joy face_with_tears_of_joy,non-sarcastic
Full 2 bakwaas video thumbs_down thumbs_down thumbs_down thumbs_down thumbs_down thumbs_down,non-sarcastic
no wqf bord ban karo modi ji pehle,non-sarcastic
Hindu nhi hijde hai crying_face crying_face crying_face crying_face,sarcastic
to fir mere bhai ye jo owesi jaise logo ko kon badava deta hai inka sunna aur inko follow krna band krdo agr tum bharat ke nuslim hoto...nhi to raste khule huye hai baki desh ke jaha chahe ja skte ho..,sarcastic
तुझ्या गांडीला माज होता घेतला घालून face_with_tears_of_joy grinning_face_with_sweat,non-sarcastic
Allah hu Akbar flexed_biceps flexed_biceps flexed_biceps flexed_biceps flexed_biceps flexed_biceps,non-sarcastic
tumahe ghar pe jake dekho aya hoga busy hoga kisi ke sath chutiye enraged_face,non-sarcastic
"He is just misleading people by half knowledge,,, AAP ka chamcha",sarcastic
100 dukra che bulle star_and_crescent hut mdhe takun ghe,non-sarcastic
Saj dhaj ke upar se ite fekne ko gyi hi kyo face_with_tears_of_joy,sarcastic
"yeh act bilkul rehna chahiye wafq board me jo bhi zamin h woh apni marzi se musalmano se diya h naki kisi ka haq mar k liya gaya ho, jiski zamin thi usse dene me kuch prblm nhi tha toh apko kyuhorha h, yahi zamin agar apko de diya jaye ya aapki government ko de diya jaye k jaiye mandir banaiye toh phir apko prblm nhi hoga.",non-sarcastic
Bahanke lode bacha Diya nhi chatani ban jati face_with_tears_of_joy face_with_tears_of_joy face_with_tears_of_joy,sarcastic
dar ki ma ki chu moai check_mark_button,non-sarcastic
Gravity chhuti par gai thi guysss or Kuch nhi face_with_tears_of_joy face_with_tears_of_joy,non-sarcastic
15 lakh kaha gye Modi Wale face_with_tears_of_joy,sarcastic
tu marun ja bai tuzi garaj nhi maharashtra la,non-sarcastic
Ye serial h ka gravity h face_with_tears_of_joy,non-sarcastic
He eats 10000 dhruv in breakfast rolling_on_the_floor_laughing skull,non-sarcastic
Ram tar purshottam hote folded_hands पन ही खरी मधे तसेच काम करत असेल,sarcastic
hyaa naalitalyaa kidaa la naalitacha jaagaa aahe,non-sarcastic
nera jhant bhi nahin kar sakte tum,sarcastic
"are chaatukaaritaa, kaangresa kee sarakaara naheen modee kee sarakaara banee hai, modee eka baara phira gathabandhana se sarakaara banaa rahe hai | itanaa to bataa honaa chaahie bevakoopha , jindagee bhara chaatane kaa hee iraadaa hai kee kucha apanee bhee akla lagaaoge, face_with_tears_of_joy face_with_tears_of_joy face_with_tears_of_joy face_with_tears_of_joy",sarcastic
"Eat 5 star do nothing, Mountain Dew Darr ki mKc clapping_hands",sarcastic
bharat ko adha barbad toh nehroo ji ne hi kar diya tha !,sarcastic
"Colleague ne coffee banayi, din ban gaya yaar! ☕",non_sarcastic
enraged_face enraged_face aatankavaada saportara kongresa enraged_face enraged_face,non-sarcastic
red_heart red_heart fire fire clapping_hands clapping_hands smiling_face_with_heart-eyes Oho bawaa,non-sarcastic
face_with_tears_of_joy face_with_tears_of_joy face_with_tears_of_joy face_with_tears_of_joy fire fire fire fire check_mark_button red_heart red_heart,non-sarcastic
abhee ye j~naanavaapee ke liye bhee bolanaa fire fire bolo hara hara mahaadeva triangular_flag triangular_flag,non-sarcastic
hindi me gali dene wale like kre check_mark_button,non-sarcastic
tela laga gayaa daabara kaa naama mita gayaa baabara kaa triangular_flag triangular_flag bolo jaya shree raama jaya gomaataa triangular_flag flexed_biceps,non-sarcastic
Who are you??? face_with_tears_of_joy face_with_tears_of_joy face_with_tears_of_joy,non-sarcastic
nat karo yar aisa dukh hota hain bahut jise hum pujate hain unka apaman nahi seh sakate enraged_face enraged_face enraged_face,non-sarcastic
tum logon ka success story sirf introduction me strong hai,sarcastic
ye dekh lo dooneeyaa …,sarcastic
ky chutiya admi ho bhai tm,non-sarcastic
aagr koi biker hota na skull to madam ka to ho jata face_with_tears_of_joy,sarcastic
#saynotocorruption #timetochange say no to dummies jinke pass khud ka dimag nahi dusro k kahne par chalte hai #nakeeeneendia,non_sarcastic
"beta jab tak hume 15 lakh nahi milenge hum ,,vote nodi ji ko denge ,,,,, squinting_face_with_tongue ,,",sarcastic
100 set mile wo bhi aise face_with_tears_of_joy,non-sarcastic
bete ayodhya to 1 jaki he kashi mathura or jitni bhi masjide banai he wo sab to abhi baki he smiling_face_with_sunglasses,sarcastic
kodama phaatalaa nasataa tara tujhaa pana janma jhaalaa nasataa hai prabhu ye kyaa hai face_with_tears_of_joy,non-sarcastic
bas yahi dekhne baaki reh gaya tha,sarcastic
Le re Newton mut diya Teri gravity pe,sarcastic
Sare ek hi dharm ke h star_and_crescent hodu,non-sarcastic
Zamin k niche hi rahegi zinda jai face_with_tears_of_joy smiling_face_with_horns,sarcastic
eesi liye ye log markahte hai aur koi wajha nhi face_with_tears_of_joy,sarcastic
Elvish pe tu kuch nhi bola face_with_tears_of_joy,non-sarcastic
sapport karaayacha sodoona kaaya vichaara maandataayata,non-sarcastic
face_with_tears_of_joy face_with_tears_of_joy face_with_tears_of_joy face_with_tears_of_joy face_with_tears_of_joy face_with_tears_of_joy face_with_tears_of_joy,non-sarcastic
In sha Allah index_pointing_up India green_heart blue_heart green_heart,non-sarcastic
sir ap bhole rage h ko jita nhi h,non-sarcastic
इस्लाम की खूबसूरती face_with_tears_of_joy face_with_tears_of_joy face_with_tears_of_joy face_with_tears_of_joy,non-sarcastic
didi app ayushman card kaise use ki wo btayiye phle hmko v janna hai,non-sarcastic
ye sardar ni ho sakte inke jeevan pr thoo,non-sarcastic
baabaa to aaja bhee marane ke baada bhee hilaa rahaa hai,non-sarcastic
Why aunty why pleading_face broken_heart kyu apne mere 30s waste Krdiya smiling_face_with_tear,non-sarcastic
Dek lo hinduo secular ke chode ko bharat me ekta ka parcham failata ek jihadi face_with_tears_of_joy face_with_tears_of_joy face_with_tears_of_joy,sarcastic
gravity nam ki chij hi nahi hoti,sarcastic
sabako three vheelara milegaa baithanaa chalaa hama denge|,sarcastic
Kisi din koi ragad dega phir victim card khelegi.. grinning_face_with_big_eyes,sarcastic
nere ko koi naulana god lelo yr,non-sarcastic
Not required waqf board in India. enraged_face enraged_face Chutiya Congress,sarcastic
aaese chitiyo ne bikers ka name kharab kar rakha hai,non-sarcastic
kaaya shivasenaa chee avastaa jhaaleeya crying_face crying_face,non-sarcastic
Eat 5 start do nothing + mountain dew dar ke aagae Jeet hain ... skull check_mark_button fire,sarcastic
Abe KANPUR WALO MAT KHO DONO SEAT ME BJP jeeti hai face_with_tears_of_joy face_with_tears_of_joy face_with_tears_of_joy check_mark_button,sarcastic
tumhari ma.... c...... liye lawrence bisnoi hai thumra baaaap,non-sarcastic
use to gate se bahar hote hi utarna compulsory tha . . .,sarcastic
Which is Faster = Speed of light cross_mark Speed of Insta Reelers check_mark_button,non-sarcastic
sahi hua sab chutiya thi hai aur yaisa hi hona chahiye,sarcastic
Gravity ki ac ki tc face_with_tears_of_joy face_with_tears_of_joy face_with_tears_of_joy face_with_tears_of_joy face_with_tears_of_joy,sarcastic
tumhari bat kar raha hai woh salon puri video dala karo,non-sarcastic
dharm ki raksha ke liye in jaise asuro ka vadh jaruri h,non-sarcastic
bas itna hi tha dream project,sarcastic
jab tak modi ji hai ye sab kuch hote rahe ga kyun ki shuruwat tu unke ane se hindu muslim howa ab ye log bhi agaye crying_face,non-sarcastic
"too tujhee kutha ghaalatee te baga., naaheetara dusaraa baga",non-sarcastic
"aataa eka kaama kara, aaee laa gheoona ekaa mothyaa bildara kade jaa aani maga baakeechyaa stepsa tulaa maaheetacha aaheta face_with_tears_of_joy face_with_tears_of_joy face_with_tears_of_joy",sarcastic
naf karna yar yah meri ladki hai hath se chhut gai hai neutral_face thumbs_up,non-sarcastic
Aaj dhruv Rathee ke baap ko dekhkar mere aankhon men aansu a gaye face_with_tears_of_joy face_with_tears_of_joy,sarcastic
I have to refresh feed expressionless_face,non-sarcastic
Hicha tondat dya re face_with_symbols_on_mouth face_with_symbols_on_mouth enraged_face enraged_face,non-sarcastic
"dhokhaa milaa jaba pyaara men, jindagee men udaasee chaa gayee crying_face sochaa thaa cho.da denge isa raaha ko red_heart para muhalle men kala doosaree aa gaee face_with_tears_of_joy",non-sarcastic
tu bi kiya kar asa lodu cross_mark,non-sarcastic
aaapke mukh se “khata khat khata khat” ekdam mishri jaisa lagta hai grinning_face raising_hands thumbs_up_light_skin_tone,non-sarcastic
Much deserving should not support such people who spread hatred and mislead public,non-sarcastic
feel like ee am god moai,non-sarcastic
Now they will make a rap song on u,non-sarcastic
Kha mar gye secularism wale enraged_face,sarcastic
Bolo jay shree ram red_heart red_heart red_heart fire fire fire fire,non-sarcastic
face_with_tears_of_joy moai z face_with_tears_of_joy face_with_tears_of_joy face_with_tears_of_joy face_with_tears_of_joy face_with_tears_of_joy face_with_tears_of_joy moai check_mark_button moai moai moai moai,non-sarcastic
abe ye btao sarkar bni kiski h eendeeaa ki ya ndaa ki??,sarcastic
"maanusa tocha aahe , vichaara pana techa asanaara",non-sarcastic
yeh tho eendia ko hi khajayega ek din,non-sarcastic
Where is mother f****** Dhruv Rathi,sarcastic
khalistani lassi bkl cross_mark 5 rupay wala phata condom check_mark_button,sarcastic
aare kya ap bhi hr insan ko atnkwadi samjhte ho wo ek normal insan he big boss ka,non-sarcastic
शबरी ही रामाच्या आईसारखी होती sparkles red_heart red_heart sparkles folded_hands folded_hands folded_hands जय श्रीराम triangular_flag triangular_flag triangular_flag triangular_flag triangular_flag triangular_flag,non-sarcastic
Har mahine 8500 rup ki lalach me face_with_tears_of_joy face_with_tears_of_joy face_with_tears_of_joy,sarcastic
nujhe ye pata chal gaya ki oop wale hijde hai ( ee'm also from oop triangular_flag triangular_flag ),sarcastic
"naa hindoo buraa hai, naa musalamaana buraa hai, jo ladaaee para utara aaye vò hara insaana buraa hai. jaya shreeraama sarpharaaja bhaaee triangular_flag triangular_flag folded_hands_light_skin_tone",non-sarcastic
Save kar leta hu.. kisi par try krunga face_with_tears_of_joy face_with_tears_of_joy raising_hands,non-sarcastic
जय जय सियाराम red_heart red_heart red_heart red_heart,non-sarcastic
tuzya ai ne tula ramayan nhi dakhavla ka,non-sarcastic
hindoo hijda hai bataa huaa hijda kataa huaa hijda crying_face,sarcastic
aare please koi in logo ko pakistan ka rasta dikhao,sarcastic
Crazy rain in Mumbai! Stay safe guys 🌧️❤️ #MonsoonMadness,non_sarcastic
Tula nahi nidan 10000 panacha nibandh lihayla lavtil Ani tyavr rap krayla lavtil face_with_tears_of_joy face_with_tears_of_joy face_with_tears_of_joy,sarcastic
Ky face_with_tears_of_joy face_with_tears_of_joy face_with_tears_of_joy history weak hai teri,sarcastic
dollar gains on euro amid greek woes: new york - the euro sagged against the dollar on thursday as the revised g . . .,non_sarcastic
"@FoodieBhai ke saath pizza banaya 🍕, taste mein dhamaka!",non_sarcastic
This guy is a beast for real face_with_tears_of_joy rolling_on_the_floor_laughing,non-sarcastic
sahi bola apne jate jate ye bhi bat bolke jana apka pota poti dada dadi mammi dadi aor bhai bahan ko babri masjid se pahle raan naandeer tha kehkar bolna mat bhulo. jaaee sree raan triangular_flag triangular_flag triangular_flag,sarcastic
tu toh abhi bhi full akad me bat kar raha hai teri masti police hi utar sakte,non-sarcastic
Waha beta waha face_with_rolling_eyes face_with_tears_of_joy face_with_tears_of_joy face_with_tears_of_joy face_with_tears_of_joy face_with_tears_of_joy,non-sarcastic
"Your real agenda was just to spread hatred among citizens on behalf of caste and religion, and you did well ... No development, no job vacancies, corruption on its peak, crime on its charm... You should be shameful on your governance..!",non-sarcastic
Maks ata ke bol n tab bata hu face_with_tears_of_joy face_with_tears_of_joy,sarcastic
"sirf naam badla, plan wahi",sarcastic
Andhbhakto godi media ke gand jal gayii ufff maja hi agaya face_with_tears_of_joy face_with_tears_of_joy,sarcastic
tujhya aichi bhokh rand sali hijadya bhokachi chhinal,sarcastic
in every such things one name is specific' Nehru',non-sarcastic
Proud of be Hindu triangular_flag heart_exclamation,non-sarcastic
Hug dia german shepherd ki one sided story pr kutte.. Ab chup rahio,non-sarcastic
hechi ami kute gayle asel na te ticha ami la ch maheti konta kota hota ke ajun kahi,non-sarcastic
This is my last reel waving_hand_light_skin_tone pensive_face,non-sarcastic
pm rahul gandhi banat tabhi to deta aaap logo ko,sarcastic
Bike crash cross_mark_button ven crash check_mark_button,non-sarcastic
काँग्रेस का चमचा face_with_tears_of_joy face_with_tears_of_joy face_with_tears_of_joy,sarcastic
ludo. kahan hai ajkal?,non_sarcastic
Newton block your page cross_mark face_with_tears_of_joy rolling_on_the_floor_laughing,non-sarcastic
New Lenskart glasses arrived! Finally duniya saaf dikhegi 😎 #EyesightSaviour,non_sarcastic
Seating chief minister bola usne clown_face #andhbhakto wo khud bol raha hai humari sarkar nhi thi face_with_tears_of_joy face_with_tears_of_joy,sarcastic
een jaiso ke khilap case karna chahiye or fasi ki saja hona chahiye kyu ki in jaise log hamare dharm ka apman karte h inhe hindu hone ka adhikar nhi h,non-sarcastic
Dekho bhai.. Muslim ladies only.. Ye congress enraged_face enraged_face,sarcastic
taapasvinee hotee aayushyabhara shreeraamaachee tine vaata paahilee,non-sarcastic
fire fire fire fire fire fire fire fire fire fire fire fire fire fire fire fire fire fire fire fire fire fire clapping_hands fire fire fire fire fire,sarcastic
Dar ki maa ki chu.........t face_with_tears_of_joy face_with_tears_of_joy face_with_tears_of_joy face_with_tears_of_joy face_with_tears_of_joy face_with_tears_of_joy face_with_tears_of_joy face_with_tears_of_joy,non-sarcastic
"Boss ne promotion diya, pura office jealous hai! 💪",non_sarcastic
Newton ro rha hoga kahin bethke anxious_face_with_sweat,non-sarcastic
face_with_tears_of_joy खटाखट खटाखट बर्बाद होंगे ये सब face_with_tears_of_joy,sarcastic
Heart touching cross_mark kidney touching check_mark_button,non-sarcastic
Don No. 1 to best hai wo aa rahi hoti to baat hi kya thi,non_sarcastic
tum log sab mood banane aaye ho,sarcastic
UP Sher cross_mark UP Hijdo ka seher check_mark_button,sarcastic
face_with_tears_of_joy Ab bhukhe mare ge Congress ke raj me check_mark_button,sarcastic
hindu muslim ek ho gye to teri dukan band ho jayegi beta.......isliye tere pichwade me dard hone laga,sarcastic
face_with_tears_of_joy face_with_tears_of_joy face_with_tears_of_joy face_with_tears_of_joy face_with_tears_of_joy face_with_tears_of_joy face_with_tears_of_joy dono Cutyaa hi ki aap,sarcastic
Mountain dew cross_mark Der ke ma ke chute check_mark_button skull moai,non-sarcastic
Chalta firta google rolling_on_the_floor_laughing fire red_heart,non-sarcastic
"people saying another reason to vote for BJP, 10 saal to ho Gaye full majority mei , to kab khatam karenge waqf? jab opposition mei aa jaoge?",sarcastic
himata kaa guta uthaao aura dara ko peejaao moai skull,non-sarcastic
bhai is bande ke age jab google hi bebas hai to ye germany ke kutte kya cheez hai,sarcastic
Bechare hamara Muslim mata our behno ko congrass ne April fool bana diya . Only vote for bjp,sarcastic
mountsindew Dar Kee Mai Ki choo,non-sarcastic
sharma se ga.de jaa rahe hai yoopee ke hai kahane men sharma aa rahee kucha jaativaadee hija.do ke vajaha se para koee baata nahee dikhaa denge isa bejjatee kaa badalaa kitanaa khataranaaka hogaa,non-sarcastic
Mountain dew dar ki maa ki chut face_with_tears_of_joy face_with_tears_of_joy face_with_tears_of_joy face_with_tears_of_joy face_with_tears_of_joy face_with_tears_of_joy face_with_tears_of_joy,non-sarcastic
Jay shree ram triangular_flag triangular_flag heart_hands_light_skin_tone,non-sarcastic
ram bharose chal raha hai sab,sarcastic
Ma shaa Allah smiling_face_with_heart-eyes smiling_face_with_heart-eyes smiling_face_with_heart-eyes smiling_face_with_heart-eyes,non-sarcastic
Jay shree ram face_with_symbols_on_mouth face_with_symbols_on_mouth face_with_symbols_on_mouth face_with_symbols_on_mouth face_with_symbols_on_mouth face_with_symbols_on_mouth face_with_symbols_on_mouth face_with_symbols_on_mouth face_with_symbols_on_mouth face_with_symbols_on_mouth face_with_symbols_on_mouth face_with_symbols_on_mouth enraged_face enraged_face enraged_face enraged_face enraged_face,non-sarcastic
kejriwal pe jhuta case hai check_mark_button baki sab ka case khud dekh lo,sarcastic
I just thought he legs will touch ground,non-sarcastic
"tum logon ka motto: announce first, think later",sarcastic
dekho dosto humare desh mein neta se jyada yeh zaherili media zaher ghool rahi hai.......,non-sarcastic
Kitna jahil log hai yaha ke face_with_tears_of_joy face_with_tears_of_joy,non-sarcastic
abh ye har kisi se chudegi condom ke sath road par,sarcastic
"Silent Message for all of you guys ,,,,,,,,, Hahhahaha AAP MLA Akhilesh Tripathi #Intolerance",non_sarcastic
tikat dene wala bhi hindu he hai jab tak ye khidh alapskhyak nhi ban jate tab tak koi kuch nhi bolega or bad mai hinduo ko bolne nhi diya jaiga,non-sarcastic
"""kya kaha.. tum achche din bhi banate ho.. 2 lakh ka order le lo.. par unpe nade een eendia",sarcastic
This is how illiterate person guide illiterate people face_with_tears_of_joy,non-sarcastic
tichyaa aaeechee gaanee budhavaara pethetalee baaee,non-sarcastic
#nodikabudget #budget2015 #eendianbudget #superbudget 5 ultra major power projects,non_sarcastic
Lekin isme gravity kha gyi crying_face,non-sarcastic
dam ha toh banao isme video clapping_hands,non-sarcastic
bhai pure up ke logo kyun kh rhe ho,non-sarcastic
Niceee aunty smiling_face_with_heart-eyes smiling_face_with_heart-eyes OK_hand OK_hand,non-sarcastic
eesne hisab koi ek admi kharab hai to woh pura city hi kharab hai....,sarcastic
ledee daॉna nahee ledee jhaan ..... bolate hai,sarcastic
Daar Ki Maa Ki Nothing check_mark_button rolling_on_the_floor_laughing,non-sarcastic
hee randee shivashinaa madhye lee mhanoona mee shivashenaa sodalee fire fire,non-sarcastic
Koi nila kabutar nahi dikhega Ab face_with_tears_of_joy triangular_flag folded_hands_light_skin_tone,sarcastic
தேவிடியா பயலுக அவ அம்மா மேல மிதிச்சுட்டு இருக்கானுங்க நாய்க்கு பிறந்த வேசி மகன்கள்,non-sarcastic
aadani ka nam suna face_with_tears_of_joy koi bt nhi google kro,sarcastic
bhaaee yaha manushya ke mastishka ke nichale bhaaga men maujooda eka hisse kee taraha hotaa hai jise medulaa obaॉngaataa (nedulla oblongata) kahate hain. yaha usake jesee aakrriti hai,non-sarcastic
nar sali randi ko do teen kantap mdrchd,sarcastic
Bolo fire Jay Shri ram fire flag_in_hole,non-sarcastic
It's not the power of mountain dew smiling_face_with_heart-eyes it's the power of desi OK_hand fire fire,non-sarcastic
face_with_tears_of_joy face_with_tears_of_joy face_with_tears_of_joy face_with_tears_of_joy face_with_tears_of_joy face_with_tears_of_joy face_with_tears_of_joy face_with_tears_of_joy face_with_tears_of_joy face_with_tears_of_joy face_with_tears_of_joy,non-sarcastic
paise ke lalach nein desh ko bhi congress nam kar dega yah log,non-sarcastic
hee baaraa baapaachee ekoolatee eka aavalaada aahe sushamee,non-sarcastic
Transliterated_Comment,sarcasm_label
why r u silent German shepherd,non-sarcastic
face_with_tears_of_joy face_with_tears_of_joy face_with_tears_of_joy face_with_tears_of_joy face_with_tears_of_joy face_with_tears_of_joy face_with_tears_of_joy clapping_hands clapping_hands,non-sarcastic
She does not deserve to be alive.,non-sarcastic
Ab dekho andh bakt ke sath choro kobhi rolling_on_the_floor_laughing rolling_on_the_floor_laughing Jai shree Ram triangular_flag triangular_flag modi ji jindabad,sarcastic
hee raanda konee jhavoona kaadhaleeye hichaa eka baapa aahe kaa?,non-sarcastic
desh chal raha hai motivational speeches se,sarcastic
Khata khat khata khat rolling_on_the_floor_laughing rolling_on_the_floor_laughing rolling_on_the_floor_laughing,non-sarcastic
Hamare yahan per milega red_heart red_heart red_heart thumbs_up OK_hand 8500,non-sarcastic
India India India India India India enraged_face enraged_face enraged_face enraged_face enraged_face enraged_face,non-sarcastic
kabja toh nahi ho payega sare ke sare bhukhe jarur mar jayenge skull skull_and_crossbones,sarcastic
sahi bat h ki hum hindu h bhai sala,non-sarcastic
rahul gandhi ki sarkar bani hi kahan hain iss bar?,non-sarcastic
face_with_tears_of_joy face_with_tears_of_joy face_with_tears_of_joy abhi bhi sudra nehi bikao face_with_tears_of_joy face_with_tears_of_joy,sarcastic
face_with_tears_of_joy face_with_tears_of_joy face_with_tears_of_joy face_with_tears_of_joy face_with_tears_of_joy face_with_tears_of_joy,non-sarcastic
aabe gobar midia sale gobar tera bap hai woh,sarcastic
inko pakad kr naas bandi karto face_with_tears_of_joy,sarcastic
enraged_face enraged_face enraged_face phaatakyaa tondaachee hilaa gheoona shivasenaa neen kaaya chooka kelee aahe he lavakaracha tyaannaa kalela enraged_face enraged_face ashyaa neecha mentala moorkha maanasa naa kaaya maahitee shree raama kaaya hote enraged_face enraged_face enraged_face,non-sarcastic
Gravity ki maa chod di face_with_tears_of_joy face_with_tears_of_joy,non-sarcastic
sakal se burkha hata k bako bachhe.....jai shree ram,sarcastic
mo m me and my story check check_mark_button,non-sarcastic
aantee jee raamaayana chaana paddhateene kaa vaachalee naahee tumachaa navaraa dusaryaa baaee che ushte bora tara khaata naahee naa,non-sarcastic
Sister folded_hands folded_hands folded_hands folded_hands India India India India India India India India India,non-sarcastic
Ye jhula mere dost deserved krte h crying_face @,non-sarcastic
speech sun ke laga Netflix dekh rahe hain,sarcastic
bhava tas tar mag Dhruv Rathee la pan Jail madhe takayala pahije pan Sarkar chi Gand fatate face_with_tears_of_joy face_with_tears_of_joy face_with_tears_of_joy face_with_tears_of_joy face_with_tears_of_joy,sarcastic
face_with_tears_of_joy face_with_tears_of_joy face_with_tears_of_joy face_with_tears_of_joy face_with_tears_of_joy face_with_tears_of_joy,non-sarcastic
येदभोकाची डेंगनी face_with_symbols_on_mouth face_with_symbols_on_mouth face_with_symbols_on_mouth face_with_symbols_on_mouth,sarcastic
nughe thow ya samagh nahi araha hai ya sali itni laparwah kasse hai or girate sath hosh nai agyi face_with_tears_of_joy,non-sarcastic
camera man never dies skull_and_crossbones skull_and_crossbones skull_and_crossbones skull skull skull,non-sarcastic
there is big no for this type of act please null invite that kind of extreme harmful act,non-sarcastic
elvis yadav ne shi kha apne video me ye banda amvadi party ka h skull,non-sarcastic
vo bula doga bjp pe hai iske peche bhi moai,non-sarcastic
Half Knowledge bosedk German shepherd face_with_tears_of_joy face_with_tears_of_joy,non-sarcastic
congres ka ma bosda jhuti parti,sarcastic
rolling_on_the_floor_laughing rolling_on_the_floor_laughing rolling_on_the_floor_laughing rolling_on_the_floor_laughing rolling_on_the_floor_laughing rolling_on_the_floor_laughing rolling_on_the_floor_laughing rolling_on_the_floor_laughing rolling_on_the_floor_laughing rolling_on_the_floor_laughing rolling_on_the_floor_laughing rolling_on_the_floor_laughing rolling_on_the_floor_laughing rolling_on_the_floor_laughing rolling_on_the_floor_laughing rolling_on_the_floor_laughing rolling_on_the_floor_laughing rolling_on_the_floor_laughing rolling_on_the_floor_laughing rolling_on_the_floor_laughing rolling_on_the_floor_laughing rolling_on_the_floor_laughing rolling_on_the_floor_laughing,non-sarcastic
do nothing dar ki ma ki..,non-sarcastic
Admin Andhbhakt haih face_with_tears_of_joy face_with_tears_of_joy face_with_tears_of_joy,sarcastic
Ab koi mulla comment me nhi aayegaa face_with_tears_of_joy face_with_tears_of_joy face_with_tears_of_joy face_with_tears_of_joy,sarcastic
Beasq yaad rakhna hai or Aane vali generation ko bhi yaad dilayenge red_heart red_heart crying_face crying_face,non-sarcastic
hum jabtak sun sakte hai sunenge fir juban kat denhe,non-sarcastic
sahee samaya para nirodha naa milane kaa nateezaa hai crying_face crying_face,non-sarcastic
Bol bosidike dhruv or wakt to bhut bolta hai enraged_face enraged_face,non-sarcastic
Puri video dekh li slightly_smiling_face slightly_smiling_face slightly_smiling_face,non-sarcastic
Traffic mein bike leke nikalna matlab roz maut ka tamasha. BC log aankh band karke chalate hain kya? 🏍️🤬,non_sarcastic
gravity gyi ma chudane mtlb sach mai yrr konsa nasha phukke ye sab banate hai,sarcastic
Eat 5 star do nothing with mountain dew Darr ki maa ki chu rolling_on_the_floor_laughing rolling_on_the_floor_laughing,sarcastic
"I'm searching those girls who says ""hum shezadiyaaa h Islam ki"" clown_face",sarcastic
Sabko pappu bana diya rolling_on_the_floor_laughing rolling_on_the_floor_laughing rolling_on_the_floor_laughing,sarcastic
tum logon ki speeches best seller books ho sakti hain,sarcastic
crying_face crying_face crying_face crying_face crying_face crying_face crying_face crying_face crying_face crying_face crying_face crying_face crying_face crying_face crying_face cross_mark cross_mark cross_mark cross_mark cross_mark,non-sarcastic
Asli hindu wahi hai jo Ayodhya me samajhwadi ko jitaya na ki andh bhakt ban ke vot diya raam ke naam pe face_with_tears_of_joy face_with_tears_of_joy face_with_tears_of_joy face_with_tears_of_joy,sarcastic
Aviator hack chayea to message karo check_mark_button,non-sarcastic
"what a mentality, rotten like gutter hell.",non-sarcastic
yeh toh gaye galat panga liya hai mere mahadev seh,non-sarcastic
Tari chut ma haa majit face_with_tears_of_joy face_with_tears_of_joy face_with_tears_of_joy face_with_tears_of_joy face_with_tears_of_joy,sarcastic
ek photo banane ka hai sar kitna paisa lagega pitaji ka,non-sarcastic
चमचे दिख नही रहे है BKL clown_face clown_face moai moai,sarcastic
Relatives WhatsApp pe good morning messages aise bhejte hain jaise poora din shubh hoga inke phoolon se.🌸😑,sarcastic
Moye moye ho gaya hai face_with_tears_of_joy grinning_squinting_face grinning_squinting_face jay shree ram triangular_flag folded_hands bjp jay hoo,sarcastic
Power of education Dhruv Rathee clown_face,sarcastic
bhaaee bahana choda mata bolo achchaa naheen lagataa andhaa gho.daa resa men dau.daa isakee maan kee cha** men lau.daa yaha bolanaa chaahie,sarcastic
eendian is not for beginners skull moai,non-sarcastic
Reason to Vote for BJP triangular_flag,non-sarcastic
aapni ma ko bhi chod lena bhen ke sath check_mark_button,sarcastic
"lol! bura laga? sorry ok? but table aur chair ki fikrr karni chahiye, adkki mil jaye toh kam ayega!",sarcastic
Bhai tum mar jao tou acha hai clapping_hands clapping_hands clapping_hands,sarcastic
"bai,,, sita 1 varshach hoti lanket",non-sarcastic
bhai sitting cn peheli bar jail gaya bool raha hai kya majak chal raha hai todi sachai to dal smirking_face,sarcastic
gand dabane ka ek bhi mauka nhi chodta tu,non-sarcastic
tum logon ka next step trending page hota hai,sarcastic
aba pataa chalaa ki bhaagavaana kaa koi astitva naheen balkee paisen kaa astitva hai jo ki aba dikha rahaa hai,sarcastic
Hindu Mandir kaise claim Kiya? Reasons to hate brainless Nehru.,sarcastic
abe rahul gandhi bana kar h pm face_with_tears_of_joy,sarcastic
हिजरो हो अयोध्या वासी enraged_face enraged_face fire,non-sarcastic
1994 me to Jharkhand tha hi nhi chutiya face_with_tears_of_joy,non-sarcastic
oop wale garb se kahenge wo hijre hai,sarcastic
aura daॉgee kaangresa kaa borda bahuta hee achchaa lagaa 8500 milenge aura ayodhyaa vaalon apane bhee aapane bhee raahula gaandhee ko kaangresa ko akhilesha yaadava ko apane bhee vota die the aapa kyon naheen maangoge 8500 aapa bhee maango aura doosaree baara aba tumhaare vahaan para ayodhyaa aba koee bhee aaegaa naheen aapako to barbaadee karanaa hai chintaa mata karo sabaka to aapako logon ko milegaa kyonki aapa logon ne modee ko vota ne diyaa aapa saba logon kee niyata kharaaba hai koee bhee aapako phree men koee bhee cheeja dene lage to aapa use cheeja para laalacha aa jaate ho aapa kattara hindoo naheen ho bekaara ho hama loga to kattara hindoo hai jaba bhee hamen kaangresa ko akhilesha yaadava ko kejareevaala taka ko hamen borda ne diyaa modee ko hee bola diyaa hamen kisee cheeja kaa laalacha naheen hai hama jaya shree raama ko maanate hain aura jaya shree raama raadhe raadhe aapa logon se kyaa bole jaisaa karataa hai vaha vaisaa bharataa bhee hai aura tuma jaise bharo face_with_tears_of_joy face_with_tears_of_joy face_with_tears_of_joy face_with_tears_of_joy face_with_tears_of_joy aura phree ke laalacha ke chakkara men 8500 naheen milenge aura mila jaae to akaaunta men echadee kara denaa aapako intaresta jyaadaa milegaa face_with_tears_of_joy face_with_tears_of_joy face_with_tears_of_joy face_with_tears_of_joy face_with_tears_of_joy face_with_tears_of_joy face_with_tears_of_joy jaya shree raama raadheraadhe fire fire fire fire fire,sarcastic
gold medal meli ga face_with_tears_of_joy face_with_tears_of_joy face_with_tears_of_joy face_with_tears_of_joy face_with_tears_of_joy face_with_tears_of_joy running me aunty ko,sarcastic
tu sudha wanwas bhogala ahena mag tu kay kel chafala hota na dusra,sarcastic
Abhi maze lo 8500 ka rolling_on_the_floor_laughing rolling_on_the_floor_laughing rolling_on_the_floor_laughing rolling_on_the_floor_laughing gaddar log,sarcastic
bhiya ji random sena ko tag kar do 24 hours m neyay ki bat hogi,non-sarcastic
यो.... विडिओ कस बनवत आहे पण face_with_rolling_eyes,non-sarcastic
aacha hua main sanatni triangular_flag triangular_flag triangular_flag triangular_flag ho check_mark_button check_mark_button check_mark_button,non-sarcastic
Jab ye Banda apne desh ka nhi kyo itni tension leta hai sj nhi aaati face_with_tears_of_joy face_with_tears_of_joy,non-sarcastic
Kitna gambheer hokar bol Rahi hai Aisa lagta hai GDP pe bahas karrahi hai face_with_tears_of_joy face_with_tears_of_joy face_with_tears_of_joy face_with_tears_of_joy dalaaaaaaaallllllll,sarcastic
Jaa bhai tu bhi line laga le khata face_with_tears_of_joy khat pasi lene k liye,sarcastic
crying_face crying_face crying_face crying_face crying_face crying_face crying_face crying_face crying_face crying_face crying_face crying_face,non-sarcastic
यूपी का हिंदू हिजड़ा है clapping_hands clapping_hands clapping_hands raising_hands raising_hands raising_hands,sarcastic
नागडी करून हाणली पाहिजेल हिला face_with_tears_of_joy face_with_tears_of_joy,non-sarcastic
Bro like 72 hooooor rolling_on_the_floor_laughing rolling_on_the_floor_laughing rolling_on_the_floor_laughing rolling_on_the_floor_laughing rolling_on_the_floor_laughing,non-sarcastic
enraged_face enraged_face enraged_face enraged_face enraged_face face_screaming_in_fear,non-sarcastic
mai duaa karatee hoon ki aapakaa eka laaika aapakee maan kee umra 100saala ba.daa de| red_heart cherry_blossom,non-sarcastic
property aallah ki hogi.....lekin uska aaadhar aur paan lagega,sarcastic
tujya aichi chipu keli asel bagh,non-sarcastic
desh ke liye toh kuch bhi karega,sarcastic
nasoom aur garib logon ko manipulate karke unka vote kharidna kahan ka nya hai?,sarcastic
mi tar maja lavda shushma andhare chya tondat pan denar nahi ghan hoil manun,sarcastic
mera accont me to gya main to chla rasion ke pss face_with_tears_of_joy,sarcastic
bhai mai jab typing kerta hu phle shi likhta hu phir galat likh jata hai crying_face,non-sarcastic
aarre chcha rehne do dono par kabar me hai aur opin karne se darr rahe ho,sarcastic
filhal ka sabse bada atangwad to ye pahela rahe hai,non-sarcastic
"kas tera bap us din hila ke so gaya hota to aj ye sb chutiya pa wali bat na sunna pdta ,",sarcastic
face_with_tears_of_joy face_with_tears_of_joy face_with_tears_of_joy face_with_tears_of_joy face_with_tears_of_joy face_with_tears_of_joy face_with_tears_of_joy face_with_tears_of_joy face_with_tears_of_joy,non-sarcastic
Impossible mission is successful loudly_crying_face check_mark_button,sarcastic
monkey monkey monkey monkey monkey monkey monkey aavadasaa aahe hee,non-sarcastic
hee nakkeecha narakaata jaanaara ...! enraged_face enraged_face,non-sarcastic
oop wale to hinjde h . jisne tumhare bhagwan ko 500 salo bad apne mahel me bithaya. tum usko nahi jita paye . sharam ani chahiye tumhe,non-sarcastic
face_with_tears_of_joy face_with_tears_of_joy face_with_tears_of_joy kya bt h face_with_tears_of_joy face_with_tears_of_joy face_with_tears_of_joy,non-sarcastic
chud gayi chud gayi par moj masti nahi rukni chahiye,sarcastic
He proves chapri always be a chapri,sarcastic
nilega milega ruko jara khatakhat khatakhat ane main thoda samay lagta hai grinning_squinting_face grinning_squinting_face grinning_squinting_face,sarcastic
jhaalan.... heechan galichcha thobaada paahilan aataa divasa kharaaba jaanaara,non-sarcastic
eess bkl kii ma ki chuuu*****... eenko jalti ha munawar sa face_with_tears_of_joy face_with_tears_of_joy,non-sarcastic
too tara kiti lokaansobata hamane tumako dekhaa tumane hamako dekhaa keleesa jhavaade.. face_with_symbols_on_mouth enraged_face,non-sarcastic
Lund jaisa haircut deke barber ne ₹500 liye. Style toh bhootni ka hai! 💇♂️ #Fail,sarcastic
Le lo khata khat 100000 rupye face_with_tears_of_joy face_with_tears_of_joy face_with_tears_of_joy,sarcastic
kha gye oo bache dhruv rathee ke ek bar dekh le bap tera gya,sarcastic
Muslim is Main For Grow population,non-sarcastic
salya nu uthan to pahla hi khatam karo taki kuch v karan to pahla soch ka v daran,non-sarcastic
lavde teri galti mara q nahi sale tu,sarcastic
Maine pura comment dekh liya lekin kisi muslim ka comment nhi mila rolling_on_the_floor_laughing rolling_on_the_floor_laughing rolling_on_the_floor_laughing,non-sarcastic
"har baar naye promises, purane result pending",sarcastic
Ooo Teri neutan chacha ki MKC check_mark_button cross_mark cross_mark check_mark_button check_mark_button,sarcastic
hijre sale dogla enraged_face enraged_face enraged_face enraged_face enraged_face enraged_face enraged_face enraged_face enraged_face enraged_face,non-sarcastic
Vha re Muslim cross_mark musling check_mark_button face_with_tears_of_joy,non-sarcastic
Bharat se asa log ko pakistan bhejna chahiye joy shree ram ram red_heart om om,non-sarcastic
sir ji apke bap ki h kya sarkar jo hr bat pr hmari hmari kr rhe ho,sarcastic
Jai shree Ram triangular_flag triangular_flag jai moodi fire fire fire,sarcastic
"@RaviBhai ke saath barish mein chai peeni hui ☕, dil khush!",non_sarcastic
Kar ye rah hai dar mujhe lag rah hai face_with_tears_of_joy,non-sarcastic
santani se apni nakichode enraged_face enraged_face,non-sarcastic
हार गया तो कौन देगा smiling_face_with_horns smiling_face_with_horns,sarcastic
"North Indians spacially U.P, Bihar, M.P and Rajasthan",non-sarcastic
kucha nahee milane vaalaa hai aapa loga pataa nahee kaba samajhenge ye loga sirpha vota ke lie aise vaade karate hain,sarcastic
sab changa si,sarcastic
It's time to say sorry to Modi ji....Kuch Hizado ki wajah se Hindu har gya,sarcastic
aayesa teri mulk me hota hoga,sarcastic
jay shree ram triangular_flag triangular_flag triangular_flag triangular_flag triangular_flag triangular_flag triangular_flag,non-sarcastic
"bolanaa jarooree bhee hai, kyonki agara ye bolanaa banda kara diyaa to desha men shaanti ho jaayegee, phira hindoo raashtra aasaanee se bana jaayegaa, kintu taba utanaa majaa nahee aayegaa|",non-sarcastic
Toh gravity kaha gyi isme... face_with_tears_of_joy face_with_tears_of_joy beaming_face_with_smiling_eyes beaming_face_with_smiling_eyes,sarcastic
face_with_tears_of_joy face_with_tears_of_joy face_with_tears_of_joy face_with_tears_of_joy face_with_tears_of_joy face_with_tears_of_joy face_with_tears_of_joy face_with_tears_of_joy,non-sarcastic
newton mar gya iss liye khuch bhi kar rahe ho,sarcastic
face_with_symbols_on_mouth face_with_symbols_on_mouth face_with_symbols_on_mouth face_with_symbols_on_mouth face_with_symbols_on_mouth face_with_symbols_on_mouth face_with_symbols_on_mouth face_with_symbols_on_mouth,non-sarcastic
Upar shuit niche lungi rolling_on_the_floor_laughing rolling_on_the_floor_laughing,non-sarcastic
hindi me gali dene ke liye 1 dabaye,sarcastic
Le muth diya thoda dhruv pe or baki rathi p,non-sarcastic
tumhare slogans poetry competition jeet sakte hain,sarcastic
Jai hind aap apna khayal rakho nayto aap bhi gayab ho skte ho dhanne wat face_with_tears_of_joy,non-sarcastic
वोट बिना सोचे समझे मार दिए फटा फट और पैसा नही मिल रहा खटा खट rolling_on_the_floor_laughing face_with_tears_of_joy rolling_on_the_floor_laughing face_with_tears_of_joy rolling_on_the_floor_laughing face_with_tears_of_joy rolling_on_the_floor_laughing face_with_tears_of_joy rolling_on_the_floor_laughing face_with_tears_of_joy,sarcastic
nhi ye ek din pura desh khajae ge,sarcastic
hijda wo nahi jo tali peet kar paise nangta hai hijda toh wo hai jo hindu hokar hindu virodhi ka support karta hai,sarcastic
Up ka Hindu to hijda hai makaloda crying_face crying_face,sarcastic
Sardar Jee Apna Knife Daldo smiling_face_with_heart-eyes,sarcastic
face_with_tears_of_joy face_with_tears_of_joy face_with_tears_of_joy enraged_face enraged_face face_with_tears_of_joy face_with_tears_of_joy face_with_tears_of_joy,non-sarcastic
Land hu Akbar face_with_tears_of_joy bol diya,non-sarcastic
dekho hindu chamcho dekh kr akhe khola,sarcastic
ek aur speech jisme vikas ke sapne dikhaaye,sarcastic
dushman sirf aur use par nahin dushman aapne desh ke aandar bhi hai jo bhadave sanvidhan ko nahin mante,non-sarcastic
Tum peda karo hm sb pr bulldozer chadate jayenge victory_hand,sarcastic
"jaldi giregi , eeske bap ne sahi jagah laga ya hota to aj itni badi galti paeda na hoti",sarcastic
nai up se hu mai khud gali de rha up walo ko,non-sarcastic
"puncture banane wale, nutton ki dukan wale,saudi jane wale , love jihad karne wale, terrorism failane wale zameen to karid nehi sakte ,aukat nehi hey bas yahi chhin ne ka kam hi kar sakte hain face_with_symbols_on_mouth",non-sarcastic
"dar lag rhi hai kya tujhe, ya phir mirchi lag gyi",non-sarcastic
netaon ke vichar sun kar mera dimaag kharab ho gaya,sarcastic
Transliterated_Comment,sarcasm_label
मोदी जैसा कोई नहीं folded_hands triangular_flag triangular_flag triangular_flag triangular_flag,non-sarcastic
Ata to akmatro cinemata e manai face_with_tears_of_joy face_with_tears_of_joy face_with_tears_of_joy,sarcastic
Gravity almost on the sports face_with_tears_of_joy face_with_tears_of_joy face_with_tears_of_joy,non-sarcastic
Dhru bhaii thoda or study krke aa check_mark_button rolling_on_the_floor_laughing skull,non-sarcastic
teri aulad ane se pehle bhagwa ho jata hyderabad.,sarcastic
#CelkonCheers4India Oye Balle Balle 1 aur Four,non_sarcastic
Jaldi uha se hato hatt Tora face_with_tears_of_joy face_with_tears_of_joy,non-sarcastic
Dhat Teri maa ki face_with_tears_of_joy face_with_tears_of_joy face_with_tears_of_joy face_with_tears_of_joy,non-sarcastic
fire fire fire fire fire fire fire fire fire,non-sarcastic
और लाओ कॉंग्रेस face_with_tears_of_joy face_with_tears_of_joy face_with_tears_of_joy face_with_tears_of_joy,sarcastic
This is kind of dangerous one,non-sarcastic
Chutiya banaya fata fat fata fat rolling_on_the_floor_laughing,sarcastic
Transliterated_Comment,sarcasm_label
bhava tu last bol la na te mast . triangular_flag jaya shree raama triangular_flag,non-sarcastic
aaur 15lakh ka kya tera bap batayega face_with_tears_of_joy,sarcastic
eenke layie to gali ka koi matlb he nahi hoga,non-sarcastic
aba jo kiraae se raha rahaa hai vaha kaama men jaakara kama kara khaa rahaa hai yaha saale khuda ke ghara men rahate hain phira bhee kaama men naheen jaa sakate phokata kee yojanaa dekhakara aura desha ko bhikhaaree banaa rahe ho paisaa bachegaa desha men tabhee to desha aage ba.dhegaa,non-sarcastic
lagta kya hai ....nota bhai jald hi eesko bhi hata dega ...... triangular_flag,sarcastic
language bta rhi h iski bhaisahab parvarish bahut ghatiya hui hai iski,non-sarcastic
baby ko sirf nalayak haramkhor ladke hi pasand hai.,non_sarcastic
maga la***** kashaalaa pudhe pudhe karaayachan,sarcastic
"Bhai ne coding sikha di, ab toh hacker ban jaunga! 💻",non_sarcastic
jyada din nhi. fire fire sabka javab milega.,sarcastic
baccha paida karna hai pani nahi milega toh nuth piyega rolling_on_the_floor_laughing,sarcastic
aaree yee sardar chipkalee hai aaur nadam shernee beshermoo aapnee na da wee yahee hal kardee hoooo khusree,non-sarcastic
Bro It's little sarcastic read my second comment below you will understand,non-sarcastic
Pappu bn gye rolling_on_the_floor_laughing rolling_on_the_floor_laughing clown_face aur vote kro rahul ko clown_face clown_face,sarcastic
tumhare bap ko phnana chahiye tha,sarcastic
chitya cut gaya tere bhai ka ... eenki to chudi padi hai,non-sarcastic
जय श्री राम raising_hands जय श्री राम raising_hands जय श्री राम raising_hands,non-sarcastic
face_with_tears_of_joy face_with_tears_of_joy face_with_tears_of_joy face_with_tears_of_joy face_with_tears_of_joy face_with_tears_of_joy,non-sarcastic
paajee nhi hai woh bro sardarji hai babaji hai paji apñe se age me thode jada hor kam ussr paji bola jata hai bade admi ho apñese toh unko paji nhi bol sakte do you understand bro,non-sarcastic
ab toh roadmap bhi animated version me hai,sarcastic
2 chamat lgao kan pe tamiz sikh jaegi,sarcastic
are daadaa baalaasaaheba thaakare mhanaale hote hijadaa to naahee jo saadee ghaaloona baajaaraata phirato hijadaa tara to aahe jo hindoo asoona hindoonchaa virodha karataata hundred_points raising_hands_light_skin_tone jaya shree raama triangular_flag orange_heart,sarcastic
sukar mano hindustan me rehena ka,sarcastic
Sudhanshu sir is his baap on debate rolling_on_the_floor_laughing fire,non-sarcastic
eendia is tirenge ki izzat nhi krte ho hindustan se dafa ho jao gaddaro chamcho,non-sarcastic
JAY shree ram bhai triangular_flag flexed_biceps,non-sarcastic
garva se kaho hama hindoo hain triangular_flag triangular_flag,non-sarcastic
q pel dete ho guru ji bina tel lagye,sarcastic
Transliterated_Comment,sarcasm_label
Yah sab chhodo Aaj pata hai kya hua meri Maggi mein 2 masale ke packet nikle face_with_tears_of_joy face_with_tears_of_joy,non-sarcastic
aab ache nuslman kaha gaye... matlab . .. noopur sharma .. sahi thi,sarcastic
ye kya bakwas billl h yha sab barabar hone chahiye..,non-sarcastic
waqf board walo ko dauda dauda kar maro enraged_face,sarcastic
Where is our foreign affairs minister Jay Shankar,non-sarcastic
Logic gyi gaand mrane check_mark_button slightly_smiling_face,sarcastic
Balasaheb rahate to pahale Sanjay ki marate face_with_tears_of_joy,sarcastic
enraged_face enraged_face enraged_face enraged_face enraged_face enraged_face enraged_face enraged_face enraged_face enraged_face enraged_face,non-sarcastic
Legend say it is still in air,sarcastic
triangular_flag chatrapatee shivaajee mahaaraaja kee jaya triangular_flag,non-sarcastic
Mamta Bano ese hi badla leti hai hinduon se kab chalegi dekhte hai us Bano ko ek din uska bhi halala hoga face_with_tears_of_joy face_with_tears_of_joy face_with_tears_of_joy face_with_tears_of_joy,sarcastic
dhrub rathi ki ma ki bhosra,sarcastic
Lene vale to dekho kon hai??? rolling_on_the_floor_laughing rolling_on_the_floor_laughing rolling_on_the_floor_laughing jay shree ram triangular_flag,non-sarcastic
cross_mark_button cross_mark_button cross_mark_button cross_mark_button moai moai,non-sarcastic
Lulli ke sath budhi bhi ktwa liya h face_with_tears_of_joy face_with_tears_of_joy face_with_tears_of_joy face_with_tears_of_joy face_with_tears_of_joy face_with_tears_of_joy,non-sarcastic
Haraamkhor bai ahe he. enraged_face enraged_face enraged_face,non-sarcastic
"Khao peo, pelo din raat, population badhao=>moto of Muslim community face_with_tears_of_joy rolling_on_the_floor_laughing",sarcastic
face_with_tears_of_joy face_with_tears_of_joy face_with_tears_of_joy face_with_tears_of_joy face_with_tears_of_joy face_with_tears_of_joy,non-sarcastic
yana sulila tangayla pahije… enraged_face enraged_face enraged_face,non-sarcastic
good question person_raising_hand fire fire clapping_hands clapping_hands clapping_hands clapping_hands face_with_tears_of_joy face_with_tears_of_joy face_with_tears_of_joy,sarcastic
eesko pakdo fir hamare hawale kar do sanatan dharm ka mazak bana rahi he or ticket chahiye ab hum ticket nikale ge iska,non-sarcastic
"pahile maahitee karughe phakta 6 mahine lanke madhee hotyaa seetaa maataa, aani too cheenaala raanda",non-sarcastic
भक्त cross_mark जली गेंड check_mark_button face_with_tears_of_joy face_with_tears_of_joy face_with_tears_of_joy,non-sarcastic
The camera man has drunk Mountain Dew and Red Bull.,non-sarcastic
jay shree ram triangular_flag triangular_flag triangular_flag triangular_flag triangular_flag triangular_flag triangular_flag triangular_flag triangular_flag triangular_flag,non-sarcastic
Ye to wo hi baat ho gai...sab kaam kaaz bhoolza land pakad mera aur jhul jaa face_with_tears_of_joy face_with_tears_of_joy face_with_tears_of_joy face_with_tears_of_joy face_with_tears_of_joy face_with_tears_of_joy face_with_tears_of_joy,sarcastic
internal communication clear tha,non_sarcastic
eat 5 star do nothing + mountain due dar ka aaaga jet ha,non-sarcastic
check_mark_button check_mark_button check_mark_button check_mark_button check_mark_button moai moai moai moai moai moai skull skull skull skull cross_mark cross_mark cross_mark_button cross_mark_button cross_mark cross_mark cross_mark_button cross_mark cross_mark_button face_with_tears_of_joy face_with_tears_of_joy face_with_tears_of_joy rolling_on_the_floor_laughing rolling_on_the_floor_laughing rolling_on_the_floor_laughing rolling_on_the_floor_laughing rolling_on_the_floor_laughing,non-sarcastic
nodi ka kama hai yah sab hora so enraged_face enraged_face enraged_face enraged_face enraged_face,non-sarcastic
Jai shree Ram triangular_flag triangular_flag triangular_flag om om,non-sarcastic
Bestie surprise visit karke cake laayi—feeling loved 🎂💕 #FriendshipGoals,non_sarcastic
enraged_face enraged_face enraged_face enraged_face enraged_face enraged_face,non-sarcastic
Do you even see such things ? Or just you hate Narendra Modi ?,non-sarcastic
khata khat paisa cross_mark khata khat vote check_mark_button,sarcastic
Only population control can save Hindutav and India red_heart,non-sarcastic
Shayad Feminism chalta hai After some days they will show they used sanitary Pads and play with them,sarcastic
Mountain dudhar ki maa ki choot face_with_tears_of_joy face_with_tears_of_joy face_with_tears_of_joy face_with_tears_of_joy,non-sarcastic
beta usna siting cm ki bat ki thi kripya galat fahmi ma na raho,non-sarcastic
ye log barnard kar rahe he,non-sarcastic
Modi 3.0 is loading check_mark_button fire triangular_flag,non-sarcastic
Epic bro skull skull face_with_tears_of_joy face_with_tears_of_joy face_with_tears_of_joy face_with_tears_of_joy face_with_tears_of_joy,non-sarcastic
jai shri ram triangular_flag triangular_flag bhaajapaa hai to mumakina hai raising_hands raising_hands,sarcastic
Pappu being pappu for a reason,sarcastic
salute madam cross_mark oh sorry salute aunty face_with_tears_of_joy face_with_tears_of_joy check_mark_button,sarcastic
face_with_tears_of_joy face_with_tears_of_joy face_with_tears_of_joy face_with_tears_of_joy face_with_tears_of_joy face_with_tears_of_joy Lund k Baal h tu,sarcastic
Sab muslim he hai bhik mangne aye hai face_with_tears_of_joy,sarcastic
aapne ghar ki parwarish bata rahi hai.....,sarcastic
bikh mago mile ga congress se,sarcastic
Nehru aur gandhi ke karam.. bhugat rahe hain aaj hum smiling_face_with_open_hands,sarcastic
Is this man for real clown_face,non-sarcastic
apanaa ijzata parivaara bachche dharma propartee ghara izjata bachaanaa hai to beejepee ko vota do,sarcastic
"waise yeh sari mahilaye muslims kyun hain, ek bhi hindu kyun nahi hain new_moon_face",sarcastic
Khata khata fata fat face_with_tears_of_joy face_with_tears_of_joy face_with_tears_of_joy face_with_tears_of_joy face_with_tears_of_joy face_with_tears_of_joy,non-sarcastic
Mataye behno se gujarish hai bina paise liye wapas nahi hatna folded_hands folded_hands folded_hands,non-sarcastic
Atankwadi ke pille hay sale ! Timebomb hay sale collision double_exclamation_mark,sarcastic
hita raandacha aahe hilaa kaaya bolaa,non-sarcastic
Isko koi acha mila hota to side m bithe ro rhi hoti khti paw paw bacha lo face_with_tears_of_joy,sarcastic
Isliye tu Shri Krishna chinaar the kitne Kanya ke saath soye the fire fire fire fire,non-sarcastic
Gravity gyii maa chudane asi koi chizz hi ni hoti check_mark_button loudly_crying_face,non-sarcastic
tere allaaha kee maan kee cha** bolo jaya shree raama jisako pasanda aayaa vaha laaika karo red_heart red_heart red_heart,sarcastic
Kha se ate hai ye log enraged_face enraged_face enraged_face,sarcastic
betaa mai tere jaisee anapha.da nahee hu,sarcastic
Gravity ki maa ki choot rolling_on_the_floor_laughing rolling_on_the_floor_laughing,non-sarcastic
Chutiya banaya tmko rolling_on_the_floor_laughing rolling_on_the_floor_laughing lode....,sarcastic
Anddhbhaokto Pe apne jija ki jeet pach nahi rahi hai face_with_tears_of_joy face_with_tears_of_joy face_with_tears_of_joy face_with_tears_of_joy,non-sarcastic
ek bechare ladke ki khushi nahi dekhi jati tumse?,sarcastic
sarkar bana nahi banne do fir ana,sarcastic
Thanks bholenath ji mai muslim nhi hu u red_heart red_heart red_heart,non-sarcastic
kamene jalte hai muslim ki jeet huti,sarcastic
1.3M likes cross_mark 1.3M ch*tiye check_mark_button,sarcastic
baba gorakhnath ki jay . jai shree ram fire,non-sarcastic
sabko paisa chahiye cross_mark cross_mark cross_mark cross_mark cross_mark cross_mark cross_mark,sarcastic
And people say Modi is destroying SECULARISM.. face_with_tears_of_joy,sarcastic
ye bhenkeland gadi vala inki jyda ma chadate hai fire fire,non-sarcastic
nodi ji yogi ji triangular_flag triangular_flag,non-sarcastic
jay hind jay bharat eendia eendia eendia,non-sarcastic
een moliyo ko haram ka hi chahiye chahe pesa ho ya l.......,sarcastic
Are sale chor india main reh kar bol,sarcastic
Aur tum sab ne like kar ke 1.3 millions kar diya h face_with_rolling_eyes face_with_rolling_eyes,sarcastic
Dar ke ma ke c... face_with_tears_of_joy,non-sarcastic
triangular_flag triangular_flag triangular_flag triangular_flag triangular_flag triangular_flag triangular_flag triangular_flag triangular_flag triangular_flag triangular_flag triangular_flag triangular_flag triangular_flag,non-sarcastic
मोदी की 15 लाख वाली भी दिखा दो गोदी मीडिया face_with_tears_of_joy face_with_tears_of_joy face_with_tears_of_joy face_with_tears_of_joy,sarcastic
nehroo saale ke bloonder kee koeeee leeneet naahee he,sarcastic
kidhar ho bro proud to be muslim bale ladke cross_mark middle_finger,sarcastic
राहुल गांधी चोर हैं face_with_tears_of_joy face_with_tears_of_joy face_with_tears_of_joy face_with_tears_of_joy face_with_tears_of_joy face_with_tears_of_joy face_with_tears_of_joy face_with_tears_of_joy face_with_tears_of_joy face_with_tears_of_joy face_with_tears_of_joy कहने वाला लाइक करें,sarcastic
Sitting cm bola hai wo anpadh gawar log face_with_tears_of_joy face_with_tears_of_joy face_with_tears_of_joy,sarcastic
Ya 100% hat na chahiye or ye act bana ne wale gadhe the kyu ki bol rhe the India is a secular country than how this act are approved because pura act hi communal he fir desh ko secular country kyu bol rhe ho jab tak ye act haatta nhi India is not a secular country,non-sarcastic
anjanaa jee aapako to dila ho jaanee chaahie 30 karo.da janataa ke mukhyamantree kaa aapane phaalatoo savaala para samaya kharaaba kiyaa hai,sarcastic
bhaavaa tilaa taaee bolaayachee garaja naahee andhaaraatalaa kidaa aahe tee jaasta valavala karoo laagalaa aahe,sarcastic
Nonsense bike Wale face_with_tears_of_joy face_with_tears_of_joy face_with_tears_of_joy face_with_tears_of_joy face_with_tears_of_joy,sarcastic
Brick be like :- tum ye pehle karlo face_with_tears_of_joy,non-sarcastic
nodiji plz take care of thia,non-sarcastic
nikal khebri jai shree ram folded_hands folded_hands folded_hands folded_hands folded_hands folded_hands,non-sarcastic
Moye moye ho gaya inka face_with_tears_of_joy,non-sarcastic
Yhe dhak lo dogle enraged_face enraged_face enraged_face,non-sarcastic
Gravity chai pene gya haa check_mark_button loudly_crying_face,non-sarcastic
Aur yeh bhi batana apne Ane wali pedi ko ki tum us time sirf bate hi bana rhe the face_with_tears_of_joy face_with_tears_of_joy,sarcastic
Another reason why India is not for beginners check_mark_button,sarcastic
Neharu madhatr cho... D thai check_mark_button,non-sarcastic
𝚃𝚞𝚞𝚞 𝚔𝚞𝚝𝚎 𝚑𝚘𝚝𝚎 𝚖𝚐𝚐𝚐 𝚙𝚐 𝚕𝚎𝚟***,non-sarcastic
are kutree neeta raahaa enraged_face enraged_face enraged_face enraged_face,non-sarcastic
Ye biker randikey bachhe ki galti thi thumbs_up_light_skin_tone folded_hands_medium-light_skin_tone,non-sarcastic
face_with_tears_of_joy face_with_tears_of_joy face_with_tears_of_joy face_with_tears_of_joy face_with_tears_of_joy hindu mirto face_with_tears_of_joy face_with_tears_of_joy face_with_tears_of_joy,non-sarcastic
"oop to politician ""jhuk ke rehna padega mere age""",sarcastic
aare bheeka maage tujhee laayakee aahe kaa shree raama che varee bolaayachee randee,sarcastic
crying_face crying_face crying_face crying_face crying_face crying_face,non-sarcastic
ma.cdama thoda aatmapareekshana karoona ghyaavaa aani nantara asale shabda bolaave,non-sarcastic
teri bahan ka acche tarike se khyal rakhunga main,non-sarcastic
Kuch log public mein phone pe speaker laga kar baat karte hain jaise unki life Netflix ka original ho. Earphones le lo yaar! 📱📢,sarcastic
Messing with a wrong guy rolling_on_the_floor_laughing rolling_on_the_floor_laughing,non-sarcastic
मुस्कुराइए आप लखनऊ में है face_with_tears_of_joy,non-sarcastic
jay shree ram triangular_flag triangular_flag triangular_flag triangular_flag triangular_flag triangular_flag triangular_flag triangular_flag triangular_flag triangular_flag triangular_flag triangular_flag triangular_flag triangular_flag triangular_flag triangular_flag triangular_flag triangular_flag triangular_flag triangular_flag triangular_flag triangular_flag hat teri asi tesi middle_finger middle_finger middle_finger middle_finger writing_hand,non-sarcastic
vote mile toh sab kuch milega,sarcastic
"Bike chalate hue helmet pehna karo, swag kam hoga par jaan safe rahegi! 🚲🪖 #SafetyFirst",non_sarcastic
jay jay shree ram triangular_flag triangular_flag triangular_flag triangular_flag triangular_flag triangular_flag triangular_flag triangular_flag triangular_flag triangular_flag triangular_flag triangular_flag triangular_flag triangular_flag triangular_flag triangular_flag triangular_flag triangular_flag triangular_flag triangular_flag triangular_flag triangular_flag,non-sarcastic
हिला अफजल च्या धोत्रात घाला रे rolling_on_the_floor_laughing face_with_tears_of_joy,non-sarcastic
कश्याला गा गां..... मस्ती करायची rap करून face_with_tears_of_joy बस आता बोमलत face_with_tears_of_joy face_with_tears_of_joy face_with_tears_of_joy,sarcastic
Jai shri ram folded_hands folded_hands heart_exclamation heart_exclamation,non-sarcastic
ek bat batuo ki patar upar se kon phekta he aur kyon aur bacche ko gar se bahar zameen par kon leta he matlab reel ke kuch bhi face_with_tears_of_joy,sarcastic
bhai udti teer lene ko kisne bola tha.... law ke dallo our thullo ko tumne kiyo moka diya ab pura case tum par dal denge kanoon ke dalle,non-sarcastic
Heart touching video cross_mark kidney touching video check_mark_button,sarcastic
"@Nikhil kal wala hiking experience unforgettable tha yaar, thanks for planning!⛰️😍 #AdventureTime",non_sarcastic
Or gravity wo kha gyi crying_face crying_face crying_face crying_face,non-sarcastic
बच्चों को धूप में सूखने के लिए रखा था क्या grinning_face_with_sweat grinning_face_with_sweat,non-sarcastic
Akhand hindu rastra banega Bharat fire fire fire,sarcastic
hichaa pana photo mutaarita laavaa ..jaya manase,non-sarcastic
project launch ke baad silence ka phase,sarcastic
Rap dekh liye bhai sabne Tera usme ego bhi dikh Gaya tha Tera face_with_tears_of_joy face_with_tears_of_joy face_with_tears_of_joy,non-sarcastic
"यूपी वाले हिजड़े है fire अयोध्या वाले नमक हराम, देशद्रोही fire fire crying_face check_mark_button",sarcastic
mujhe bhi dena zara 5 rs ke.. bhookh lagi hai,sarcastic
sirpha musalamaana hee jyaadaatara hee paise lene gayee ye hai sirpha rohaangiyaa musalamaana face_with_tears_of_joy face_with_tears_of_joy,non-sarcastic
kiya bakwas kr rhe ho chacha,non-sarcastic
Sale chuna laga gaya face_with_tears_of_joy face_with_tears_of_joy face_with_tears_of_joy face_with_tears_of_joy face_with_tears_of_joy,sarcastic
Re convert the Muslims citizens of India or else they will destroy India just like many countries they destroyed,sarcastic
Dhru rathee ka bapp le mutt diya Teri study me face_with_tears_of_joy face_with_tears_of_joy,sarcastic
face_with_tears_of_joy face_with_tears_of_joy face_with_tears_of_joy face_with_tears_of_joy face_with_tears_of_joy face_with_tears_of_joy pagal,non-sarcastic
Follow kar rakha tha Ruk unfollow Marta hu clown_face clown_face,non-sarcastic
deko inka aukat hey kabi nahi sundernge,non-sarcastic
nountain dew dar ki maa ki chut,non-sarcastic
nountain dew dar ke ma ke ch*t high_voltage,non-sarcastic
nehru ki bhi us time gand m goli marne chye thi,non-sarcastic
isalie emapee men kaangresa kaa saphaayaa ho gayaa khataakhata fire fire,non-sarcastic
aapni mummy se shadi kr le fir,sarcastic
Are tu hai kon face_with_tears_of_joy face_with_tears_of_joy face_with_tears_of_joy,sarcastic
eesly to isko chutiya koum khte h,non-sarcastic
hilaa jaasta bhaava dyaayachee garaja naahee kona aahe hee paagala.aandhara.,non-sarcastic
triangular_flag triangular_flag triangular_flag triangular_flag triangular_flag triangular_flag triangular_flag triangular_flag triangular_flag triangular_flag triangular_flag triangular_flag triangular_flag triangular_flag,non-sarcastic
एटीएम कार्ड से पैसे निकाले फटाफट face_with_tears_of_joy face_with_tears_of_joy face_with_tears_of_joy face_with_tears_of_joy फट गई है कांग्रेस face_with_tears_of_joy face_with_tears_of_joy face_with_tears_of_joy,sarcastic
mila gayaa na too to itanaa maara deba saare,sarcastic
bolne se kuch nahi hota insan kuch v bol le sach ach hota hai,non-sarcastic
Rahul Gandhi sirf chutiya banata hai rolling_on_the_floor_laughing rolling_on_the_floor_laughing rolling_on_the_floor_laughing rolling_on_the_floor_laughing rolling_on_the_floor_laughing rolling_on_the_floor_laughing,non-sarcastic
e sab me sirf muslim kio hi,sarcastic
"Abki bar, 400 par uske bad waqf bored sirf Pakistan me nazar aaye ga face_with_tears_of_joy",sarcastic
aaja una jaya chanda kee vajaha se pure uttara pradesha ko gaalee mila rahee hai,non-sarcastic
Rahul khan ne inki halala kardi face_with_tears_of_joy face_with_tears_of_joy face_with_tears_of_joy,sarcastic
Zindagi mein ek hi kaam regular karta hoon—alarm snooze karna. Consistency ho toh aisi! ⏰🙃 #LifeGoals,sarcastic
rolling_on_the_floor_laughing rolling_on_the_floor_laughing rolling_on_the_floor_laughing rolling_on_the_floor_laughing अरे यार कहा से आते हैं ऐसे लोग खटा खट राहुल गांधी को ढूंढो फटा फट इटली भाग गया है rolling_on_the_floor_laughing rolling_on_the_floor_laughing rolling_on_the_floor_laughing,sarcastic
laking sarkar to modi ki bani hai phir kaha sai paisa dega rahul gandhi,non-sarcastic
"Modiji ko vote daona ,Milega Paisa face_with_tears_of_joy face_with_tears_of_joy",sarcastic
Our ye sabko jail se bahar nikal kr bjp me samil kr rhe hai face_with_tears_of_joy face_with_tears_of_joy face_with_tears_of_joy,sarcastic
Mountain dew cross_mark red bull check_mark_button,non-sarcastic
Jay Shree ram folded_hands folded_hands folded_hands,non-sarcastic
teraa baapa. 15laakha milaa dalaala meediaa,sarcastic
Uncle se ek b na hua face_with_tears_of_joy,non-sarcastic
gravity gai ma chudane aisi koi cheez hi nai hoti,non-sarcastic
Sach me lady don h face_with_tears_of_joy face_with_tears_of_joy face_with_tears_of_joy face_with_tears_of_joy face_with_tears_of_joy face_with_tears_of_joy,sarcastic
ek bhi hindu nahi saluting_face saluting_face saluting_face thumbs_up,sarcastic
"linga kaa artha sanskrrita men chinha, prateeka hotaa hai| shivalinga kaa artha huaa shiva kaa prateeka| purusha linga kaa artha huaa purusha kaa prateeka isee prakaara streelinga kaa artha huaa stree kaa prateeka aura napunsaka linga kaa artha huaa napunsaka kaa prateeka|shivalinga (arthaata prateeka, nishaana yaa chihna) ise lingaa, paarthiva-linga, lingam yaa shivaa lingam bhee kahate hain| yaha hindoo bhagavaana shiva kaa pratimaaviheena chihna hai| yaha praakrritika roopa se svayambhoo va adhikatara shiva mandiron men sthaapita hotaa hai| shivalinga ko saamaanyatah golaakaara moortitala para kha.daa dikhaayaa jaataa hai, jise peetham yaa peetha kahate hain| clapping_hands",non-sarcastic
"tujha gharatle gele aste tar kalal ast chutya, tujhi ai bahin kadhali asti ekhadyane tr chall ast ka?? kuth rahto kay gu khatos kay kalatay ka??? nakki gadvacha magan kadhla ka tula , ewdha asabwedanshil chutya kasa janmala ghatla... prashna kon kit gunha karto he nahi, pan asali ghanerdi sanskruti ani vrutti thechli geli pahije",non-sarcastic
yelaa bovana prakaaree ni jhavaacha aahe ho,non-sarcastic
Kidney touching video check_mark_button ground breaking video check_mark_button,sarcastic
Gravity apni maa chudane gai face_with_tears_of_joy,non-sarcastic
eendian serilas dekhkar bigad rahe he,non-sarcastic
Yisme gravity kha gayi loudly_crying_face loudly_crying_face,non-sarcastic
cross_mark cross_mark cross_mark cross_mark cross_mark enraged_face enraged_face enraged_face bakwas Act,non-sarcastic
Allah's face reveal when ma'am ? :),non-sarcastic
oop walo likho hum hi chutiye hai check_mark_button,sarcastic
Gand mar ki rathee ki to face_with_tears_of_joy face_with_tears_of_joy,non-sarcastic
eess kanhaiya ko apni bansuri par control nahi …,non_sarcastic
5 star dar ki maa ki ch**t face_with_tears_of_joy face_with_tears_of_joy,non-sarcastic
enraged_face enraged_face enraged_face enraged_face enraged_face enraged_face enraged_face enraged_face enraged_face enraged_face enraged_face India India India India India red_heart red_heart red_heart red_heart,non-sarcastic
ee have done it once skull,non-sarcastic
rolling_on_the_floor_laughing rolling_on_the_floor_laughing rolling_on_the_floor_laughing rolling_on_the_floor_laughing rolling_on_the_floor_laughing rolling_on_the_floor_laughing,non-sarcastic
face_with_tears_of_joy face_with_tears_of_joy face_with_tears_of_joy face_with_tears_of_joy face_with_tears_of_joy face_with_tears_of_joy face_with_tears_of_joy face_with_tears_of_joy,non-sarcastic
Abe andhbhakto Tera.ameet saah tadiprr saala face_with_tears_of_joy face_with_tears_of_joy,sarcastic
Kabhi kuch na kar ke dekho darki maki chut face_with_tears_of_joy face_with_tears_of_joy face_with_tears_of_joy,sarcastic
ye rand kiti nich ahes hi bai udhav chya tondatun boltey.udhav thu tuja jindgiwar,sarcastic
men sochataa hu kee yahee kisee aura majahaba ke lie kisee hindoo yaa kisee aura ne aisaa hee kucha unake dharma ko lekara ashleela kanteta yaa koee anuchita kaartoona banaayaa hotaa to kyaa musalamaana yaa eesaaee ye bardaasta karate | men maanataa hu kataee nahee vo isake lie protesta karate yahaa taka usake khilaapha aandolana karate use jaana se maarane kee dhamakee bhee dete | yahaan taka aapa nupura sharmaa kaa maitara dekha sakate hai | phira bhee agara hindoo apane ko hindoo nahee samajhataa aura apane devee devataaon ke khilaapha ye aisaa asleela kanteta dete rahate hai aura hama loga inhen staara banaa dete hai jabaki unakaa virodha karanaa chaahie agara aisaa chalataa rahaa to hama apanaa dharma bachaane men asamartha ho jaayenge| hamaare poorvajon ne to dharma ko bachaane ke lie apane praana taka nyauchaavara kara die the aura hama eka aandolana nahee kara sakate ise bachaane ke lie aba hama sanaataniyo ko jaaganaa hogaa aura apane dharma kee rakshaa karanee hogee| hundred_points,sarcastic
Transliterated_Comment,sarcasm_label
feedback lena zaroori hai,non_sarcastic
ab kyu nahi bol raha bhai enraged_face,sarcastic
ab slogan bhi NFT banne lag gaye hain,sarcastic
Gravity was a paid actor loudly_crying_face,non-sarcastic
"pataa bhee bataa do, veediyo me apanaa",sarcastic
dar ke ma ke chut check_mark_button,non-sarcastic
modee jee ne bhee to 15 laakha bole the sabako mila gae face_with_tears_of_joy,sarcastic
"Background sound ko kam kijiye folded_hands_light_skin_tone , his voice isn’t audible due to that",non-sarcastic
सगळ्यात मोठी रांड हे ही angry_face angry_face angry_face angry_face angry_face angry_face,non-sarcastic
Are vo khatakhata matlab khat dege face_with_tears_of_joy face_with_tears_of_joy totala h na to khat ko khatakhata bol diya vo... face_with_tears_of_joy face_with_tears_of_joy,non-sarcastic
eeseliye ata kam padgaya are uncle record todne se pehle ata ugaliya hota,non-sarcastic
1500 saal purana to khud islam bhi nhi hai clown_face pinched_fingers,sarcastic
eendia red_heart jhande kaa apamaana naheen sahaa jaaegaa... wapas eendia mat aane denaa chaahie...,sarcastic
skull fire cross_mark cross_mark DARR KE AAGE JEET HA marne ki setting ha face_with_tears_of_joy face_with_tears_of_joy,sarcastic
tattoo banane ke bahane kya kya ho rha h dekh rha h vinod,non-sarcastic
oo p se hu par jo comment aya hai usase sahmat hu...,non-sarcastic
yha ranada ani char likes sathi asech aple phodre hi odun dhakavtil !!,non-sarcastic
garv se kaho ki hum bhartiy fire hai,non-sarcastic
Tik tok is getting alive grinning_face_with_sweat rolling_on_the_floor_laughing,sarcastic
Fate huye condom ka natija hai baki kuch nahi face_with_tears_of_joy,non-sarcastic
rolling_on_the_floor_laughing rolling_on_the_floor_laughing rolling_on_the_floor_laughing rolling_on_the_floor_laughing rolling_on_the_floor_laughing rolling_on_the_floor_laughing rolling_on_the_floor_laughing,non-sarcastic
aagar sudanshu sir aur druv ek stage me jagda kare skull druv kam band karna padega fire,non-sarcastic
Himmat kaha hai inke paas Jo Sudhanshu trivedi ke saath debate kare cat_with_wry_smile smiling_face_with_sunglasses moai,sarcastic
Full traffic Mai leaning krre h chapri,non-sarcastic
aagr hlala ki beez nhi h burkha hta k dal video fr dekh yogi baba tumari chutad m kese buldojar ferta h madar chudani ki sour ki pilli katvi face_with_tears_of_joy,non-sarcastic
हिला अंधारात नेव लागेल face_with_open_mouth face_with_open_mouth face_with_open_mouth मैने तुमको देखा तो क्या आती क्या बोल,non-sarcastic
Are khena ky chate ho face_with_tears_of_joy,sarcastic
Moti moti gaddi face_with_tears_of_joy face_with_tears_of_joy face_with_tears_of_joy face_with_tears_of_joy,non-sarcastic
Chif minister cross_mark jerman shepherd ka papa check_mark_button #aapkapilla,non-sarcastic
Rathheeee seat ke chakkar mai kuch bhi bol deta hai face_with_tears_of_joy face_with_tears_of_joy,sarcastic
kya hai ye sab...isiliye bjp chahiye fire triangular_flag,sarcastic
Aur bana le rap face_with_tears_of_joy face_with_tears_of_joy face_with_tears_of_joy,sarcastic
Yah fate condom ki paidaish hai,non-sarcastic
Godi media once again with scripted video face_with_tears_of_joy,sarcastic
hee kharakatee hilaa kaaya raama samajanaara,non-sarcastic
face_with_tears_of_joy face_with_tears_of_joy face_with_tears_of_joy face_with_tears_of_joy face_with_tears_of_joy face_with_tears_of_joy face_with_tears_of_joy face_with_tears_of_joy face_with_tears_of_joy face_with_tears_of_joy face_with_tears_of_joy face_with_tears_of_joy face_with_tears_of_joy face_with_tears_of_joy face_with_tears_of_joy face_with_tears_of_joy,non-sarcastic
hila zava re bawa khup garaj ahe hila zavnyachi khup diwas zale icha kahi jamla nhi vatte,non-sarcastic
Transliterated_Comment,sarcasm_label
aare hila akkal ahe ka.. layki nai hichi politician honyachi..bhangar sali crying_face,sarcastic
"1000 missed calls from star plus, zee tv, colors etc face_with_tears_of_joy",sarcastic
jai shree ram orange_heart ram mandir ban gaya hai...ab kuch nai kar sakte tum log,sarcastic
aapne bachon ko ye bhi batana ki tum sab bhi converted hi ho aaur koi aaurangzeb ake tumhe convert kar gaya !,sarcastic
mere sapnon ki rani kab ayegi tu?,non_sarcastic
hijrde he up wale jabjab gaddaro ki bat ayigi tab tab up walo ka name age rahega,sarcastic
"jo hai hi s,yony usko condom hi milega",non-sarcastic
nanipur wali nari ko b krwa do nman,non-sarcastic
ye kio nj btate ye log ki masjid k liye jgah bhi to mili h vo kon btaye ga,non-sarcastic
All guys tag here so all sena can reach to that politicians,non-sarcastic
bhai vo ma ki feelings explain kr rhe hai,non-sarcastic
kisi din iske bodyguard hi isko p#l denge moai,sarcastic
proud to be hindu triangular_flag triangular_flag triangular_flag triangular_flag triangular_flag triangular_flag triangular_flag jay shree ram,non-sarcastic
bolne do bolne do bhai.. jall raha hain bhai ki,non-sarcastic
BJP isiliye chahiye... Hindu property act aagaya to converted sabhi apne honge,sarcastic
face_with_tears_of_joy face_with_tears_of_joy face_with_tears_of_joy face_with_tears_of_joy face_with_tears_of_joy face_with_tears_of_joy,non-sarcastic
"Aaj finally ghar ka WiFi repair ho gaya hai, duniya se phir se connect ho raha hoon. Khushi unlimited! 🌐😌",non_sarcastic
Gravity gay maa chudane face_with_tears_of_joy face_with_tears_of_joy,non-sarcastic
loo mut diya ratthi ke gyan pr.. isliye beta bap se panga nahi,sarcastic
naderchod khalistani ki ma ka bhosda face_with_tears_of_joy,sarcastic
sarakaara banee naheen aura godee midiyaa sabaala uthaane lage to 10saala me 150000laakha kaa savaala naheen uthaayaa yaha bhaarata kaa midiyaa,non-sarcastic
Laykin ismai gravity kaha gye face_with_tears_of_joy grinning_face_with_sweat,non-sarcastic
congress ki den hai kuch sal me eendia eeslamic desh ho jayega,sarcastic
ek rehpat maru aisi ladki ko enraged_face buljao yeh aurat jat h,non-sarcastic
हिजड़े है. ... l face_with_tears_of_joy face_with_tears_of_joy,non-sarcastic
Iski bhi jal rhi h.... Bhai.... Kha kha burnol bheje ham.... face_with_tears_of_joy face_with_tears_of_joy face_with_tears_of_joy,sarcastic
Ha ka aabe galti se bhi aakela mat mile pune ke public ko face_with_tears_of_joy face_with_tears_of_joy face_with_tears_of_joy face_with_tears_of_joy face_with_tears_of_joy face_with_tears_of_joy face_with_tears_of_joy face_with_tears_of_joy face_with_tears_of_joy face_with_tears_of_joy face_with_tears_of_joy,non-sarcastic
Babri masjid jinda hai kahi ghumne gyi hai face_with_tears_of_joy face_with_tears_of_joy,sarcastic
bilkul nahin isko turant jald se jald radd kar dena chahie,sarcastic
Bhai ni bachare hum log andar ja ab Sympathy mat gain kar face_with_tears_of_joy face_with_tears_of_joy face_with_tears_of_joy,sarcastic
Heart Kidney fefda Sab touching vdo face_with_tears_of_joy,non-sarcastic
"nodee 1. bhaarata kee naee sansada kaa nirmaana karaayaa|2. duniyaa kaa sabase ba.daa kriketa stediyama banaayaa. 3. duniyaa kee sabase ba.dee moorti banaaee. 4 duniyaa kaa sabase lanbaa relave steshana banaayaa| 5.duniyaa kaa sabase oonchaa relave pula banaayaa| 6.duniyaa kee sabase lanbee haaeeve suranga banaaee| 7.duniyaa kaa sabase lanbaa nadee krooja jahaaja banaayaa| 8 vishva kee sabase lanbee vidyuteekrrita rela suranga kaa nirmaana kiyaa| 9.vishva kaa sabase ba.daa kaaryaalaya sthala banaayaa| 10.11*karo.da kaa shauchaalaya banavaayaa| 11.262* medikala kaॉleja banavaaye| 12. 7* aaeeaaeetee kaॉleja kaa nirmaana| 13. 15* emsa kaa nirmaana| 14. raama mandira banavaayaa. 15.eshiyaa kee sabase ba.dee heleekaaptara nirmaana ikaaee kaa nirmaana kiyaa| 16.bhaarata kee pahalee (34) semee haaee speeda trenon kaa nirmaana| (vande bhaarata) 17.bhaarata ke sabase ba.de sammelana sammelana pradarshanee haॉla kaa nirmaana kiyaa gayaa| 18.bhaarata duniyaa kee sabase tejee se ba.dhatee arthavyavasthaa hai| (jeedeepee dara 6.3%) 19. gineeja varlda rekaॉrda kevala (105 ghante aura 33 minata) men (75 kilomeetara) kee sabase lanbee lagaataara bichaaee gaee bituminasa lena ke lie 20| 2014 men banee sa.daken-2 kimee prati dina 2023-68 kimee prati dina (jalda hee 100 kimee prati dina)| 21. bhaarata ko phona kaa doosaraa sabase ba.daa nirmaataa banaayaa| 22.bhaarata ko duniyaa kee 5veen sabase ba.dee arthavyavasthaa banaayaa| 23.bhaarata ko gehoon aura chaavala kaa sabase ba.daa utpaada banaayaa|24.sabase saphala g20 shikhara sammelana (73 parinaama) kee mejabaanee kee| 25.aphreekee sangha ko g20 men shaamila kara ise g21 (aitihaasika) banaayaa gayaa| 26.2014 men staartapa - (kevala 98) 2023 men staartapa - (1 laakha se oopara)| 27. poore bhaarata men khelo indiyaa-skoola gemsa, yootha gemsa, yoonivarsitee gemsa kaa aayojana kiyaa gayaa| 28.parinaamasvaroopa bhaarata ko eshiyaaee khelon (107) 2022 haangajhoo, cheena men bhaarateeya khelon ke itihaasa men sabase adhika padaka praapta hue| 29.mahilaa aarakshana vidheyaka paarita (saphala) 30.dhaaraa 370 hataanaa (saphala) 31. teena talaaka hataanaa (saphala) 32.betee bachaao betee pa.dhaao (saphala) 33.meka ina indiyaa (saphala) 34. dijitala indiyaa (yoopeeaaee) ) (saphala) 35.chaara dhaama pariyojanaa (saphala) 36.svachcha bhaarata abhiyaana (saphala) 37.veeaaeepee sanskrriti laalabattee samaapta (saphala) 38. bhaarata maalaa (saphala) 39. saagara maalaa (saphala) 40.jojilaa suranga (saphala) 41. munbaee traansa haarbara linka (saphala) 42. dediketeda phreta kaॉridora (saphala) 43. bhrashtaachaara ke khilaapha la.daaee ke lie notabandee (saphala)",non-sarcastic
public reaction ke bina hi appreciation post tayyar,sarcastic
ek kam kro inlog ko pakistan bhaj do,sarcastic
salam meri wo bhen ko jai hind jai bharat,non-sarcastic
Hun rahul gandhi da fad lo rolling_on_the_floor_laughing rolling_on_the_floor_laughing,sarcastic
Ye mdm sir ke ilake se hai isliye aisa kr rhi face_with_tears_of_joy face_with_tears_of_joy,sarcastic
Wa matherchod waa clapping_hands clapping_hands clapping_hands,sarcastic
"heelaa hichyaa navarayaane koloona dileya kaaya laayakee heechee, yeda*** aahe ekadama",sarcastic
nupur sharma ke khilap bolne wale ab knha h,non-sarcastic
"paidaa to hue kala aura baata haka kee karate hai, pahale pataa karo kee paidaa kisa dina hue the baada men mandira ke baare men baata karanaa",non-sarcastic
"kobhi suor ki farm me ghus kor dekho, grinning_face grinning_face",sarcastic
project deadline ko seriously lena chahiye,non_sarcastic
eesme bhi hindu muslim kar do sale medya wale,non-sarcastic
"Jo bol rahi hai, kya woh practically possible hai kya, arey Didi kab samjhogi, चाकू तरबूज पर गिरे या तरबूज चाकू पर कटेगा और फटेगा तरबूज ही face_with_tears_of_joy face_with_tears_of_joy face_with_tears_of_joy",sarcastic
Isko kehte h Lode p bithana face_with_tears_of_joy,non-sarcastic
hooona jaaya ajoona vhaayarala. naayatara kona kuthalaa too? tulaa kunee valakhalaa taree asataa kaa?,non-sarcastic
rahul gandhi ko share bech ke paise dena chahiye,non-sarcastic
aaukat hi nhi h sarkar bnane ki check_mark_button fire,non-sarcastic
beta nahin sudharoge duniya sudhar jayegi,sarcastic
ooska muh me land chal gya h,non-sarcastic
"Bhai kyu panga lete ho iss insanse , Google ko khake baitha hai fire fire fire",non-sarcastic
dar ki maki...... gali nhi deskta femly dekh rahi he,non-sarcastic
Ab kuch chamche ni dikhenge congress ke Godi media bolne vale face_with_tears_of_joy face_with_tears_of_joy,sarcastic
nhi didi ap galat soch rahe ho raising_hands,non-sarcastic
Babri masjid to Chali gai junoon mein ab to ek hi Nara ek hi naam Jay Shriram Jay Shriram red_heart red_heart red_heart red_heart red_heart,non-sarcastic
aabe chutiyo sarkar tho ban ne do,sarcastic
Transliterated_Comment,sarcasm_label
Dar ke aage jit hota hai face_with_tears_of_joy,non-sarcastic
check_mark_button triangular_flag enraged_face enraged_face enraged_face enraged_face enraged_face गद्दार है,non-sarcastic
kafi condom ki knowledge bahut logo ko pahnaya hoga par iski aamma nahi ne nahi pahnaya kisi ko or ye ho gyi,non-sarcastic
aarreee yar bina sarkar keisa milega,non-sarcastic
Proud to be hindu bhagwaan tera lak lakh sukriya folded_hands folded_hands triangular_flag triangular_flag triangular_flag,non-sarcastic
"Gym join karte hi fitness expert ban jaate hain log. Abhi ek hafta hua hai bhai, chill maar!🏋️😏",sarcastic
nather chod apko kabhi maff nahee krega bhart tujhe sudhir,non-sarcastic
"dew ki ma bahan hoti rahegi, pr galti se ek sariya ya per age piche ho gya to, cameraman aur stuntman ki ma bahan ek ho jayengi",sarcastic
She tried to make the same statement in my hometown ( Amravati ),non-sarcastic
Kuch ni hoga in inse tension mat lo,non-sarcastic
Mai कुछ नही देखा मैं अंधा hu check_mark_button check_mark_button,sarcastic
Sudhanshu Trivedi fire fire clapping_hands fire,non-sarcastic
face_with_tears_of_joy face_with_tears_of_joy face_with_tears_of_joy face_with_tears_of_joy face_with_tears_of_joy face_with_tears_of_joy,non-sarcastic
General knowledge ka hacker hai bhai hacker fire fire fire,sarcastic
Ye bkl congress walo ne hamesha desh ko dubane wale act laye hai,sarcastic
nahi bhai up wale garv se kahenge ki hijde hai ham,sarcastic
Ab lo khata khat khata khat face_with_tears_of_joy face_with_tears_of_joy face_with_tears_of_joy face_with_tears_of_joy,sarcastic
AB TUM NA RAHOGE GALI KE NA GHAT KE face_with_tears_of_joy face_with_tears_of_joy face_with_tears_of_joy face_with_tears_of_joy,sarcastic
garib ki gadi ka nuksan krwa diya rider ne pensive_face pensive_face pensive_face,non-sarcastic
acche din a gaye,sarcastic
tum logon ne work culture ko stage culture bana diya,sarcastic
speaking_head ग्रेविटी कहा गई मातरचोद loudly_crying_face,non-sarcastic
Bhan chood bhan chhod face_with_tears_of_joy face_with_tears_of_joy face_with_tears_of_joy,non-sarcastic
bandh kab huwa tha?,non_sarcastic
dhruv rathee cross_mark gaddar kutta check_mark_button,non-sarcastic
teri ma ki lwde hai kya re,sarcastic
Wakt board cross_mark jhatu board check_mark_button,non-sarcastic
🇩hruvv gandwa yo bhaaee saaba german shepherd inski auqaata ko naa basa aana do mhaare urraa basa tikat kaata kaa isakee patili paika kar ka iski bobo ne,non-sarcastic
face_with_tears_of_joy face_with_tears_of_joy face_with_tears_of_joy face_with_tears_of_joy face_with_tears_of_joy face_with_tears_of_joy face_with_tears_of_joy face_with_tears_of_joy face_with_tears_of_joy face_with_tears_of_joy face_with_tears_of_joy face_with_tears_of_joy,non-sarcastic
community participation appreciate ki gayi hai,non_sarcastic
baalaasaaheba tumachee khoopa aathavana yeta aahe he kaaya chaaloo aahe traasa hota aahe,sarcastic
bhen kaey lodo sab kuch wo hi bole ga tum kya ma chuda rahe ho,sarcastic
sure bhai,non_sarcastic
face_with_tears_of_joy face_with_tears_of_joy wa wa rolling_on_the_floor_laughing achi bat hai tum logo k liye face_with_tears_of_joy,non-sarcastic
bhai nujhe nhi jina is sansar m,non-sarcastic
jay shri ram triangular_flag triangular_flag triangular_flag,non-sarcastic
Bhaiii ye kya hora hai bhaii slightly_smiling_face slightly_smiling_face slightly_smiling_face,non-sarcastic
Aare Madarchod tu ky boltoy tyamadhe hey tula tri kaltay ka... contents kashyavr present karycha te tri tula samjala phije fire,sarcastic
Ab Lelo baba ji ka thullu rolling_on_the_floor_laughing rolling_on_the_floor_laughing,non-sarcastic
Tum bhi kuch nahi ukhad paye vobhi nahi ukhad payega face_with_tears_of_joy,sarcastic
Bike Wale ki galti hai face_with_tears_of_joy,sarcastic
Seriously proud to be hindu check_mark_button kitni ghatiya mentality h enki itne pavitra rishte ko nhi choda ...,non-sarcastic
That's not a whole video if you watch full video then you'll understand it's misleading short clip,non-sarcastic
sarakaaree naukaree aura jaati ina dono ke chakkara main hai yoopee ke loga| face_with_tears_of_joy,non-sarcastic
ghr nai apne baccho se nazre mila lete ho?,non-sarcastic
#randomsena Bhai please iska kuchh kro crying_face crying_face,non-sarcastic
Huro banke aao face_with_tears_of_joy face_with_tears_of_joy face_with_tears_of_joy,non-sarcastic
bahut hi faltu h madherchod waqt board....nera jameen lega na to waqt board ka ma chod dege...,sarcastic
hum hindu hai bus isi bat ka garv hai,non-sarcastic
tum sabko nobel prize milna chahiye,sarcastic
koi up walla h kya ider,non-sarcastic
RAATHI...ke mooh pe TATTI kar diya face_with_tears_of_joy,non-sarcastic
तुझ्या आईला **** face_with_tears_of_joy face_with_tears_of_joy face_with_tears_of_joy face_with_tears_of_joy,sarcastic
lanjodakallara narukutam enraged_face enraged_face enraged_face hammer pick carpentry_saw dagger kitchen_knife,non-sarcastic
... qandeel baloch tum pareshan mat ho .. mat ho tum pareshan mei keh raha hune na tum shahid afridi ke leye pareshan mat ho,sarcastic
Form laka nhi Allu laka jav yr. face_with_tears_of_joy face_with_tears_of_joy face_with_tears_of_joy,sarcastic
Promotion mil gaya! Hard work pays off 🥳 #CareerGrowth,non_sarcastic
lude lag gye tumhari maki akh,sarcastic
aapakee baara sabakee dukaana banda hogee... kyookee aakhe pablika ko maalooma hai bjp aane vaalee hai.. ok_hand,sarcastic
INDIA SECULAR cross_mark INDIA ANTI-HINDU check_mark_button,non-sarcastic
Anpadho and andhbhakto he is talking about sitting chief minister,sarcastic
Fkt hichy sathi andan shinde che song mention kra koni,non-sarcastic
Ya to latest news ha face_with_tears_of_joy face_with_tears_of_joy face_with_tears_of_joy,non-sarcastic
Home gardening mein interest aa raha hai—plants dekh kar positivity feel ho rahi hai yaar.🌱🌼 #NatureTherapy,non_sarcastic
hindu be like hamse kya konsa hamko hi keh raha hain hinduo bass sote raho,non-sarcastic
"Tum sirf bolo , hum to kr rhe ha face_with_tears_of_joy",non-sarcastic
Bkl tu janver hi h face_with_tears_of_joy,non-sarcastic
sab hate ga 4 june ke bad sab ka hisab ho ga abki bar 400 par,sarcastic
to ayodhya mein jo garbari hui hai....uski wajah yehi hai.......wah re janta,sarcastic
lag raha* hai,non_sarcastic
Dhruv rahi nhi bol rahe cross_mark media nhi bol rahi check_mark_button,non-sarcastic
Jay shree ram folded_hands folded_hands folded_hands,non-sarcastic
Edited rolling_on_the_floor_laughing Dam hai puri vedio dekhao,non-sarcastic
eendia eendia eendia eendia eendia eendia,non-sarcastic
All religions = shit I took out this morning,sarcastic
mahilaao ke lie jo itane dheele kaanoona banaa hai naa usee kaa phaayadaa uthaa rahe hai. itane apsabda galee dene para bolane kara agara la.dakaa 2 thappa.da den detaa to dina me taare dikha jaate. para vo gayaa kaanoona kee aisaa hai vo aapa karake baata kra rahaa ye hoshyaaree dikhaa rahee hai thumbs_up . check_mark_button check_mark_button thumbs_up,sarcastic
bhai bolne or ghosna Patra me pese Dene ke mudde ko samil karna dono alag hai vese bhi congresh dava kar hi ra hai sarkar banane ka to isme galt kya hai face_with_tears_of_joy,non-sarcastic
sirf social media pe kaam hota hai,sarcastic
Usne bola sitting seat cm par jail gye check_mark_button,sarcastic
ohh wait they are not recognised yet clown_face,sarcastic
nothing equivalent to moms .,non_sarcastic
Mujhe pehle ye btao ett neeche feki kyu face_with_tears_of_joy face_with_tears_of_joy,sarcastic
red_heart red_heart red_heart red_heart red_heart raising_hands fire clapping_hands clapping_hands,non-sarcastic
Unboxing video anai wali hai kaaba face_with_tears_of_joy face_with_tears_of_joy,non-sarcastic
neri njr m sbse bda terrorist tu hi h hr bat m hindu nuslim angles pkd kr desh m nfrt faila rha h anchors k name pr kalank h aj ki media's,non-sarcastic
"eeski hrkt or language pkka bewdi jaisi h, ye limit cross kr rhi h bs, oversmart bn rhi h,",non-sarcastic
Gravity abhi chhutti par he rolling_on_the_floor_laughing rolling_on_the_floor_laughing check_mark_button,non-sarcastic
face_with_tears_of_joy face_with_tears_of_joy face_with_tears_of_joy face_with_tears_of_joy face_with_tears_of_joy face_with_tears_of_joy face_with_tears_of_joy face_with_tears_of_joy face_with_tears_of_joy face_with_tears_of_joy face_with_tears_of_joy face_with_tears_of_joy face_with_tears_of_joy face_with_tears_of_joy face_with_tears_of_joy face_with_tears_of_joy face_with_tears_of_joy face_with_tears_of_joy face_with_tears_of_joy face_with_tears_of_joy face_with_tears_of_joy face_with_tears_of_joy face_with_tears_of_joy face_with_tears_of_joy face_with_tears_of_joy face_with_tears_of_joy face_with_tears_of_joy face_with_tears_of_joy face_with_tears_of_joy face_with_tears_of_joy face_with_tears_of_joy face_with_tears_of_joy face_with_tears_of_joy face_with_tears_of_joy face_with_tears_of_joy face_with_tears_of_joy face_with_tears_of_joy face_with_tears_of_joy face_with_tears_of_joy face_with_tears_of_joy face_with_tears_of_joy face_with_tears_of_joy face_with_tears_of_joy face_with_tears_of_joy face_with_tears_of_joy face_with_tears_of_joy face_with_tears_of_joy face_with_tears_of_joy face_with_tears_of_joy face_with_tears_of_joy face_with_tears_of_joy face_with_tears_of_joy face_with_tears_of_joy,non-sarcastic
What nonsense is this? Open minded does not mean you can show anything nonsense,non-sarcastic
‘Budget smartphone’ ka matlab 📱 #NoCamera? B#@%a bana diya!,sarcastic
Hamare desh ne kya tumari maa ch enraged_face face_with_symbols_on_mouth dh Dali hai kya bc,sarcastic
Tujhse achi acting to eet ne ki hai check_mark_button,sarcastic
hindu board act bhe 1943 bhe bato di aur 7%bas mader ko nela tha ha aur bake ka passa sab dharm ko,non-sarcastic
Abhi to party suru hui he rolling_on_the_floor_laughing rolling_on_the_floor_laughing,non-sarcastic
eeski maut tay hai akal mratyu maregi,sarcastic
aba paka.do #raahula khaana ko pensive_face le lo baabaa jee kaa thulloo,sarcastic
Bhai Mera comment top pe kyu nhi h 35k like h uspe crying_face moai,non-sarcastic
om triangular_flag triangular_flag triangular_flag om om triangular_flag om triangular_flag,non-sarcastic
har jagah dhruv rathee nahi bol sakta aur v log hai india eendia me moai,non-sarcastic
Power of 2 peg of desi pauua,non-sarcastic
face_with_tears_of_joy face_with_tears_of_joy face_with_tears_of_joy face_with_tears_of_joy face_with_tears_of_joy face_with_tears_of_joy,non-sarcastic
ye india ka nahi hai bro skull ..eendia meh hota toh gand marr deta woh eyes,non-sarcastic
Mountain dew: drr ki maa ka bhosda rolling_on_the_floor_laughing,non-sarcastic
"#goodaadviceeen4words ""char log kya kahenge"" - eendians",sarcastic
eeska bap condom nhi panni hi lga leta,sarcastic
yaar ye appu wahi toti Chor hai kya??? face_with_tears_of_joy face_with_tears_of_joy face_with_tears_of_joy,non-sarcastic
sushamaa andhaare tu yaa naavaa saarakhee naahi tu yadee bhon bho aahesa kenvhaa |sudarashalee,non-sarcastic
पप्पू का दिमाग rolling_on_the_floor_laughing rolling_on_the_floor_laughing । enraged_face enraged_face enraged_face enraged_face enraged_face enraged_face,non-sarcastic
Bol ke mera loda lega kya face_with_tears_of_joy,sarcastic
Dhurub ki maa ki gand me chodna he yr face_with_tears_of_joy face_with_tears_of_joy face_with_tears_of_joy,non-sarcastic
dar ki ma ki ch* t moai,sarcastic
Garv kaho ki tum Hijde ho Hindu toh ho nahi enraged_face enraged_face,sarcastic
eat 5 star do nothing skull,sarcastic
camera man ne kya piya hai skull,sarcastic
Tu To Barnol Lagale Bhadwe Dalal face_with_tears_of_joy face_with_tears_of_joy face_with_tears_of_joy face_with_tears_of_joy,sarcastic
naoutain dew dar ki ma ka chumut,non-sarcastic
ab apke v4 bataye is par,non-sarcastic
oodta teer gand main lene ki adat hogi na tereko,sarcastic
Is par toh compliant honi chaiye aise kaise kr skte hi yeh toh illegal h,non-sarcastic
ye sab bjp kei bhejei huvei hai,sarcastic
in logo ko koi samzao rahul gandhi k ghar jao waha se milega rajmata apne hatho se sabme batengi uske pass bahot paisa hai,sarcastic
yaha to 8000 ke lie renja gaanva kaa gaanva ke adhyaksha bhee pooraa bachane ke lie taiyaara hai,sarcastic
jai yogi baba jai shree ram triangular_flag triangular_flag triangular_flag triangular_flag triangular_flag triangular_flag,non-sarcastic
"""Mhari chhoriyan chhoron se kam hain …",sarcastic
hm hindu hain dusre ke dhrm ya jati ko gali dene wale nhi sache hindu hain jo geeta pr believe krta h n ki kisi specific party pr,non-sarcastic
face_with_tears_of_joy face_with_tears_of_joy face_with_tears_of_joy lag gyi mirchi,non-sarcastic
face_with_tears_of_joy face_with_tears_of_joy face_with_tears_of_joy face_with_tears_of_joy rolling_on_the_floor_laughing rolling_on_the_floor_laughing,non-sarcastic
Gali nhi h dosto ye to jajbat h mere face_with_tears_of_joy,non-sarcastic
"Finally ghar par Wi-Fi upgrade kiya hai, duniya HD mein dikhti hai ab toh. 🌐💯",non_sarcastic
तू भी मरेगा और तुझे TRaja मारेगा face_with_tears_of_joy,non-sarcastic
ki 5 site par bjp ko leke ay,sarcastic
la.dakiyon ke lie graivitee maafa hai face_with_tears_of_joy,sarcastic
bhai ap apna videos pornhub per upload kiya kro yaha per dekhna laik nhi hy,sarcastic
"tuma zameen pe ‘zulma’ likho, aasamaana men ‘inqalaaba’ likhaa jaaegaa, saba yaada rakhaa jaaegaa, saba kucha yaada rakhaa jaaegaa| pleading_face pensive_face",non-sarcastic
narak mein bhi jagah nahin nilegi isko,non-sarcastic
yav ivanoun maganaa india flag ayeti ada enraged_face enraged_face,non-sarcastic
bnd kro is faltu ke aact ko... ek chutiya to pass kr gya isko... khud to mr gya sala...,sarcastic
bahut log is scheme se benefit le rahe hain,non_sarcastic
Madarchodo.....sikho per humey thodi izzat thi......Aaj poora chal gyaeeee crying_face crying_face crying_face crying_face crying_face,non-sarcastic
"shivasenechyaa naavaavara kalanka asanaaree stree....kadheetaree raamaayana hee vaachaa,,tumachee buddhee gudaghyaata aahe gudakyaatacha raahoo dyaa enraged_face",non-sarcastic
mujhe to milaa aura mere pa.dosee ko nahee face_with_open_mouth red_heart,non-sarcastic
ye dhurv ratho bhadwa h kya,sarcastic
eetna hi educated h to kbhi aye sudhanshu sir ke samne ptha chl jayega,non-sarcastic
bro eats 1000000 dhruv in brakefast,non-sarcastic
Kish kish ne gand pe hath dekha face_with_tears_of_joy face_with_tears_of_joy face_with_tears_of_joy face_with_tears_of_joy face_with_tears_of_joy face_with_tears_of_joy,sarcastic
Dhruv nikl lo USA vrna 4 june ke baad rele jaoge face_with_tears_of_joy face_with_tears_of_joy face_with_tears_of_joy,sarcastic
Hi bai ram mandiracha asa pass jari disali ki lagech tila ticha ha video dakhawa useless sali face_with_symbols_on_mouth face_with_symbols_on_mouth face_with_symbols_on_mouth,sarcastic
Akele bolunga toh vivad ho jayega clown_face smiling_face_with_tear,non-sarcastic
sab jhuthe vade hain sab jhuthe vade,non-sarcastic
hacker hai bhai hacker skull skull,non-sarcastic
face_with_tears_of_joy face_with_tears_of_joy face_with_tears_of_joy rathi ye aapko 10 baar pel dega face_with_tears_of_joy face_with_tears_of_joy,sarcastic
Dekho ye bhadva .... Chutiya ... German shepherd,non-sarcastic
bahot hi uchh darje ka ghatiyapan tha yeh.,sarcastic
badiya chutiya banaya up wale ko,sarcastic
five star kabhi kuch na karke bhi dekho mountain dew dar ki man ki chut,non-sarcastic
tune bjp ko vote diya hai kya??,non-sarcastic
Wtf board clown_face by Jahar lal Nahru,non-sarcastic
jiska khaya uski thali me chhed kiya,non-sarcastic
"iska koi connect nahi tha iske sath, magar achha line hai. nain confused hu ke woh bhai desi hai ya videsi.",non_sarcastic
pehle padlo sahi se second ki spelling sahi se nahi ata hai,non-sarcastic
aaaj ki duniya koi imandar nahi hai . jo khud kahta hai wo sabse bad a chor hai .,sarcastic
Tumne ek ko nahi dekha tumne bahoto ko dekha hai face_with_tears_of_joy face_with_tears_of_joy face_with_tears_of_joy face_with_tears_of_joy face_with_tears_of_joy face_with_tears_of_joy,non-sarcastic
"every day a new plan, every week a new fail",sarcastic
bhava tas tar mag Dhruv Rathee la pan Jail madhe takayala pahije pan Sarkar chi Gand fatate face_with_tears_of_joy face_with_tears_of_joy face_with_tears_of_joy face_with_tears_of_joy face_with_tears_of_joy,sarcastic
use condom kaaba Sev earth globe_showing_Europe-Africa . Jay shree Ram triangular_flag triangular_flag triangular_flag triangular_flag,non-sarcastic
vote ke badle emotional blackmail free,sarcastic
tuji ai ghal na randiche ai ghali yed javi sali bhosdichi,non-sarcastic
Atleast bjp ne jhut nhi bola kise ko face_with_tears_of_joy,sarcastic
chee chee gandi batein,sarcastic
face_with_tears_of_joy face_with_tears_of_joy face_with_tears_of_joy face_with_tears_of_joy face_with_tears_of_joy face_with_tears_of_joy,non-sarcastic
enraged_face enraged_face enraged_face enraged_face face_with_symbols_on_mouth face_with_symbols_on_mouth face_with_symbols_on_mouth angry_face angry_face angry_face,non-sarcastic
"Dawai ka taste dekha, b#ch please, juice ka maza aa raha hai! 🤮",sarcastic
u say that munavvar is a terrorist?,non-sarcastic
ye galt h..hamare guruji ne ye updesh nhi diye kisi bhi country ke faleg ke sath ye sluk kro ..ye to fir bhi hamare hi desh ka fleg h .ye shi nhi h..,non-sarcastic
gayab taka Tak khata khat face_with_tears_of_joy face_with_tears_of_joy,non-sarcastic
"Arey isse poochna tha ki"" kitne inke khud ke aur kitne inke Ghar walo ke hai"" face_with_tears_of_joy face_with_tears_of_joy face_with_tears_of_joy",sarcastic
aaaj tak ka news bhi gaya hai vah bhajpa news ho gaya,non-sarcastic
"Mountain dew ,,dar ki maki ch* t face_with_tears_of_joy face_with_tears_of_joy",non-sarcastic
I m so proud of Hindu sparkles sparkles,non-sarcastic
Jay shree ram triangular_flag folded_hands triangular_flag,non-sarcastic
Tum se yahi ummid thi rolling_on_the_floor_laughing achcha hai ki ham log Hindu Hain triangular_flag,sarcastic
Father of Google red_heart red_heart red_heart,non-sarcastic
hee 14 varshe budhavaara petheta hotee randee,non-sarcastic
Sitting Chief minister ki baat chl rhi hai… tbb wo chief minister nhi tha,non_sarcastic
#jaishreeram red_heart folded_hands hibiscus triangular_flag flexed_biceps_light_skin_tone,non-sarcastic
Sharma ji ka beta Harvard gaya hai toh kya hua? Main bhi YouTube se skills seekh raha hoon. Same hi hai na bro! 😏🎓,sarcastic
tore maai ke chodu rolling_on_the_floor_laughing rolling_on_the_floor_laughing rolling_on_the_floor_laughing rolling_on_the_floor_laughing,non-sarcastic
aataa udhvasta thaakare chaa antima kshana aalaa aahe,non-sarcastic
Gobar media face_with_tears_of_joy face_with_tears_of_joy jal gayi gobar bhagto ki,sarcastic
na bap ne do chaped lagaye hote to aaisa nahi hota,sarcastic
nountain dew dar ki maki ch*t,sarcastic
opin nhi krni h yeh bat .. yeahhhhhh person_walking person_walking,sarcastic
puri vedio dekh jake sachai pata chal jayegi,non-sarcastic
lalu yadav bhi gaya tha bro,non-sarcastic
face_with_tears_of_joy face_with_tears_of_joy तू उड़ीसा की कौन सी सीट से लड़ लिया face_with_tears_of_joy,sarcastic
face_with_tears_of_joy face_with_tears_of_joy kon si gali bolu ise,non-sarcastic
⢀⣾⣿⣿⣿⣿⣿⣿⣿⣿⣿⣿⣿⣿⣿⣿⣿⣿⣿⣿⣿⣿⣿⣿⣷⡀ ⢸⣿⣿⣿⣿⣿⣿⠿⠿⠿⠿⠿⠿⠿⠿⠿⠿⠿⠿⣿⣿⣿⣿⣿⣿⡇ ⢸⣿⣿⣿⣿⣿⡇⠀⠀⠀⠀⠀⠀⠀⠀⠀⠀⠀⠀⢸⣿⣿⣿⣿⣿⡇ ⢸⣿⣿⣿⣿⣿⣿⣿⣿⣿⣿⣿⣿⣿⣿⣿⣿⣿⣿⣿⣿⣿⣿⣿⣿⡇ ⢸⣿⣿⣿⣿⣿⡏⠉⠉⠉⠉⠉⠉⠉⠉⠉⠉⠉⠉⢹⣿⣿⣿⣿⣿⡇ ⢸⣿⣿⣿⣿⣿⣧⣤⣤⣤⣤⣤⣤⣤⣤⣤⣤⣤⣤⣼⣿⣿⣿⣿⣿⡇ ⢸⣿⣿⣿⣿⣿⡿⠿⠿⠿⠿⠿⠿⠿⠿⢿⣿⣿⣿⣿⣿⣿⣿⣿⣿⡇ ⢸⣿⣿⣿⣿⣿⡇⠀⠀⠀⠀⠀⠀⠀⠀⢸⣿⣿⣿⣿⣿⣿⣿⣿⣿⡇ ⢸⣿⣿⣿⣿⣿⣿⣿⣿⣿⣿⣿⣿⣿⣿⣿⣿⣿⣿⣿⣿⣿⣿⣿⣿⡇ ⠀⠻⠿⠿⠿⠿⠿⠿⠿⠿⠿⠿⠿⠿⠿⠿⠿⠿⠿⠿⢿⣿⣿⣿⣿⡇ ⠀⠀⠀⠀⠀⠀⠀⠀⠀⠀⠀⠀⠀⠀⠀⠀⠀⠀⠀⠀⠀⠙⢿⣿⣿⡇ ⠀⠀⠀⠀⠀⠀⠀⠀⠀⠀⠀⠀⠀⠀⠀⠀⠀⠀⠀⠀⠀⠀⠀⠙⢿⡇ ⠀⠀⠀⠀⠀⠀⠀⠀⠀⠀⠀⠀⠀⠀⠀⠀⠀⠀⠀⠀⠀⠀⠀⠀⠀⠁ skull moai,non-sarcastic
hum bhai andhbhakt hai hume koi na sikhaye,sarcastic
That is why we need modi Yogi fire fire enraged_face,sarcastic
chinta na kar or kal bhi tumhari sarkar nhi rahegi face_with_tears_of_joy,sarcastic
Heart touching cross_mark kidney touching check_mark_button,non-sarcastic
oop bale nahi cross_mark ayodhya bale check_mark_button,non-sarcastic
5star + maontan dew cross_mark alas + dar ki ma ki chu##,sarcastic
face_with_tears_of_joy face_with_tears_of_joy face_with_tears_of_joy face_with_tears_of_joy face_with_tears_of_joy face_with_tears_of_joy face_with_tears_of_joy face_with_tears_of_joy face_with_tears_of_joy face_with_tears_of_joy face_with_tears_of_joy face_with_tears_of_joy,non-sarcastic
enraged_face Damn this people should be given no right of promoting such things,non-sarcastic
"When the root is rotten, what we can expect from the grown fruit",sarcastic
gusse me sahi bol diya check_mark_button,non-sarcastic
Are aapke saath toh prank hogya clown_face,sarcastic
aacha ji yogi ji... ab court bhi sarkar k khne par phaisalaa sunaane lga...fir suprem court or hight court ki value kya rh jaye ghi...fir toh kaanoona nam ki koi cheez he nhi rhe...sarakaara k khne par court chlne lga toh......aree bhahiyo in mo.don or baabaaon ko mantree btao gey or uneducated logo ko sarakaara chalaane ke liye do geye toh yahi ulti bate sunne ko mile ghi....pa.dhaaee likhaaee..berojagaaree par bat nhi bs ram ram....ye ram mandira corona time me kaha gya tha.....jb ram kyo nhi aye janataa ko bachaane...kyo mandiron k taale lga die they ki koi mandir me nhi jaaye ga......or ram khi gye tohdi hai...ram nam toh sab k mana me gai...kana kana me ram hai...toh ye modee kon hota hai or kaha se le kr aya hai ram ko lankaa me se grinning_face grinning_face grinning_face grinning_face grinning_face,sarcastic
Ye sach hai kal mera phone 4hh floor se niche gir gya tha maine niche jaake use Tutne se bcha liya aur ab usi phone se ye comment likh rha hu,non-sarcastic
जिन्हें पैसा नही मिला अब राहुल को खपा खप खपा खप करो भाई face_with_tears_of_joy face_with_tears_of_joy face_with_tears_of_joy face_with_tears_of_joy face_with_tears_of_joy,sarcastic
aabhi vo apni ma ch*da raha hoga enraged_face usko isse thodi farak padta hai usko fir bjp ka gu khana pasand hai angry_face,sarcastic
Bike se dala ki maa chod di face_with_tears_of_joy face_with_tears_of_joy face_with_tears_of_joy,non-sarcastic
Mountain dew darr ki MKC face_with_tears_of_joy,sarcastic
thong_sandal thong_sandal thong_sandal thong_sandal thong_sandal middle_finger middle_finger middle_finger middle_finger middle_finger,sarcastic
dar ke make ch skull skull,non-sarcastic
हिला वाटतय सगळे हिच्या सारखे उश्ते केळ खातात face_with_tears_of_joy face_with_tears_of_joy face_with_tears_of_joy,non-sarcastic
face_with_tears_of_joy face_with_tears_of_joy face_with_tears_of_joy face_with_tears_of_joy face_with_tears_of_joy face_with_tears_of_joy face_with_tears_of_joy face_with_tears_of_joy face_with_tears_of_joy face_with_tears_of_joy,non-sarcastic
eendia eendia eendia eendia eendia eendia eendia red_heart red_heart,non-sarcastic
"Gravity gai ma chudane,esi koi naam hi ni hoti face_with_tears_of_joy face_with_tears_of_joy",sarcastic
kida aahe deshaalaa laagalelee hee ....,non-sarcastic
Dar k maa k chut ... face_with_tears_of_joy,non-sarcastic
ookhd fheko enraged_face enraged_face enraged_face enraged_face,non-sarcastic
Jo jagah in logo ko mili hai waha per ek int diamond_suit to laga nhi paye or bakchodi ker ne agaye face_with_tears_of_joy,sarcastic
"godi media thoda modi ji se v puchuye 15 lakh kaha he , chatukhor media",sarcastic
March---od chup raha khud to Germany ma ha,sarcastic
congress ki galti hame bhugatni pad rhi hai cross_mark,sarcastic
kahe ka hart touching dekh k nahi fek sakti bewakuf,sarcastic
bus wahi se durr baith kar fakta hai. Kabhi debate ke liye nahin ayega ye. Ise pata hai ki ayega to iski sari pole khul jayegi face_with_tears_of_joy face_with_tears_of_joy face_with_tears_of_joy face_with_tears_of_joy jo isko naam(G.S)diya hai na wo ekdum sahi diya hai .,sarcastic
koi babri masjid to mitti me mil gai,non-sarcastic
Chal be chutiye face_with_tears_of_joy face_with_tears_of_joy face_with_tears_of_joy face_with_tears_of_joy face_with_tears_of_joy face_with_tears_of_joy face_with_tears_of_joy,non-sarcastic
sb ke sb time bomb hai sale,sarcastic
salyo India ch hi rehne a asi v tadi bond ni marde tavi face_with_tears_of_joy face_with_tears_of_joy,sarcastic
koi dhaka muki nahi karega sab ko gali dene ka mauka milega bari bari se face_with_tears_of_joy face_with_tears_of_joy,sarcastic
tuzya ai chi gand re lavdya,sarcastic
eeski beti ko koi dongri wala leke bhag gaya face_with_tears_of_joy,sarcastic
"tondaanta naahee,,,, ghaatala paahije sushamaa magan kalala tulaa",sarcastic
Mg tuja gandit evda kida ka face_with_tears_of_joy,non-sarcastic
face_with_tears_of_joy face_with_tears_of_joy face_with_tears_of_joy face_with_tears_of_joy face_with_tears_of_joy face_with_tears_of_joy face_with_tears_of_joy face_with_tears_of_joy,non-sarcastic
हर उठी हुई चीज को हमें li*g nhi समझना चाहिए face_with_tears_of_joy face_with_tears_of_joy face_with_tears_of_joy face_with_tears_of_joy face_with_tears_of_joy,non-sarcastic
Gravity shyd chutti pr thi clown_face,sarcastic
star + nountain dew dar ki ma ki double chut,non-sarcastic
kaangresa ne yaha bolaa thaa ki hara maheene 8:30 hajaara rupayaa thokegaa hai lekina yaha sahee hai kee gaarantee kaarda naheen diyaa thaa gaarantee kaa photo lene ke lie usakaa cheharaa chutiyaa ne yaha saba kyaa hogaa,sarcastic
Physics Theory cross_mark_button This Video's Practical check_mark_button . GRAVITY middle_finger,non-sarcastic
nain apne aulad ko ye bhi batunga ka tum log dhram ke adhar pe desh ka batwara kara diya aur fir yaha tum jaise kuchh log hai jo aaag fire lagane ke kam karta. dr kalam saheb se sikho kaise desh se prem aur age badha jata hai na ki kisi terrorist sangathan se,non-sarcastic
Waqf act cross_mark cross_mark cross_mark cross_mark,non-sarcastic
chutiya hai tu..... tune khud apne paire pe kulhadi mari hy.... btw wo tera vedio bhi galt he hai,sarcastic
tujyaa todaata ekadaacha 10 lavade deele,non-sarcastic
too bora khata ashila tase tujhyaa garachyaa maagha aamache shree raama naahee,sarcastic
aare khali jiti he sarkar bani nathi,non-sarcastic
Rathi tu rehenede Bhai hamare pass Google hai,non-sarcastic
"RT : Anyone care ? The 3 Army jawans ambushed , killed by NSCN terrorists in Arunachal Pradesh today : Sanjiv Kumar Parmal Singh Guj",non_sarcastic
Proud to be HINDU triangular_flag triangular_flag,non-sarcastic
tu navaraa sodoona aahesa maga kitee janaanee heppala tulaa,non-sarcastic
ya chutiya log kaha ke bsk,non-sarcastic
uske liye toh bahot kuch karna padega ye pappiyon se kam nahi chalega #forthesakeofhumanity,sarcastic
hindu secular hone ka natk krte h apni kayarta chupane k liye unamused_face,sarcastic
"ghora nindaneeya,hamaare dharma ko mazaaqa u.daane aura apamaana karane vaalon para sakta kaarravaahee honee chaahie|he bhagavaana sadabuddhi do|",non-sarcastic
are hee konaachee hee usathee aahe hi chaakoona sodalelee avalaada enraged_face enraged_face,non-sarcastic
Hamesa vadha hota prr us prr khata khata kat khtm ho jata hai hai face_with_tears_of_joy face_with_tears_of_joy face_with_tears_of_joy face_with_tears_of_joy face_with_tears_of_joy,non-sarcastic
Modi ki nazayaz aulad ka respect button face_with_tears_of_joy,sarcastic
Apni Aulaad ko bolna gaand jalate rehna face_with_tears_of_joy face_with_tears_of_joy face_with_tears_of_joy,sarcastic
enke kephaa epha aaee aara honaa chaahie hindoo sanskrriti kaa majaaka banaayaa jaa rahaa hai,sarcastic
tumhare promises dreams se kam nahi,sarcastic
and yes iam a proud muslim green_heart we respect your religion ... You better not post such provocative and manipulative reels just for the sake of trolling a particular religion that's my kind request ... We could do the same with other religions too but we do respect your beliefs cuz we are Indians first then muslims India,non-sarcastic
lekin rahul ka sarkar nahi bana hai..,non-sarcastic
ye sab chutiya the jo bato mai aa gye... rolling_on_the_floor_laughing rolling_on_the_floor_laughing,sarcastic
sharm kro musalmano ko badnam krti h enraged_face enraged_face enraged_face enraged_face,non-sarcastic
Great clapping_hands seculars crying_face ab tho sudro Bhai,sarcastic
Hila हाणल पाहिजे चांगल enraged_face enraged_face,non-sarcastic
eendia eendia eendia eendia love flag kug kutya n apni aukat dikha ti,sarcastic
tera papa ka wada bhi dikha,sarcastic
Supporting muslims is real definition of secularism in India,non-sarcastic
red_heart red_heart आई घाली आहे ती,non-sarcastic
face_with_tears_of_joy face_with_tears_of_joy face_with_tears_of_joy face_with_tears_of_joy face_with_tears_of_joy face_with_tears_of_joy,non-sarcastic
truth : gareebo ko pagal banana bohot asan h check_mark_button,sarcastic
bhai koi apni galti nanta h kya biro,sarcastic
"khule am chori he.. khuda ke nam bhik mangte hue suna tha, yeh toh khuda ke nam lut machi he",sarcastic
sudhaanshu trivedee googala hain he is gem gem_stone,non-sarcastic
that's the sad truth!!! People want everything but at the time of support they didn't give support!!,non-sarcastic
Hitler ki jay face_with_tears_of_joy face_with_tears_of_joy face_with_tears_of_joy,sarcastic
jbhi bolu sari puncture ki dukane bnd kyu thi grinning_squinting_face,sarcastic
twitter kam ho gaya hai,non_sarcastic
Never overtake when you see striped lines,non-sarcastic
to tu gand me ungli kiyu ki re pehle apna pura parichi deta na gandu bad me gata to asa nhi hota face_with_tears_of_joy,sarcastic
aasli atnkwadi to tu or tera channel h..,sarcastic
agara de die to agalee baara unhen vota denaa naheen die to unhen jindagee men vota mata denaa kaana paka.da lenaa bhaarata kee janataa jayachanda,sarcastic
New 🎧 #AirPodsPro gift from sis! Bass is ❤️ #MusicLover,non_sarcastic
Isme 80 % to Muslim ladies h face_with_tears_of_joy mtlb face_with_peeking_eye,sarcastic
tuzya aila builder aavadato ka re bhad khau,sarcastic
What about your mom? clown_face sweat_droplets,non-sarcastic
face_with_tears_of_joy face_with_tears_of_joy face_with_tears_of_joy face_with_tears_of_joy face_with_tears_of_joy face_with_tears_of_joy,non-sarcastic
Tu sabse bda aatankwadi hy hundred_points OK_hand_light_skin_tone enraged_face enraged_face enraged_face enraged_face enraged_face enraged_face enraged_face,non-sarcastic
"legend's let's fill in the blank "" kyunki ki inki kartut ko _______________"".",non-sarcastic
jahaan jahaan se seeta haare hain bo hija.daa hai,non-sarcastic
Jai ho yogi ji fire fire clapping_hands,sarcastic
abe nikal saloo dekh nhi sakte kyaa munna jeet gya toh face_with_tears_of_joy face_with_tears_of_joy face_with_tears_of_joy,sarcastic
hila mazya landala rashi bandun sandasat dubavto,non-sarcastic
Newton bhai aap ki mkc loudly_crying_face,sarcastic
Jay shree krishna red_heart red_heart red_heart red_heart red_heart red_heart red_heart red_heart red_heart red_heart red_heart red_heart,non-sarcastic
Edit nhi h ye real hai mai wahi khada tha slightly_smiling_face,non-sarcastic
bas 4 june ka wait fir ye sab band,sarcastic
relax modi ji is back. sabh vapis a jayega jo gaya haj,sarcastic
pura video dikhao nah .... oosne pura kya kaha tha show mein....ek clip kat kar arajkta toh tum fela rahe ho,non-sarcastic
Bhai ne to darr ki hi G faad di fire rolling_on_the_floor_laughing,non-sarcastic
Rande ahe ti face_with_tears_of_joy face_with_tears_of_joy face_with_tears_of_joy face_with_tears_of_joy,sarcastic
Aa gya swaad or do vote face_with_tears_of_joy face_with_tears_of_joy face_with_tears_of_joy face_with_tears_of_joy face_with_tears_of_joy face_with_tears_of_joy face_with_tears_of_joy face_with_tears_of_joy,sarcastic
sath nibhana sathiya part -2 thumbs_up,non-sarcastic
jaya shreeraama triangular_flag triangular_flag triangular_flag triangular_flag triangular_flag triangular_flag triangular_flag triangular_flag triangular_flag triangular_flag triangular_flag triangular_flag triangular_flag triangular_flag triangular_flag triangular_flag triangular_flag triangular_flag triangular_flag triangular_flag triangular_flag triangular_flag,non-sarcastic
Toh hum bhi nahi bhulenge waha pahale ek ram mandir tha mullone giraya n fir bjp ne bnvaya ...me bhi apne bachhe ko bata ke jaunga face_with_tears_of_joy face_with_tears_of_joy,sarcastic
face_with_tears_of_joy face_with_tears_of_joy face_with_tears_of_joy face_with_tears_of_joy face_with_tears_of_joy face_with_tears_of_joy face_with_tears_of_joy face_with_tears_of_joy,non-sarcastic
sab a gaye comments me dhruv ko pelne ye nahi ki jau ek bar koi article padh ki aisa such me ki jhooth bol raha ye bjp parwakta article pura padhna neeche likha hai such adani ka news channel hai https://www.ndtv.com/india-news/did-any-sitting-chief-minister-ever-get-arrested-in-india-4969417,non-sarcastic
. bhabhi eendia me apke sare dewar apko yad kar rahe hai..,non_sarcastic
koi admi hota to bat bhi hoti ab iske sath kya kre,sarcastic
sab ke sab pagal ho gaye hai abhut chaldi maroge sab ke sab enraged_face,non-sarcastic
aww my daddy is best too . . i love my paa . .,non_sarcastic
nilega.....con dega moti rakam par pehle desh ko bikri karega face_with_tears_of_joy,sarcastic
Congress is the real enemy of Muslims,non-sarcastic
aaaj tak kabhi diya hai kya rolling_on_the_floor_laughing,non-sarcastic
rolling_on_the_floor_laughing rolling_on_the_floor_laughing rolling_on_the_floor_laughing rolling_on_the_floor_laughing rolling_on_the_floor_laughing rolling_on_the_floor_laughing,non-sarcastic
Face to dikhao face_with_tears_of_joy uske baad aao le jao,sarcastic
face_with_tears_of_joy face_with_tears_of_joy face_with_tears_of_joy face_with_tears_of_joy face_with_tears_of_joy face_with_tears_of_joy face_with_tears_of_joy face_with_tears_of_joy face_with_tears_of_joy face_with_tears_of_joy face_with_tears_of_joy face_with_tears_of_joy face_with_tears_of_joy face_with_tears_of_joy face_with_tears_of_joy,non-sarcastic
ye galt bat h. dharm se mazak nhi . party ayegi jaegi neta ayega jaega . but dharm 1 bar gya to sb barbad ho jaega,non-sarcastic
face_with_tears_of_joy face_with_tears_of_joy face_with_tears_of_joy face_with_tears_of_joy face_with_tears_of_joy face_with_tears_of_joy,non-sarcastic
ye bahuta jaldee tihaa.da jela men hogee,non-sarcastic
"c'est horrible de voir ça. en france, vive la france, on ne trouvera jamais cette indifférence des autorités et de la société de transport",non_sarcastic
apni aulad ko ye bhi bata dena ji paijame ka bap abhi sahi nahi aaaya,sarcastic
Wonder women ki guun hai isme face_with_tears_of_joy face_with_tears_of_joy face_with_tears_of_joy,sarcastic
congress kata kat kata kat karna bohot pasand karta he,non-sarcastic
owaisi jaise kuch pakistani vichar ke log bharat ke musalman ko bhadkate hai crying_face,non-sarcastic
Gravity ki toh Amma bhen ek krdi face_with_tears_of_joy,sarcastic
neta ji ki planning toh out of syllabus thi,sarcastic
10 sal se bjp ki govt h.. or agle 5 b aegi.. to wo ni hatari ? qki wo hatana ni chahti.. wo bs hume ladana chahti h but ache se rehna koi ni sikhata,sarcastic
timeline ek suggestion jaisa treat hota hai,sarcastic
हीच तोंड कुणीतरी आवरा face_with_symbols_on_mouth face_with_symbols_on_mouth enraged_face enraged_face enraged_face enraged_face enraged_face enraged_face,sarcastic
Bus aise hi gravity ki maa chodo tum log cross_mark loudly_crying_face,non-sarcastic
Proud to be hindu Jai shree Ram triangular_flag,non-sarcastic
Le Bhai lawde pe jhul le face_with_tears_of_joy face_with_tears_of_joy,sarcastic
"Yahi to Lokpal kejriwal lana chahta tha, uspe hi lag gaya face_with_tears_of_joy",sarcastic
saalaa chora bhaaga yaa paise dede inako,sarcastic
kaa.ngresa sarakaarane saaraa desha kharaaba karake rakhaa hai triangular_flag triangular_flag isaliye modee sarakaara chaahiye bhaarata maataa kee jaya triangular_flag triangular_flag,sarcastic
सब अल्लाह की देन हे face_with_tears_of_joy face_with_tears_of_joy face_with_tears_of_joy,non-sarcastic
eene logon ko chhodana nahin chahie eendia eendia,sarcastic
Baal safat hogiya hey fir b aqal ki kamii hey jaaa k apna elaaj kr rolling_on_the_floor_laughing rolling_on_the_floor_laughing rolling_on_the_floor_laughing,sarcastic
Aadha sach bplunga hutiya Pura sach smjhenge face_with_tears_of_joy face_with_tears_of_joy face_with_tears_of_joy face_with_tears_of_joy face_with_tears_of_joy face_with_tears_of_joy,sarcastic
pune chyaa budhavaara petheteela randee aahe hee,non-sarcastic
Banchod lode India cross_mark didi ko salut check_mark_button red_heart crying_face,sarcastic
nari hai kuchh bhi kar sakti hai,non-sarcastic
", face_with_tears_of_joy face_with_tears_of_joy face_with_tears_of_joy face_with_tears_of_joy face_with_tears_of_joy",non-sarcastic
aba yahaan bakchoda karane se kucha naheen hogaa jaba vota denaa thaa taba peeche rahe to bhugato,sarcastic
face_with_tears_of_joy face_with_tears_of_joy face_with_tears_of_joy face_with_tears_of_joy face_with_tears_of_joy face_with_tears_of_joy face_with_tears_of_joy face_with_tears_of_joy face_with_tears_of_joy face_with_tears_of_joy,non-sarcastic
"Shopping karke thak gaya, paisa toh udd gaya, bhenchod delivery late! 😡",sarcastic
enraged_face enraged_face enraged_face enraged_face enraged_face enraged_face enraged_face enraged_face,non-sarcastic
nunawar aur big boss dono ki mkc,sarcastic
nora piya muh se bolat nahi. toh kahan se bolat hai?,sarcastic
andhvishwas me paida hote hi apni lulii katwa lene wala kon dusre ko andhvishwas bol raha hai andhnamaji kom,non-sarcastic
but ' khushi ' zaroor use karna ...... accha sound karta hai :-),non_sarcastic
kisi ki gand jali hai badbu a rahi face_with_tears_of_joy,non-sarcastic
Congress supporters be like it's okay jada hua to hm bhi muslim bn jayenge kya fark pdta hai.. face_with_symbols_on_mouth,sarcastic
Yehi toh hai mullo ka sach face_with_tears_of_joy face_with_tears_of_joy face_with_tears_of_joy face_with_tears_of_joy face_with_tears_of_joy face_with_tears_of_joy face_with_tears_of_joy face_with_tears_of_joy,sarcastic
aapril fool banaya. oonko bada maja aya,non-sarcastic
bas yahi diffrence hai congress aur bjp me agar kisine ghotala kiya hai to jail jata tha ab ghotala karne par bjp me jate hai face_with_tears_of_joy,non-sarcastic
durbhagya h k hinduon ki ankh abhi bhi nhi khuli h,non-sarcastic
rolling_on_the_floor_laughing rolling_on_the_floor_laughing rolling_on_the_floor_laughing rolling_on_the_floor_laughing rolling_on_the_floor_laughing rolling_on_the_floor_laughing,non-sarcastic
Ye wahi Dalal media wala hai jo 100 crore ki hafta wasooli mein jail gaya tha...iska sting video youtube par available hai. face_with_tears_of_joy face_with_tears_of_joy face_with_tears_of_joy,non-sarcastic
Kitna bika hua aadmi hai re tu face_with_tears_of_joy face_with_tears_of_joy face_with_tears_of_joy,sarcastic
rolling_on_the_floor_laughing rolling_on_the_floor_laughing rolling_on_the_floor_laughing rolling_on_the_floor_laughing rolling_on_the_floor_laughing rolling_on_the_floor_laughing rolling_on_the_floor_laughing,non-sarcastic
bhai tu bhi to bharat ka hai...pehle apne girban. ne jhank,sarcastic
khup ghan shivya yetat mala pn amchyavr ase sanskar nahi kele pn shree ram baddal koni bhangar bhunagar bolol na tith yeun gharat ghusun maru # hijadyaa chee aulaada sushmaa,non-sarcastic
Gravity don't exist ... loudly_crying_face grinning_face_with_sweat,non-sarcastic
cross_mark saloo tum log mar jaoo,non-sarcastic
Is bar is chu.. Ko jada paise mile hai lag ta hai face_with_tears_of_joy face_with_tears_of_joy face_with_tears_of_joy,sarcastic
Hwo is father of druve tatti face_with_tears_of_joy face_with_tears_of_joy face_with_tears_of_joy,non-sarcastic
face_with_tears_of_joy face_with_tears_of_joy face_with_tears_of_joy face_with_tears_of_joy face_with_tears_of_joy face_with_tears_of_joy face_with_tears_of_joy,non-sarcastic
Muslim mahila ke sath moye moye hua face_with_hand_over_mouth face_with_tears_of_joy face_with_tears_of_joy face_with_tears_of_joy face_with_tears_of_joy,non-sarcastic
nodi ji ki raj nein pathar kankad sar katna vah sab band ho chuka check_mark_button,sarcastic
kyon bhaaee lohaa teenaa vaale kaa la~nakee nahee bana sakatee red_heart,sarcastic
Proud to be Hindu triangular_flag om folded_hands_light_skin_tone,non-sarcastic
ye banda hi alg h fire,non-sarcastic
aagar lungi phas jata na kahi to asman mein tara ban jata chacha crying_face,non-sarcastic
Congress ki den hai a bat congress ke chamche thore hi bolenge,sarcastic
"shah ka ek comment aur media walle peeche bhage , waise hee mere manwa mai emotions jage",sarcastic
hyaalaa mhanataata odhuna chota benbaataalaa laavaayachaa,sarcastic
Nehru has done terrible things to India,non-sarcastic
Bheem k bnae sanvidhan ko miim Maan nhi rhe face_with_tears_of_joy face_with_tears_of_joy face_with_tears_of_joy face_with_tears_of_joy,non-sarcastic
tara ma ki chud mather chod,non-sarcastic
"vhota maagaayalaa jaa, lokan kanbardyaata laatha ghaalateela",non-sarcastic
jo dongri me rahta hai woh chutiya hai,sarcastic
Ek v mulle ne tippani nhi kri iss pr face_with_tears_of_joy,non-sarcastic
Do nothing + dar ki maa ka bharosa check_mark_button skull face_with_tears_of_joy,sarcastic
Rahul ne kha tha 1 laat milegi face_with_tears_of_joy face_with_tears_of_joy le lo ab Paisa,sarcastic
"dhruv tatti haramkhor hai kaun jis desh me h waha k bare me bol k dikhaye na jail chala jayega,, tbhi india gate ghumne aya aur khujliwal se paise leke uski chaplusi krta h,, wrna aj tk kaha tha ye , election k time hi aya kaise ye",sarcastic
oottar pradesh harne ki wajah hai - oopp paper leak - ooppsc ro aaro paper leak - har sal pet ka exam dene ke bad koi vacancy nahi - local politician ki tanashahi - and bar bar ek hi candidate ko ticket dena,non-sarcastic
Rathee ke pichavade main lathee ghusaadi face_with_tears_of_joy,non-sarcastic
Check Google bro check_mark_button check_mark_button check_mark_button check_mark_button,non-sarcastic
kabhi kuch na karke dekho dar ke age jeet hai,non-sarcastic
u mthar fuckry.. bol ab vai.. koi paise nahi de raha hai kya.. sala gandi nali ka kira hai tu.. mar ja madharchood enraged_face enraged_face enraged_face enraged_face enraged_face . jo desh ka nahi wo apne v nahi.. eendia,sarcastic
rolling_on_the_floor_laughing rolling_on_the_floor_laughing rolling_on_the_floor_laughing beuty of Islam rolling_on_the_floor_laughing rolling_on_the_floor_laughing rolling_on_the_floor_laughing,sarcastic
Tu kisi movie ko dekh kr ya kisi gangster ko dekh ke heropanti mt dikha face_with_tears_of_joy face_with_tears_of_joy face_with_tears_of_joy face_with_tears_of_joy samjhi,sarcastic
eendia eendia eendia ee love my india,non-sarcastic
rohaniyaa aura bangalaa deshee muslimo se ise kandoma kee aadata pa.da gaee hai enraged_face raakshasee mamataa baano kee chelee hai enraged_face,non-sarcastic
bro ye sach hai kya? Sorry just asking incase you missed so,non-sarcastic
India mai Mazdoor ki Kami nahi hogi face_with_tears_of_joy,sarcastic
Gravity discovered in 1665 people before 1965,non-sarcastic
नई गाड़ी में गाड़ी पेल दी इन्होंने face_with_tears_of_joy face_with_tears_of_joy face_with_tears_of_joy face_with_tears_of_joy face_with_tears_of_joy face_with_tears_of_joy,sarcastic
aarey chutiye...a toh ja....tu aja kharcha ane janeka police dedenge....or pharaskhana police stn ja....lawde toh tujhe samaja ayega thekse,sarcastic
fir ye bkl bolte hai hindu nuslim mat karo skull,sarcastic
Fake news whatsapp university bjp it cell,sarcastic
eendia mein paida hoke ye kar rahe ho toh socho tum apni ma ke pet se bhi paida hue ho,sarcastic
only panjab black_flag black_flag black_flag black_flag,non-sarcastic
face_with_tears_of_joy face_with_tears_of_joy face_with_tears_of_joy face_with_tears_of_joy face_with_tears_of_joy face_with_tears_of_joy enraged_face enraged_face enraged_face,non-sarcastic
yaha par duniya bhar k comment kar lo galiya de lo gussa dikha lo ya usse badh kar kuch kar sakte ho to wo v kar lo lekin usse kuch nhi hone wala agar kuch karna hi h to n logo k khilaf koi aisa kadam uthao jisse ye aisa karne se pehle hazar bar soche fire,non-sarcastic
Itne der me chai bhi bana leti face_with_tears_of_joy,sarcastic
"Aaj pehli baar office jaldi pohanch gaya hoon. Proud feeling, khud ko reward karna toh banta hai! 🏆😊 #SmallWins",non_sarcastic
Sale gadi ki maa cho* di face_with_tears_of_joy,sarcastic
Har mahine 8500 rup ki lalach me face_with_tears_of_joy face_with_tears_of_joy face_with_tears_of_joy,sarcastic
He eats 1000 Google in breakfast every day's face_with_tears_of_joy face_with_tears_of_joy face_with_tears_of_joy,non-sarcastic
kamini kuttii dyn ...hrmi salli ...,non-sarcastic
Kis kis ne video Dekh Kar mutthi maari Hai like karo face_with_tears_of_joy,sarcastic
Par ghosh to hindu hi hote he na uske khilaf case file karo,sarcastic
jay shri ram eendia eendia eendia,non-sarcastic
Bade to modiji ne bhi kiye thee woo kha gyee face_with_tears_of_joy face_with_tears_of_joy face_with_tears_of_joy,sarcastic
Ho gaya desh ka vikas face_with_tears_of_joy,sarcastic
eat 5 star do nothing+ dar ke age jeet hai,sarcastic
eeski ma ki chutt bhain ki laudii ki,sarcastic
kon hai hay chapri rider face_with_tears_of_joy face_with_tears_of_joy face_with_tears_of_joy face_with_tears_of_joy,sarcastic
jai shree ram triangular_flag triangular_flag triangular_flag triangular_flag triangular_flag jai shree ram triangular_flag triangular_flag triangular_flag triangular_flag triangular_flag jai shree ram triangular_flag triangular_flag triangular_flag triangular_flag triangular_flag jai shree ram triangular_flag triangular_flag triangular_flag triangular_flag triangular_flag jai shree ram triangular_flag triangular_flag triangular_flag triangular_flag triangular_flag jai shree ram triangular_flag triangular_flag triangular_flag triangular_flag triangular_flag jai shree ram triangular_flag triangular_flag triangular_flag triangular_flag triangular_flag jai shree ram triangular_flag triangular_flag triangular_flag triangular_flag triangular_flag,non-sarcastic
"great info and reel, Allow it to download so that can be shared with other platforms..",non-sarcastic
randee aana khaate ichyaa tondaata gu ghaalanaare laaeeka karaa,sarcastic
rolling_on_the_floor_laughing rolling_on_the_floor_laughing rolling_on_the_floor_laughing rolling_on_the_floor_laughing कडक कारवाई झाली पाहिजे face_with_tears_of_joy खूप माज होता ना आता उतरवणार बरोबर face_with_tears_of_joy face_with_tears_of_joy आता मार कोर्टात फेऱ्या face_with_tears_of_joy,non-sarcastic
"Office meetings mein sab sirf 'noted' bolte hain, kaam kisi ko nahi pata hota. Wah efficiency!📝🤣",sarcastic
Bolne do bolne do bechare ko dukh hua h face_with_tears_of_joy face_with_tears_of_joy,non-sarcastic
bahi 1997 mai lalu hi cn tha bihar ka or uski wife bhi,non-sarcastic
Bhai itni Khushi ho rhi Hena inke upper rolling_on_the_floor_laughing,non-sarcastic
sba log apna vot dena hi bnd krdo fir dekho kese bnte h ye bewakoof log,sarcastic
Dogla soch ishi ko kah the rolling_on_the_floor_laughing,non-sarcastic
modi ji ka magic fir se,sarcastic
tere paasa aura kucha kaama naheen hai kyaa,sarcastic
Paise Lene to pahunch gaye ine Se Poochho vote dene gaye the face_with_tears_of_joy,sarcastic
"Beauty of Islam! skull , Proud to be कटार सनातनी! flexed_biceps_medium-light_skin_tone triangular_flag",non-sarcastic
Bhai Galti et ki thi check_mark_button check_mark_button check_mark_button,sarcastic
aur bhai German fan thumbs_up clown_face,non-sarcastic
Kil* them all who disrespects my country,non-sarcastic
face_with_tears_of_joy face_with_tears_of_joy face_with_tears_of_joy face_with_tears_of_joy face_with_tears_of_joy face_with_tears_of_joy,non-sarcastic
mana to meraa bahuta hotaa hai kucha likhane kaa magara ghara vaalo ne bola rakhaa hai hama zamaanata naheen karaaenge slightly_smiling_face slightly_smiling_face basa yahee socha kara dara jaataa hoon..,non-sarcastic
batmiz ladki hai ye toh ghatiya up police ko iske khilaf karwai karne chaiye,non-sarcastic
Mountain dew cross_mark_button desi daaru check_mark_button,non-sarcastic
dhruv rathi jayse doglo ko ap sab itna serious mtt liya karo faltu me popularty dete ho rathi rathi karke,non-sarcastic
"Chapri to aise hii badnam, but yeh loda too",sarcastic
wa ji wa kuch bhi kho mst hai lekin fire fire fire fire,non-sarcastic
sach much adbhut yojna hai,sarcastic
tum logon ka kaam public imagination mein complete hota hai,sarcastic
face_with_tears_of_joy face_with_tears_of_joy face_with_tears_of_joy OK_hand flexed_biceps flexed_biceps,non-sarcastic
"kitni jada padi likhi hai ,isiliye gali de rai h",non-sarcastic
सुधाशु जी पंगा नही check_mark_button check_mark_button,non-sarcastic
Issac Newton crying_face are you there in heaven face_with_tears_of_joy,non-sarcastic
Aree లంజ kodakallara enraged_face enraged_face enraged_face enraged_face enraged_face enraged_face enraged_face enraged_face enraged_face enraged_face enraged_face enraged_face enraged_face enraged_face,non-sarcastic
shreeraama shabaree laa maate mhanoona sanbodhata hote|,non-sarcastic
"hijde to juban or iman k pakke hote h,inse tulna mt kro bhai up wale to inse bhi tulna krne layak ni h",non-sarcastic
5 star = sahi ha bhai tuna kuch nahi kiya. skull,sarcastic
"jhaa.cthe na chuchee , baate oonchee oonchee",non-sarcastic
Congress:- Chutiya banaya tumko face_with_tears_of_joy face_with_tears_of_joy face_with_tears_of_joy,sarcastic
EXAMS KHATAM HONE KE BAAD MAI AUR MERE DOST check_mark_button,non-sarcastic
"vaॉlyooma banda karake dekhataa hoon, teree nyooza gaaliba, shakla to achchee hai, para too baata achchee naheen karatee.. rolling_on_the_floor_laughing rolling_on_the_floor_laughing",sarcastic
aager bat humare cm pe ayi toh 80 me se ek bhi seat nhi jeete gi bjp yogi ji,non-sarcastic
rat ko rate kam nila hai ise,sarcastic
face_with_tears_of_joy face_with_tears_of_joy face_with_tears_of_joy face_with_tears_of_joy face_with_tears_of_joy face_with_tears_of_joy face_with_tears_of_joy,non-sarcastic
Ab bolo dhruv rathi kaha Gaye modi ji against toh bahut bolte ho iske bare mein nhi bolege ab Kaya hua hawa nikal gayi angry_face angry_face angry_face angry_face angry_face angry_face angry_face angry_face,sarcastic
"beti? bap bap hota hain, eisa nhi karte",sarcastic
Yaha thoda gravity late ata hei rolling_on_the_floor_laughing rolling_on_the_floor_laughing,non-sarcastic
een logo ko kya kya hai ?,non-sarcastic
Police lai martyat gandivar Val uthe paryant face_with_tears_of_joy,non-sarcastic
jali na teri b jalina rolling_on_the_floor_laughing,non-sarcastic
Ooo tare Maa ke chut bole ghand c,non-sarcastic
face_with_tears_of_joy face_with_tears_of_joy clapping_hands clapping_hands rolling_on_the_floor_laughing rolling_on_the_floor_laughing,non-sarcastic
kandoma phaatoona jhaalelee olaada mhanajecha hee raandha face_with_tears_of_joy,non-sarcastic
neri to badi iccha hai ki ek bar sudhanshu ji or german shepherd ki ldai ho,non-sarcastic
kuch nah kro kiu ki darr ke aagye jeet hai check_mark_button skull,non-sarcastic
hilaa tara raanda aahe roja navare badalatee,sarcastic
do nothing x dar ke aaage jeet skull,non-sarcastic
aaapka dhanyvad hai ap dikha rahe news per,non-sarcastic
check_mark_button check_mark_button moai moai skull skull skull skull check_mark_button cross_mark cross_mark_button cross_mark_button,non-sarcastic
Uff ffo mulla g kia bhokh rey ho face_with_tears_of_joy face_with_tears_of_joy face_with_tears_of_joy face_with_tears_of_joy,sarcastic
"Traffic mein phas gaya, ab toh ghar jaisa lagta hai! 🏠",sarcastic
This video is from moon no gravity no 9.8g formula face_with_tears_of_joy,non-sarcastic
te dev hote tumhi faltu hahat,non-sarcastic
ram ram singha. kahan the ap?,non_sarcastic
or maine vote bhi bjp ko diya tha,non-sarcastic
ek latha to mar he dete tab to video dhekne m maja ata,sarcastic
hindu hona etine asan nahi hee triangular_flag,non-sarcastic
do nothing+darr ka aga jeeth hai,non-sarcastic
chalna chaman chutiye teku kuch nila nhi kiya,sarcastic
"aise hee abhee taka 70 saala, kaangresa ne gareeba dalita picha.dee prajaa ko ulloo banaakara raaja kiyaa thaa| inako baragalaane kaa kaama kiyaa, aba yaha chalane vaalaa naheen hai| aisaa koee bachaa naheen jisako kaangresa ne thagaa naheen| samajha jaao hindustaana vaalon| inase kucha ho naa paayegaa, sirpha jhootha jhootha phailaane kaa kaama karate hain|| enraged_face crying_face rolling_on_the_floor_laughing face_with_tears_of_joy",sarcastic
bekaao aajtaak news nodee kaa saat,sarcastic
ye atankwadi nhi sudhar sakte ye log kabhi hamare bhai nhi ho sakte,non-sarcastic
laode congress ki sarkar kaha bani bjp ki bani na patrkar laode,sarcastic
rt : ye nalayak out bhi honge aur galiyan bhi khayenge #eendvspak,non_sarcastic
sansaaraa madhye aita aapalee ugaacha bhatakata phiroo nako.,non-sarcastic
naunten dieo +dar ki maki chud cross_mark,non-sarcastic
"Nich aaulat,chinal rand enraged_face enraged_face enraged_face",non-sarcastic
Today adopted a kitten—cutest decision of my life!🐱❤️ #PetLove,non_sarcastic
yeh development model Netflix special ban sakta hai,sarcastic
nountain dew = dar ki ma ki cheww check_mark_button,sarcastic
बेवकूफ और दो वोट congres को crying_face,sarcastic
godi media apni biwi ko bhi bhejdo modi ke pas,sarcastic
Gravity gyi..! lying_face face_with_monocle ...esliye science padhna padta,sarcastic
may be next time dance naked ?,sarcastic
Fer wohi behen baad mein thirteen fourteensome karne ke liye majboor hota hai face_with_tears_of_joy,non-sarcastic
waqf act ka gand ma par dalu,sarcastic
Gravity rolling_on_the_floor_laughing rolling_on_the_floor_laughing rolling_on_the_floor_laughing kha gai,non-sarcastic
raathee kaa khaanadaana khatma karadenaa hai fire,non-sarcastic
"Diwali pe lights lagayi, ghar jannat lag raha hai! ✨",non_sarcastic
tum logon ka USP: consistent inconsistency,sarcastic
nehru ne chod k chala geya desh ko,sarcastic
Sahi kam to ki h be jahil log face_with_tears_of_joy,non-sarcastic
aaja dekha liyaa vota ke chota men desha kaa kyaa haala hai crying_face crying_face,non-sarcastic
enraged_face enraged_face enraged_face enraged_face India India India India India India,non-sarcastic
"isa khataakhata paartee ke khilaapha korta men 420 kaa kesa karen, pappoo ne ina sabako pappoo banaa diyaa rolling_on_the_floor_laughing rolling_on_the_floor_laughing",sarcastic
dar ki ma ki chuuuuuuuu moai moai,non-sarcastic
face_with_tears_of_joy face_with_tears_of_joy face_with_tears_of_joy face_with_tears_of_joy face_with_tears_of_joy face_with_tears_of_joy face_with_tears_of_joy face_with_tears_of_joy cross_mark cross_mark face_with_tears_of_joy face_with_tears_of_joy face_with_tears_of_joy face_with_tears_of_joy fire fire fire rolling_on_the_floor_laughing rolling_on_the_floor_laughing rolling_on_the_floor_laughing rolling_on_the_floor_laughing,non-sarcastic
meeting mein har point cover hua,non_sarcastic
#samajwadiparty se #gathbandhan to kar liya unhone ....,sarcastic
eess ka eensta ee'd kaya hey name batao rand ka,sarcastic
muslim aurt sirf dekhe paise ke mang ne ke lia,sarcastic
Taliya bajao khata khat khata khat face_with_tears_of_joy face_with_tears_of_joy face_with_tears_of_joy face_with_tears_of_joy,non-sarcastic
aaese log bhgwan g ko kya mu dikhaynge,non-sarcastic
. apna kam khud karo.,non_sarcastic
goblin cricket_game milega khelo jake face_with_tears_of_joy face_with_tears_of_joy face_with_tears_of_joy face_with_tears_of_joy face_with_tears_of_joy face_with_tears_of_joy face_with_tears_of_joy,non-sarcastic
eesliye to tum sab ko hmesa se bolta hu ki tum sab ran** i ki aulad bolta hu fire,sarcastic
aaaap sab ne bahut badi galti ki hai nodi ko vote na dekar cross_mark rolling_on_the_floor_laughing,sarcastic
eenko hui. aabb khujli. or kuch hai hi nahi iske pass.,non-sarcastic
kaanoona kevala mahilaaon ke lie banaayaa gayaa hai,non-sarcastic
bhagavaana raama yuddha para jaate samaya bandaron aura bhaaluon ko saatha lekara gae agara ayodhyaa ke hinduon ko saatha lekara jaate to sone ke laalacha men raavana kaa saatha dete crying_face crying_face crying_face crying_face,non-sarcastic
Out of slybus ah gya clown_face thumbs_up,sarcastic
aab secular ispe kuch na bolege aabhi nandir ki bat hoti to sab gyan dene a jate.,sarcastic
Transliterated_Comment,sarcasm_label
India India India India India India India India India India enraged_face enraged_face enraged_face enraged_face enraged_face enraged_face enraged_face,non-sarcastic
jashana kaa intajaama karo ....bjp on top fire fire,sarcastic
durv rathi maushmi aandha hai thumbs_up,non-sarcastic
red_heart ab ye sabhi ke ling per kandom laga degi,non-sarcastic
har aur jeet to khel ka hissa hai. ye wala bahut din taklif dega wo kissa hai.,sarcastic
Jay Shri Ram red_heart red_heart red_heart red_heart red_heart red_heart red_heart red_heart,non-sarcastic
Heart touching Video cross_mark Nunu touching Video check_mark_button face_with_tears_of_joy face_with_tears_of_joy,non-sarcastic
"राठी का बाप , सुधांशु त्रिवेदी fire red_heart face_with_tears_of_joy backhand_index_pointing_right",non-sarcastic
hum bhi 40 hazar mandir tode jane ki dastan bolte rhenge aur na sirf bat marte dum tk krenge blki marne se pehle wapis bhi lenge aur jo zameene leli humse pakistan banladesh afghan sb wapis layenge,non-sarcastic
Dil se Respect sister ke liye red_heart red_heart,non-sarcastic
rahul ke ghar pahocho vaha milega.....,sarcastic
face_with_symbols_on_mouth face_with_symbols_on_mouth face_with_symbols_on_mouth face_with_symbols_on_mouth face_with_symbols_on_mouth face_with_symbols_on_mouth,non-sarcastic
randi no 1 ai ghali kharkatti chinal,non-sarcastic
chaple ney oodhar kara hicha. laj nahi vattat faltu. tujhi himat kashi hote asa bolaychi jeeb zhadel tujhi lavkar. aavdasa enraged_face,non-sarcastic
rolling_on_the_floor_laughing rolling_on_the_floor_laughing rolling_on_the_floor_laughing rolling_on_the_floor_laughing moai cross_mark cross_mark cross_mark_button cross_mark_button cross_mark_button cross_mark_button cross_mark_button cross_mark_button check_mark_button check_mark_button check_mark_button skull check_mark_button check_mark_button skull check_mark_button fire,non-sarcastic
implementation consistent raha,non_sarcastic
Guys chill ye tihaari Kal jal kar Iska ball pak gya face_with_open_mouth face_with_tears_of_joy face_with_tears_of_joy Abe tu call tehaare face_with_tears_of_joy face_with_tears_of_joy,sarcastic
lalla hu L par face_with_tears_of_joy face_with_tears_of_joy,non-sarcastic
Once a legend said....Gravity gyii ......aisi koi chij hi nhi hoti hai grinning_face_with_sweat,sarcastic
"hee baaee tara daleendaracha aahe, pana khaalee basoona aikanaare taree kase aikataata..maakada tondee baaee..baghitalaa taree raaga yeto..hyaa baaeechaa. enraged_face enraged_face",non-sarcastic
kon sa month bola tha o app ne nehi suna tha kya.,non-sarcastic
Sab mulli aaye hai paise lene face_with_tears_of_joy face_with_tears_of_joy face_with_tears_of_joy face_with_tears_of_joy face_with_tears_of_joy,sarcastic
Bhai itna khul ke Bharat mein baith ke National TV pe bol rha h Aur inhe Darr lagta h Bharat mein face_with_tears_of_joy,sarcastic
Some dogle says >> ye sab editing ka kmal hai rolling_on_the_floor_laughing rolling_on_the_floor_laughing rolling_on_the_floor_laughing rolling_on_the_floor_laughing,non-sarcastic
First salary se khudko PS5 gift diya! Childhood dream complete 🎮 #GamerLife,non_sarcastic
Sarkar banne toh do phle hi aagyi face_with_tears_of_joy,sarcastic
scheme launch hone se hi kaam shuru samjho,sarcastic
bolo up walo ham dogle he hindu nhi he,sarcastic
Log bhul jate hai sarkar bhi bhul jati hai lekin googal kabhi nhai bolta. face_with_tears_of_joy face_with_tears_of_joy,sarcastic
face_with_tears_of_joy face_with_tears_of_joy face_with_tears_of_joy face_with_tears_of_joy chutiye log face_with_tears_of_joy face_with_tears_of_joy face_with_tears_of_joy,sarcastic
rulaa diyaa isne to crying_face crying_face crying_face loudly_crying_face loudly_crying_face loudly_crying_face,non-sarcastic
dushmana baॉrdara ke paara naheen andara bhee rahate hai zahara hai inakee koma me,non-sarcastic
jail madhe mar khatana ek rap banav,non-sarcastic
Kabhi aam ne sham ne Lao o Jarman Shepard ko Trivedi j ke sham ne face_with_tears_of_joy face_with_tears_of_joy face_with_tears_of_joy,non-sarcastic
Hurt break video cross_mark hurt attack video check_mark_button rolling_on_the_floor_laughing rolling_on_the_floor_laughing,non-sarcastic
abe pana kaayale upataayale kelan toona asa vaangyaa,sarcastic
aaaj rat tum apne oati ke sath soje ya apne bhai ke sath,non-sarcastic
"""aaaj mein bohot khush hu.. pehli bar sau ka note dikhaya bhaijan ne.. "" #tweetlikeaapakistani",sarcastic
bap ko mat bhulo .... jay shri ram.... babar bhagoda ka uska bap bada tha... aakbar ka bap naharana pratap tha..,sarcastic
I believe these people are not Indian sikhs neither born in India.,non-sarcastic
shaadee aurata se kee thee yaa kuteeyaa se chaachaa... face_with_tears_of_joy,sarcastic
kyu frustration nikal rha hai tu anchor ho hi nhi skta kisi ka samna nhi kr skte to uske againt hi ho gye,non-sarcastic
"@AmitBro ke saath late night movie dekhi, maza aa gaya! 🎬",non_sarcastic
bhai kya kar skta hu bhai tu hi bta,non-sarcastic
The pappu scam face_with_tears_of_joy face_with_tears_of_joy face_with_tears_of_joy,sarcastic
face_with_tears_of_joy face_with_tears_of_joy face_with_tears_of_joy face_with_tears_of_joy face_with_tears_of_joy face_with_tears_of_joy,non-sarcastic
kantenta kreeetara hai naa to aukaada me rahanaa. kisee ganbheera maamale me majaaka udaa rahaa thaa. agara poleesa ऍkshana naheen letaa to isee kesa se khudakaa prophaaila aage badhaataa rahataa. abhee kaa ye vidio bhee dusaraa galatee hai.,sarcastic
Filmo se 400 vot aage face_with_tears_of_joy face_with_tears_of_joy,non-sarcastic
Mulgi shikli pragati zali cross_mark chinal zali face_with_tears_of_joy,non-sarcastic
tere to aage hoge 15 lakh? face_with_tears_of_joy,sarcastic
meraa 1 saavala hasadeva jangala chatteesaga.dha riporta naheen kara rahe ho maidama clapping_hands clapping_hands clapping_hands,sarcastic
"(semen) on the garment of the Messenger of Allah (may peace be upon him) dried up, I scraped it off with my nails. Sahih Muslim 2:572, S",non-sarcastic
rolling_on_the_floor_laughing rolling_on_the_floor_laughing rolling_on_the_floor_laughing rolling_on_the_floor_laughing rolling_on_the_floor_laughing rolling_on_the_floor_laughing rolling_on_the_floor_laughing rolling_on_the_floor_laughing rolling_on_the_floor_laughing rolling_on_the_floor_laughing rolling_on_the_floor_laughing rolling_on_the_floor_laughing rolling_on_the_floor_laughing rolling_on_the_floor_laughing rolling_on_the_floor_laughing rolling_on_the_floor_laughing rolling_on_the_floor_laughing rolling_on_the_floor_laughing rolling_on_the_floor_laughing rolling_on_the_floor_laughing rolling_on_the_floor_laughing rolling_on_the_floor_laughing,non-sarcastic
He eats 50 60 dhruv rathee in breakfast fire fire fire,non-sarcastic
Ye congress ke chutiyon ko samjh nahi aayega face_with_tears_of_joy,sarcastic
tum jaldi naro ham mahadev se vinay karenge,non-sarcastic
Chuteya news hai ye face_with_tears_of_joy face_with_tears_of_joy,sarcastic
eeske mu me bhi kandom pahna dena chahiye,sarcastic
5star kuch na karke dekho +mountain dew dar ki ma ka bhosda face_with_tears_of_joy,sarcastic
rolling_on_the_floor_laughing face_with_tears_of_joy rolling_on_the_floor_laughing rolling_on_the_floor_laughing rolling_on_the_floor_laughing face_with_tears_of_joy,non-sarcastic
Waa kya accting hai face_with_tears_of_joy face_with_tears_of_joy,non-sarcastic
eendia me karona jab dekhinge middle_finger middle_finger middle_finger middle_finger middle_finger,sarcastic
sayoni ghos bina condum ka hadasa he,non-sarcastic
hamar jhat aakbar jai shree ram triangular_flag triangular_flag triangular_flag,non-sarcastic
team ka coordination sirf camera ke samne hota hai,sarcastic
tuma loga ke andara kee.dee hai isake lie tumane kaangresa ko diyaa beejepee ko naheen dekhakara prastaava,non-sarcastic
nodi ke samne jhuk jao...kya pata 2lakh dede,sarcastic
36 nakhre vali chinal aali face_with_tears_of_joy face_with_tears_of_joy index_pointing_at_the_viewer,sarcastic
dhruv rathi ka bahishkar karo india se,non-sarcastic
green_heart green_heart green_heart green_heart green_heart green_heart kaaba Saudi_Arabia loudly_crying_face loudly_crying_face loudly_crying_face index_pointing_up index_pointing_up saluting_face face_holding_back_tears face_holding_back_tears face_holding_back_tears,non-sarcastic
kyu ki dhruv rathee mc hai check_mark_button,sarcastic
election khatam sabka muh band moai,sarcastic
humare ram to dikhte hai tumhare allaha kaha hai abhi gand mara ke aye nahi,sarcastic
tu kaise zinda hai mar diya tha to,sarcastic
eat five star and say darr ki ma ki c,sarcastic
BJP red_heart red_heart red_heart red_heart fire fire,non-sarcastic
"pune polisaannaa vinantee badanaamee jhaalee aahe tara theeka aahe pana svatahlaa kantenta krietara jaja samora ubhe karaa aaee baheena samaajaachee, jaja chee, prashaasanaachee, kaa shaasanaachee kaa samaajaachee",sarcastic
A तुजा रेट किती ग फोद्रे smiling_face_with_heart-eyes,non-sarcastic
Tamiz mein raho India India India India red_heart red_heart red_heart,non-sarcastic
Mountain dew cross_mark 5 star cross_mark oncoming_fist maut ko chukey tak say wapas check_mark_button Mai 15 min tak aaisay baitha Sakta hu fire moai skull harrr ghutt Mai Desi Daru aaha face_with_tears_of_joy face_with_tears_of_joy face_with_tears_of_joy,non-sarcastic
Mujhe bahut shrm aa rahi h bolte hue ki m up se hu pensive_face pensive_face pensive_face pensive_face pensive_face pensive_face isliye bahi Maine up hi chod Diya ab m uk m rehta hu triangular_flag triangular_flag triangular_flag triangular_flag triangular_flag triangular_flag triangular_flag,non-sarcastic
sarakaara banaane abhee pahuncha gayaa ko paisaa lene chalo paagala hai,sarcastic
eendian media cross_mark bikau media check_mark_button,sarcastic
Eat 5 star do nothing rolling_on_the_floor_laughing,non-sarcastic
Proud to be hindu triangular_flag triangular_flag jay shree ram folded_hands,non-sarcastic
pagl log ane too doo sbb trf enraged_face unpr fek video ntt bnaoo smzeee,non_sarcastic
Choro ko jel se dar kya face_with_tears_of_joy face_with_tears_of_joy face_with_tears_of_joy face_with_tears_of_joy,sarcastic
What kind of mind you have??? enraged_face enraged_face enraged_face,non-sarcastic
face_with_tears_of_joy face_with_tears_of_joy face_with_tears_of_joy face_with_tears_of_joy face_with_tears_of_joy face_with_tears_of_joy face_with_tears_of_joy face_with_tears_of_joy face_with_tears_of_joy face_with_tears_of_joy face_with_tears_of_joy face_with_tears_of_joy face_with_tears_of_joy face_with_tears_of_joy face_with_tears_of_joy face_with_tears_of_joy face_with_tears_of_joy face_with_tears_of_joy face_with_tears_of_joy face_with_tears_of_joy face_with_tears_of_joy face_with_tears_of_joy face_with_tears_of_joy,non-sarcastic
India India India India face_with_tears_of_joy face_with_tears_of_joy face_with_tears_of_joy,non-sarcastic
"Behenchod 3 saal se ITR file kar raha hun, ab tak refund nahi aaya. Tax bharo, desh badho! 🇮🇳 #AchheDin",sarcastic
Chutiya kaat diya in logo k face_with_tears_of_joy face_with_tears_of_joy face_with_tears_of_joy,non-sarcastic
Inko to thenga thumbs_up milega ...or do Congress ko vote enraged_face enraged_face,sarcastic
पंकज सर से बात करना पड़ेगा slightly_smiling_face slightly_smiling_face slightly_smiling_face,non-sarcastic
"Chalta phirta google , SHUDHANSHU TRIVEDI red_heart red_heart red_heart",non-sarcastic
smjh gya mein tune kisko vote diya us din,sarcastic
#trump must be so envious of #kejriwal .. sochta hoga aisa kya karta hai ye am admi ki mujhse jyada trend ho raha hai,non_sarcastic
Bricks were waiting for her to come down smiling_face_with_hearts,non-sarcastic
Battery than Star plus rolling_on_the_floor_laughing rolling_on_the_floor_laughing,non-sarcastic
plan aisa jise sirf samajhdar hi samajh sake,sarcastic
Proposal at Gateway of India! Said YES 💍😭 #Engaged,non_sarcastic
"Arre waah @Rahul, tune promise kiya tha aaj jaldi aa jayega. Matlab sirf 2 ghante late hai, impressive punctuality! #TimeManagement⏰",sarcastic
nain waha hota toh sidha marta enraged_face,sarcastic
had h tum kaise log ho jo tirnge aise kar rahe,sarcastic
lekin character to suor ki tarah. grinning_face grinning_face,sarcastic
tumache baapaache maana sharamene khaalee gele astil,non-sarcastic
sala khalistani yo pakistan ki nazayaj ulado,sarcastic
me uttara pradesha se hu ora me kehataa hu uttara pradesha kaa hindoo dogalaa hai,sarcastic
hyancha dana pani band kara....barobar linivar yetyat bagha.,non-sarcastic
jab babri masjid gyi no to nahi dikhi tum sab ko,sarcastic
aaba julay ma kaha tha chutiya orat,non-sarcastic
enraged_face enraged_face enraged_face enraged_face enraged_face enraged_face enraged_face,non-sarcastic
naga naga mhanataanaa paidaa jhaalelee avalaada,non-sarcastic
majahaba matalaba majaa lenevaalaa haba ( hub)hotaa hain aaja ye mullaa sabita kara rahaa hain majahaba men sirpha begama drooling_face people_hugging paidaa volcano hotee hain,sarcastic
Or do Congress ko vote face_with_tears_of_joy,sarcastic
rolling_on_the_floor_laughing rolling_on_the_floor_laughing rolling_on_the_floor_laughing rolling_on_the_floor_laughing rolling_on_the_floor_laughing rolling_on_the_floor_laughing,non-sarcastic
dhruv rathi tu abhi bachha hai..chaddi phenna sikh le...bap se mat takra,sarcastic
ky pn bolteya hi enraged_face enraged_face,non-sarcastic
ye nari sakti ni hai ye paisa ki sakti hai jo bjp ke through diya gya hai,non-sarcastic
lavadyaa maga he tulaa pahile samajale paaheejena hote. enraged_face enraged_face,non-sarcastic
sarkar bante hi ear sarkar to bjp ki bani naki congress,non-sarcastic
crying_face crying_face crying_face crying_face enraged_face enraged_face enraged_face enraged_face,non-sarcastic
Kadhar hai congress party rolling_on_the_floor_laughing face_with_tears_of_joy,non-sarcastic
mai hindoo hu triangular_flag triangular_flag triangular_flag triangular_flag triangular_flag triangular_flag,non-sarcastic
Mountain dew cross_mark Desi Daaru check_mark_button,non-sarcastic
jab bab ka rupay ho to ganda egg hi hota hai,sarcastic
Gravity ki maa ki ch** rolling_on_the_floor_laughing,non-sarcastic
ghe ghalun atta koni tari marun jail,non-sarcastic
"isakee aaee dee ko dasa dasa baara hara eka sanaatanee riporta karo,,,isakee to peedhiyaa bhee nahee bachaigee,,,chalo staarta ho jaao,,,",sarcastic
Dhurati chor shal glat bate bhut bol raha he fire fire fire rolling_on_the_floor_laughing rolling_on_the_floor_laughing rolling_on_the_floor_laughing rolling_on_the_floor_laughing rolling_on_the_floor_laughing rolling_on_the_floor_laughing rolling_on_the_floor_laughing rolling_on_the_floor_laughing rolling_on_the_floor_laughing,non-sarcastic
हिच्या भोकात पाय घातलं face_with_tears_of_joy face_with_tears_of_joy अन गांडीतून बाहेर काढला तरी पण तिचा दाणा फडफड अजूनही करतो face_with_tears_of_joy face_with_tears_of_joy हिला मागून पुढून दोन गाढवा लावा लागल तवा ये शांत होईल face_with_tears_of_joy face_with_tears_of_joy,sarcastic
hee kitee janaa barobara jhopata asala vichaara karaa...... jhavaadee,sarcastic
Golu bhai ki face_with_tears_of_joy face_with_tears_of_joy face_with_tears_of_joy face_with_tears_of_joy,non-sarcastic
face_with_open_mouth face_with_open_mouth face_with_open_mouth face_with_open_mouth face_with_open_mouth clapping_hands clapping_hands face_with_tears_of_joy face_with_tears_of_joy face_with_tears_of_joy,non-sarcastic
Jai Shree Ram folded_hands om folded_hands,non-sarcastic
yi kya ho rha hy hmary hinduistan mey,non-sarcastic
Gravity kaha gai isme loudly_crying_face loudly_crying_face,non-sarcastic
aare tumara kam ya he kya nafar felana ek na1kutee ki hulad ho tum news walo,non-sarcastic
lacknow ki tameez tehzeeb mashoor thi ab yeh hal ho gaya hai,non-sarcastic
tujhyaa uraavara raavana basavaavaa laagela bahooteka,non-sarcastic
Sabse bade dange tum media Wale hi karwate ho dharm k naam par wo bhi... face_with_tears_of_joy face_with_tears_of_joy,non-sarcastic
Sari mazzid ka naam batao ek ek ki ma chodni h face_with_tears_of_joy thumbs_up_light_skin_tone,sarcastic
Now change the gender and see,non-sarcastic
Modi ke fate condom ki beti hai ye winking_face_with_tongue grinning_face_with_sweat face_with_tears_of_joy face_with_tears_of_joy,sarcastic
yehi bat beta ek bar dongri akar bol sab ke samne face_with_tears_of_joy,non-sarcastic
Hindu o ko 3 yeah 4 karka baccha Lena chaiye raising_hands red_heart,non-sarcastic
"nisbah to butler: kuch acha sa khila do yar, har gaye! shoaib aakhter: tu rehem kha, rehem. oosi ke layak hai #aaoosvpaak",non_sarcastic
"aayodhya too abhi jhanki hai kashi, mathura baki hai trident_emblem",sarcastic
Bol bhi kon raha hai. Tihadi kahin ka face_with_tears_of_joy face_with_tears_of_joy face_with_tears_of_joy face_with_tears_of_joy face_with_tears_of_joy,sarcastic
beta tujhe tonjail nahi fasi dena chiye,sarcastic
beejepee to balaatkaaree hatyaare ko tikata diyaa hai usake baare men kyaa khyaala hai,non-sarcastic
dagada maaroona toocha cheekhala udavoona ghetalaasa,non-sarcastic
. fazool batein kr rahi hai ã°å¸ëœâ¡,non_sarcastic
Maa ka choot Allah Hu Akbar Jay Shri Ram red_heart red_heart,non-sarcastic
India India India India India India India red_heart red_heart red_heart red_heart red_heart crying_face crying_face crying_face crying_face,non-sarcastic
MADARSA CHAAP MULLE AATANKWADI HE H,non-sarcastic
Abi Rahul ni aaya hai face_with_tears_of_joy face_with_tears_of_joy face_with_tears_of_joy face_with_tears_of_joy,non-sarcastic
Chl chl nikal hawa ane de dalle face_with_tears_of_joy face_with_tears_of_joy face_with_tears_of_joy face_with_tears_of_joy,sarcastic
"eesme galat kya hai bhai ling ko nanga karke hindu ladkiya doodh chadhati hai sharmnak hai yeh isne toh nange long ko thakdiya, face_with_tears_of_joy",sarcastic
isake baapa ne kandoma yooja nahee kiyaa hogaa tabhee aisee nikkamee aulaada paidaa huee hai,sarcastic
aare yr ₹ mange ka tarika thoda kaleshi hai,non-sarcastic
isakee maan pe koee mulaa cha.dhaa hogaa jaya shree raama triangular_flag triangular_flag,sarcastic
"ye desh kha ja raha hai, we are secularism",non-sarcastic
isa taraha kaa aurata galatee se paidaa hotaa hai enraged_face,non-sarcastic
rt : virat kohli warming oop ! whoaaa pehli bar aaccha lag raha hai oose dekhke ã°å¸ëœâ€ºã°å¸ëœâ€šã°å¸ëœâ€š,sarcastic
"iske bap ko dekha hoga isane condom lagate huye ,khair us rat lagata to accha hota",sarcastic
Ye patrakar nahi aaya mangne ye bhi mahila hi h rolling_on_the_floor_laughing face_with_tears_of_joy face_with_tears_of_joy,sarcastic
nountain dew cross_mark darr ki ma ki chutt check_mark_button moai,sarcastic
face_with_tears_of_joy face_with_tears_of_joy face_with_tears_of_joy u deserve it thumbs_up,non-sarcastic
Bhai IPL mein 10 crore ka player out ho gaya zero pe. Paisa barbaad! 🏏 #CricketOverReality,sarcastic
70 sal tak bharat ko barbad karne ka kam kiya congress party ne jay shri ram triangular_flag,sarcastic
"mere hisaaba se thinking_face chalanaa lava.de apanaa kaam kara , bakachodee apane pillo ke saamane karanaa",sarcastic
yedajhavee baaee hi 12 chee aulaada enraged_face enraged_face enraged_face enraged_face,non-sarcastic
ye mahilaye nuslim hi kyo hote h,non-sarcastic
kutre lai mar khanar tu payane tudun marnar ek divshi tula,non-sarcastic
sikho ke nam pe kalank hi jo ase karte hi.......... enraged_face,non-sarcastic
Kon kon isko ache ache se gali dena ka man h or pathar ki jagah video bana ne chakar isse acha h tu koi 5 manjil ghr se kud rolling_on_the_floor_laughing rolling_on_the_floor_laughing,sarcastic
Bheek mangne k liye sabse pehle muslim hi gye face_with_tears_of_joy face_with_tears_of_joy face_with_tears_of_joy face_with_tears_of_joy,sarcastic
grinning_face_with_sweat grinning_face_with_sweat grinning_face_with_sweat grinning_face_with_sweat rolling_on_the_floor_laughing face_with_tears_of_joy,non-sarcastic
ye bhi bol ke jana ki me kuch ukhad nhi paya,sarcastic
hoti hai galati bhai. magar bawa bawa hai,non_sarcastic
Isss baar gyanvapi mosques ki bari face_with_tears_of_joy face_with_tears_of_joy face_with_tears_of_joy face_with_tears_of_joy,sarcastic
"ye toh bas trailer hai, picture abhi baaki hai face_with_tears_of_joy",sarcastic
or hum bhi hamare mandir wapas lete rahenge jese tumhare najayas bap ne humse chini thi,sarcastic
"There should be toilets named Dhruv Tatti, so that public can say, le mut diya proudly face_with_tears_of_joy",sarcastic
congress daga wait kare nodi ka tu katha chita nikal na tudu,sarcastic
Apne desh ki yh insult kr rhe hai aap kuch khte kyu nh bhaiya crying_face crying_face,non-sarcastic
"aisi padhi likhi jahilon ne hi ladies welfare laws ki dhajjiyan uda rakhi hain , lady hone ka najayz dabav bnati hain",non-sarcastic
"hi,wlc to khula hawa train uthna bethna paisa but marna apna risk mein skull skull moai moai",non-sarcastic
Ab dekho andh bakt ke sath choro kobhi rolling_on_the_floor_laughing rolling_on_the_floor_laughing Jai shree Ram triangular_flag triangular_flag modi ji jindabad,sarcastic
dhruv rathee tu one sided story bateke hum eendians ko pagal nhi bana sakta le moot diya tere study pr,sarcastic
It should be removed and government should not have any kind of control over temple's.,non-sarcastic
jab tak dhoni hai atleast main to chipka rahunga ..,non_sarcastic
Tu too abhi atankwadi hai. face_with_tears_of_joy,non-sarcastic
Hum hindu hai jay shree ram folded_hands folded_hands folded_hands folded_hands folded_hands folded_hands triangular_flag triangular_flag triangular_flag triangular_flag triangular_flag,non-sarcastic
to muslim bhi kitne ache hai face_with_tears_of_joy face_with_tears_of_joy,sarcastic
gf banane se educated ho jate hai face_with_tears_of_joy face_with_tears_of_joy chota pappu,sarcastic
naavaa saarakhacha hichyaa dokyaata pana aandhaara aahe,non-sarcastic
Koi line me Lage na Lage lekin ye 40 bachhe paida karne wali machine Zarur mil jayegi line me lagi face_with_tears_of_joy face_with_tears_of_joy face_with_tears_of_joy,sarcastic
Dhuruv is talking about sitting chief minister from Delhi. Not the jail before he became CM.,non-sarcastic
"garibo ke ye sab bahot galat hua, bas muft ka khane ki adat jisko hoti hai unka hal aaisa hi hota hai thumbs_up",sarcastic
cross_mark_button skull skull fire check_mark_button moai moai check_mark_button fire skull rolling_on_the_floor_laughing cross_mark cross_mark_button cross_mark_button skull fire,non-sarcastic
face_with_tears_of_joy face_with_tears_of_joy face_with_tears_of_joy face_with_tears_of_joy face_with_tears_of_joy face_with_tears_of_joy face_with_tears_of_joy,non-sarcastic
Nothing should be out of Supreme Court judiciary,non-sarcastic
face_with_tears_of_joy rolling_on_the_floor_laughing face_with_tears_of_joy rolling_on_the_floor_laughing face_with_tears_of_joy rolling_on_the_floor_laughing,non-sarcastic
"to hama kyaa apane aane vaale pee.dhee ko ye naheen bataaenge ki baabara ne hamaare mandira ko to.de aura vahaa masjida banaaee aura baada men vaapasa vahaa mandira banaane ke lie kitane jaana gavaae hamaare kaarasevakon ne ,kitane logo ko maaraa kaangresa aura mulaayama sarakaara ne | kitane sangharsha karane pa.de apane hee desha men taba jaakara ye mandira bana paaee korta ke phaisalon se |",sarcastic
Meanwhile Yamraj :: cheating cheating karta hai tou face_with_tears_of_joy,sarcastic
Chutya bna diya in sab ko face_with_tears_of_joy face_with_tears_of_joy face_with_tears_of_joy face_with_tears_of_joy face_with_tears_of_joy,sarcastic
Aj fasting chal rahi hai isliye kuch nehi bolungi slightly_smiling_face,non-sarcastic
toojhyaa aaeechyaa bhokaalaa tasalaa ra.cpa banavato kaa maga yeda jhavanyaa,sarcastic
Dhruv rathee tune vote dala hey Kya chutiye skull rolling_on_the_floor_laughing,sarcastic
Kya soch he re tire.. saluting_face face_with_tears_of_joy face_with_tears_of_joy face_with_tears_of_joy face_with_tears_of_joy face_with_tears_of_joy face_with_tears_of_joy,non-sarcastic
jo apni bahan ke sath kar sakta hai wo bahanchod hota hai,sarcastic
feedback system image form mein tha,sarcastic
kyu tera kya brigade kiya landbhakt,sarcastic
aapni gad ma apna land gusa la gadu,non-sarcastic
pakistan ja k apni m .....,sarcastic
Why do they doing this in another country face_with_tears_of_joy,non-sarcastic
ग्रेविट ki मां की ऐसी तैसी face_with_tears_of_joy ( न्यूटन) loudly_crying_face loudly_crying_face loudly_crying_face loudly_crying_face loudly_crying_face loudly_crying_face loudly_crying_face loudly_crying_face loudly_crying_face,sarcastic
sarakaara banane ke baad kiyaa thaa vaadaa sarakaara to banee hee naahee to paise kaise milenge yaaran face_with_tears_of_joy face_with_tears_of_joy face_with_tears_of_joy,sarcastic
wafq bahot jaldi banned hone wala hai aur illigal property ko government ke under ayegi..,non-sarcastic
aare murkho congress ki sarkar aaya hota tb na milta media wale congress ki buraiya batata hai biki media hai aj tak enraged_face,sarcastic
Aur do vote rolling_on_the_floor_laughing rolling_on_the_floor_laughing rolling_on_the_floor_laughing rolling_on_the_floor_laughing rolling_on_the_floor_laughing,non-sarcastic
or apne dharm ko bhi bachao aallah huakbar,sarcastic
Baap ke ni bhidte bete grinning_face_with_sweat grinning_face_with_sweat,sarcastic
Kis kisko Suhagraat ka wait hai see-no-evil_monkey shushing_face backhand_index_pointing_right backhand_index_pointing_right,non-sarcastic
5 star do nothing rolling_on_the_floor_laughing face_with_tears_of_joy moai,non-sarcastic
garva se kaho tuma loga hija.de ho hindoo hokara hindoo kaa virodha karate ho,non-sarcastic
at least andhbhakts can't say that Muslims in India run on govt's money,sarcastic
lagjao sb iske khilaf jese bhi ho,non-sarcastic
eendia eendia eendia eendia eendia eendia eendia eendia eendia eendia eendia eendia,non-sarcastic
Why are you expecting dhruv to involve in all of these!? What. He did here?,non-sarcastic
"Sirf Muslim Ladies he hai rolling_on_the_floor_laughing rolling_on_the_floor_laughing rolling_on_the_floor_laughing rolling_on_the_floor_laughing , pappu ne April fool banadeya, Rahul Gandhi ke Ghar jaoo Aur काटाकट - काटाकट lo",sarcastic
Padri bate kar raha hai mub khola hagna start face_with_tears_of_joy,non-sarcastic
Star star plus cross_mark instgram plus check_mark_button grinning_face_with_sweat,non-sarcastic
Next day: Waqf claimed supreme court,non-sarcastic
Terrorist spotted.. face_with_tears_of_joy Bolte rehna Tu bhi jail jayega aur tere bete bhi face_with_tears_of_joy,non-sarcastic
aaagar congress party jeete hai toh 8000 rupe agye ye toh sudhir chaudhary pata hai per sarkar ko neecha dekh rahi hai vo pagal hai kya enraged_face,sarcastic
Arey sir Rathee laterine kar diya face_with_tears_of_joy,non-sarcastic
aayyyyy for poverty aur tyre valo keliyeee,sarcastic
teri ma de shole ch lun,sarcastic
achhe din bas calendar mein likhe hain,sarcastic
aabe woo bhi tok ek hindu hai,non-sarcastic
aare hila awara koni ky faltu bai age,non-sarcastic
nountain dew dar ki ma ki choot,non-sarcastic
I am not understanding why the admin is asking to Godi media or YouTubers on contents they don't do or news they don't cover.... Respect for the lady red_heart,non-sarcastic
Kuch din do ....sab illegal wallo ko gira denge ....tumhari zubaan bhi Jai shree ram bolegi jab boldozer bahar khada kar denge face_with_tears_of_joy face_with_tears_of_joy face_with_tears_of_joy ....Jai Shree Ram,sarcastic
sakht karwahi hona chahiye is par,non-sarcastic
"mere zakhmon par namkeen hona hi tha toh hothon se laga lete, waise bhi chakna kam pad raha hai. #eershad",sarcastic
Cycled 50km for charity! Legs dead but heart full ❤️ #FitnessForACause,non_sarcastic
ero teri nasl ki bhn ko lolla face_with_tears_of_joy,non-sarcastic
Le kar de bolti band face_with_tears_of_joy face_with_tears_of_joy jai shri ram,sarcastic
impact assessment se pehle appreciation post,sarcastic
ghalun pan ek reel kadhaychi na mg,non-sarcastic
kuch na karke dar ki machodo skull,non-sarcastic
Puri video ki maa chod di gravity ne rolling_on_the_floor_laughing,non-sarcastic
rt : naine dant tod dena hai aarnab ke agar aur kisi ka resignation manga toh !!!,non_sarcastic
aaata tu pan ja atmadhey tyach laykicha ahe.....,sarcastic
tujhaa navaraa kona aahe aani konatyaa gaavachaa aahe he saangaa,non-sarcastic
pn banaye fir dekhaya kese khata khatak karta he,non-sarcastic
"njhy nahi pta k yah video cut k upload ki gai hai ya nahi, just want to clear eeslam mein yah haraam hai..",non-sarcastic
pehle ye batao bacce ko ghar ke bahar rakha kyu,sarcastic
harm ki pili teri maki chhud randi,non-sarcastic
naa to kaangresa paartee khaataa khatakhata khaate men paisaa degee aura naksha degee aura deloo bhoota,sarcastic
wha re behn ke lode face_with_tears_of_joy face_with_tears_of_joy,sarcastic
Cameraman cross_mark_button mummy ka helicopter check_mark_button,non-sarcastic
bolo ab mera yasu yasu haso meem banao dekho her telab me gandi machli hoti hai jo dusro k leyeh masla banti hai kesi k bhi mazhab ka mazak banana achi bat nhi baki kesi ko bora laga hu tu maf krna,non-sarcastic
thank god doll bach gaya crying_face,non-sarcastic
barabar hai condom sirf ling par hi lagate hai fir oh kisika bhi q na ho,sarcastic
Kabhi kuch na kr ke dekho + dar ke Ange jit h face_with_tears_of_joy,non-sarcastic
Specs red_heart from where did u order?,non-sarcastic
Achha hua dhruv rathee inke samne nahi aaya face_with_tears_of_joy,sarcastic
face_with_tears_of_joy face_with_tears_of_joy face_with_tears_of_joy face_with_tears_of_joy face_with_tears_of_joy face_with_tears_of_joy face_with_tears_of_joy face_with_tears_of_joy face_with_tears_of_joy face_with_tears_of_joy face_with_tears_of_joy face_with_tears_of_joy face_with_tears_of_joy face_with_tears_of_joy face_with_tears_of_joy face_with_tears_of_joy face_with_tears_of_joy face_with_tears_of_joy face_with_tears_of_joy face_with_tears_of_joy face_with_tears_of_joy face_with_tears_of_joy,non-sarcastic
hey shiv ji bcha liya triangular_flag,non-sarcastic
india secular hee nhi hona chahiye sirf hindu rashtra,sarcastic
"@SameerBhai ka reel viral hua, ab toh star ban gaya! ⭐",non_sarcastic
sirf ek aur rebranding session chalu,sarcastic
हिंदू है red_heart red_heart red_heart जय श्री राम red_heart red_heart,non-sarcastic
teri ma behn di lan saleya enraged_face enraged_face enraged_face enraged_face,non-sarcastic
Tum issi layak ho lelo khata khat paisa face_with_tears_of_joy grinning_face_with_sweat,sarcastic
gravity- mai madr... hu jo isme aya,sarcastic
Promotion mila! 🎉 Team ke saath party time 🍻 #CareerGrowth,non_sarcastic
wahh bjp kya logic hai face_with_tears_of_joy,sarcastic
Bhgg Bkl... Ye lo Moot diya Bhsdk Teri study mein rolling_on_the_floor_laughing rolling_on_the_floor_laughing,sarcastic
Mujhe garb h me hindu hu check_mark_button check_mark_button check_mark_button check_mark_button triangular_flag triangular_flag triangular_flag triangular_flag triangular_flag,non-sarcastic
𝙹𝚊𝚢 𝚜𝚑𝚛𝚎𝚎 𝚛𝚊𝚖 triangular_flag triangular_flag triangular_flag,non-sarcastic
to teri 36 avlade bhi kuch nhi ukhad sakti,sarcastic
MD nehru ki MKC face_with_symbols_on_mouth face_with_symbols_on_mouth,non-sarcastic
"Logically dekhen to wo ling he h face_with_tears_of_joy face_with_tears_of_joy face_with_tears_of_joy jokes apart - jb sanataniyon k baap ki party rapists and criminals ko ticket de skti h, to is ladki ne to esa kuch b ni kiya",sarcastic
Ha zaa2 middle class ahe mnje amhi lok class mde kdhich nahi bast mg ...,non-sarcastic
Is bhen ki laudi ko mardo red_heart fire fire,sarcastic
Kya chutiya h ye ....aise kisi ki bhi प्रॉपर्टी hadp skte h aur jisme high court bhi interfere nhi kr skta wah nehru bahut achhe same on uhh enraged_face,non-sarcastic
An educated person never speak such things they should know how the ram mandir was build by winning the case in supreme court you should first do your home work sister,non-sarcastic
jis din hinduo ka khoon khol udha to koi bhi nhi bachega,sarcastic
"Shukriya @CustomerCare, 2 hours wait for ‘Hello’ 🤙📞 #ServiceKing",sarcastic
tumhare jaisa CM har state mein chahiye,sarcastic
eendia eendia eendia eendia eendia eendia eendia eendia eendia jai hind,non-sarcastic
clip katna koi inse seekhe enraged_face,non-sarcastic
Loda daal diya rathi ke face_with_tears_of_joy face_with_tears_of_joy face_with_tears_of_joy,sarcastic
flushed_face flushed_face flushed_face flushed_face flushed_face flushed_face flushed_face flushed_face flushed_face flushed_face,non-sarcastic
rojagaara shikshaa bhee mudaa hai yaara,non-sarcastic
aura jaane kitane veera yoddhaa jo sabakee aisee taisee karadete the magara inakee vajaha se saale sabakee aukaata hojaatee kucha bhee bolane kee enraged_face,non-sarcastic
aabe nusalman ki jat madrachod apni man chod le vaise bhi tum log kutte ki jat hote ho,non-sarcastic
"thik ahe amhi shiv sena manat nahi, kuthe jaun thond dakhvshil ai asel na ghari , tya ai la vichar barobr bole ka",non-sarcastic
logo ke pass chutiya ki video dekhne k time kese milta ha,sarcastic
bhaaee sabhee yoo pee vaalo ko mata jo.do yaara triangular_flag triangular_flag triangular_flag,non-sarcastic
nedia ko kya hua hai hindu nuslim bas,sarcastic
aare toba toba tum gym mnao,non-sarcastic
bilkul qayamat taq wahi rahegi babri masjid,non-sarcastic
bhai ab tu naye naye account bana ke sona ko pareshan karega !!!,non_sarcastic
me bhi lene gya tha mujhe nhi mila face_with_tears_of_joy,non-sarcastic
"Jo dost bolte hain 'party dega,' woh saale pehle bhaagte hain jab bill aata hai. Friendship OP hai! 🍻😒",sarcastic
or yeh hramn khule am kese ghum sakti h.,non-sarcastic
Ap logo ke sath thik hi ho rha h.. Modi ji ke sath rho face_with_tears_of_joy face_with_tears_of_joy face_with_tears_of_joy face_with_tears_of_joy face_with_tears_of_joy face_with_tears_of_joy face_with_tears_of_joy face_with_tears_of_joy aish kuch nhi krna ho... Jai sri ram folded_hands folded_hands,sarcastic
Mountain dew cross_mark tune kuch nahi Kiya cross_mark_button,non-sarcastic
aabe tu chl aabe tu chl be,non-sarcastic
too ekaa baapaachee aaoolaada naaheen baaraache,non-sarcastic
kbhi chai pr bulao rathee ko sudhanshu ji ke sath me skull,non-sarcastic
oop ke hijde gujrati madhyapradesh proud feel triangular_flag triangular_flag triangular_flag,sarcastic
yeh sab ek bade masterplan ka hissa hai,sarcastic
muslima aurate bheekha ke liye kucha bhee kara sakatee hai,sarcastic
aabhi unki sarkar bani nhi hai bhai,non-sarcastic
Hamara chpdo aap ko tho tension shur huva kya bhai face_with_tears_of_joy,sarcastic
देश का बजट ४० लाख करोड़ है और देश कि अंदाजन महीला ६५ लाख होगी.. तो १ लाख साल का देना हो गा तो ६५ लाख करोड़ रूपये लगेगें rolling_on_the_floor_laughing rolling_on_the_floor_laughing rolling_on_the_floor_laughing यूवावो का गिना नहीं rolling_on_the_floor_laughing rolling_on_the_floor_laughing rolling_on_the_floor_laughing,sarcastic
Vaishno devi shrine board Kay Kay pass hai ... Which is autonomous... YouTube Gyan bekar,non-sarcastic
"After 2 kids , govt should stop giving them citizenship",sarcastic
Leftists logo ko bura lagega yeh video face_with_tears_of_joy,non-sarcastic
"oonki sarkar bana hai , godi nedia .",sarcastic
"Friend ne birthday pe surprise diya, ab badle mein kuch special karna toh padega hi. Friendship duties! 🎂🥳 #FriendsForever",non_sarcastic
nain to ye soch raha hun ki ye congress kitni badi harami party hai,non-sarcastic
Link bhi do sath inki amma k liye hum hai smiling_face_with_horns,sarcastic
naut ko chu ke tak se wapis,non-sarcastic
bda he bekar anchor he mahol shant chal rah h brdash nahi ho raha kiya ...uksane me lage huwe hn k ao jhagda kro....hindu mslim bhai bhai jay hind jay bharat clapping_hands,sarcastic
Heart touching video cross_mark kidney touching video check_mark_button,sarcastic
tujhyaa puchita paanee ghaalaayalaa kaaya hota,non-sarcastic
aaunty be like newton ki ma ka bhosda,sarcastic
lode ka bal hai yee hundred_points face_with_tears_of_joy news wala,sarcastic
tu dalal hai ye ham jante hai bikaaoo midia,sarcastic
ballu jel se farhar skull moai,non-sarcastic
aaye hai bhai uske support me bhot aaye hai,non-sarcastic
tujhe paisa diya hai eyh sab karke jhagda lagana,non-sarcastic
eka vaishyaa ko hee kandoma kee ahamiyata pataa hogee naa... face_with_tears_of_joy,non-sarcastic
agara musalamaana tuma itane hee achche ho to isako gaalee kyon naheen de rahe ho tumhaaree himmata naheen ho rahee kucha bolane ke lie kamenta baॉksa se ekadama gaayaba ho chupa gae ho,sarcastic
#sushmandhare you opened doors of hell for yourself. balasaheb ka nam duba diya is shivsena ke logo ne. satta ke lalach mein gatar ban gaye ho tum sab nirlaj log..,non-sarcastic
relex mitron ......isa saala aakhira taka ye vaphpha bhee khatma ho jaaegaa ..... smiling_face_with_heart-eyes,sarcastic
face_with_tears_of_joy face_with_tears_of_joy face_with_tears_of_joy face_with_tears_of_joy face_with_tears_of_joy face_with_tears_of_joy,non-sarcastic
yoopee vaalon ne raamachandra jee ko phira vanavaasa de diyaa|,non-sarcastic
This is wrong respect all flags,non-sarcastic
face_with_tears_of_joy yrr dhruv ke chamcho pe v mut diya face_with_tears_of_joy,sarcastic
UP cross_mark MP check_mark_button GUJRAT check_mark_button,non-sarcastic
ddar mi ma ki chu cross_mark dar ki 5 bar ma ki chu,non-sarcastic
oosaata paidaa jhaalelee olaada aahe hi kitee janaachee aahe,sarcastic
bhagwan ap ka bhut bhut thanks muje hindu bnaya triangular_flag triangular_flag triangular_flag triangular_flag,non-sarcastic
1 desee kaa pauaa andara dara kee #######,non-sarcastic
4 june ke bad sab khatam skull_and_crossbones,non-sarcastic
enraged_face enraged_face enraged_face enraged_face enraged_face This Nehru laid the foundation,non-sarcastic
face_with_tears_of_joy face_with_tears_of_joy face_with_tears_of_joy face_with_tears_of_joy face_with_tears_of_joy face_with_tears_of_joy face_with_tears_of_joy,non-sarcastic
tumhara leadership style web series ke laayak hai,sarcastic
kejriwal : hum us runout ki cbee janch karwaengey ! #eendvspak #bleedblue,sarcastic
face_with_tears_of_joy face_with_tears_of_joy face_with_tears_of_joy face_with_tears_of_joy face_with_tears_of_joy face_with_tears_of_joy,non-sarcastic
ese to patthar hi to hai mut bhi lo uske upar kya hi ho jayega,sarcastic
"ghar main aagarbatti din main do bar use hoti hai. pooja important hai but ""pooja ""aarchana sadhana etc nahi. #gstcouncil #gst",non_sarcastic
eendia eendia eendia saluting_face saluting_face saluting_face saluting_face,non-sarcastic
hamaare modee jee hee achche hain jaya shree raama vande maatarama,sarcastic
मोदी जैसा कोई नहीं folded_hands triangular_flag triangular_flag triangular_flag triangular_flag,sarcastic
tu bhi marega owaisi ruk tera beta b ram ram bolega,non_sarcastic
andar se toote hue log bahar se motivational speaker,sarcastic
"Street ka chaat khaaya @DelhiEats, pet mein bomb phat gaya, b#ch quality! 🤢",sarcastic
Wo sab chodho aap to ZEE NEWS mai the face_without_mouth . AAJ TAK mai kese aaye skull,sarcastic
Facts are facts... Faisla se pehle border k par aap bhi hoge iss hisab se?,sarcastic
randi samaana goshta bolunaye oodava saaheba aashimaanaseaapale panshaamadhe thevale tarapansha sanpala aase nankeehonaara,non-sarcastic
Bas tum kitni padhi likhi ho dikh gya … face_with_tears_of_joy face_with_tears_of_joy face_with_tears_of_joy MP ke pass koi power nahi hoti to victory sign bana ke kyu dikha rathe they ..anpad ..nitish kumar and chandrababu naydu se pucho jake btaenge power kya hoti mp ki,sarcastic
prank kiye apke sath samne camera dekh kr hath hila dijye,sarcastic
agan ra*** too aamhaalaa shikavate kaa raama bhaktaannaa tujhyaasaarakhyaa raandaannaa mee maana naahee deta aamhee jara aamachyaa laayakee madhye aalo tara tujhyaasaarakhyaa raandaannaa budhavaara petha madhye neoona basoo shakato,sarcastic
aare lalchiyon 70 salon se paisa nahin diya aur kya paise denge aur dohe gandhi ko paise dega,sarcastic
"Weekend pe Netflix binge ka plan bana ke rakha tha, but boss ne last minute kaam pakda diya. Zindagi ki tragedy! 😭🍿 #WorkLifeBalance",sarcastic
saba se jaadaa desha ke gaadara beejepee vaale hai,non-sarcastic
comfortable sab hote hai bus tu hee idhar udhar hath lagata hai,non-sarcastic
to desh se nikalna padega bolne k liye,sarcastic
gravity ko paisa khela di hai kya,sarcastic
bade aaram sy + darr ky age jeet hai,non-sarcastic
Yhi baat nakab hta ke bolti dum hai to face_with_tears_of_joy,non-sarcastic
Abe wo bharat nhi chlata face_with_tears_of_joy,sarcastic
"koi bat nahi, jaha bol rahe waha ek aaur mandir bana denge",sarcastic
yah donon teena-teena sau rupya me de degi,non-sarcastic
Ab isse bhi fatne lagi face_with_tears_of_joy face_with_tears_of_joy face_with_tears_of_joy face_with_tears_of_joy,sarcastic
tum medica wala isiliye har jagah mara jata ho jala ag failao,sarcastic
hama asalee hindoo he musalamaana se dare hue beejepee ke gulaama nahee,sarcastic
Do nothing + daar ki ma ki ch**t check_mark_button moai,sarcastic
woozy_face woozy_face woozy_face woozy_face ise hindu muslim ke siwa or kuchh or nahi ata kya ....kidhar yaqub nemon ..daood ibhrahim ...or kidhar munavvar faruqui ...ye konsa sasta nasha kar ke ata he yar,sarcastic
maine to nahi lagayee,non_sarcastic
Sudhir Chowdhury desh ke liye bawaseer anchor hai face_with_tears_of_joy,sarcastic
भैया हम कुछ नहीं बोलेंगे अगर मैंने कुछ बोला तो आप विवाद हो जाएगा face_with_tears_of_joy face_with_tears_of_joy face_with_tears_of_joy face_with_tears_of_joy face_with_tears_of_joy face_with_tears_of_joy,non-sarcastic
ye sari ladai linga ke upara hee hai,non-sarcastic
kute ka kam bhokhna hi hota hai agar ye chup ho gya to bhokega kon face_with_tears_of_joy face_with_tears_of_joy,sarcastic
bhai ab kr tu he kch,sarcastic
Dhruv rathee toh bade wala chutiya,sarcastic
gravity gayee ma chudane aisa kuch hota hi nahi hai,non-sarcastic
Jai shree ram red_heart red_heart red_heart red_heart,non-sarcastic
nuslman ki nasl hi khrab hain enhe jine ka koi hak nhi,sarcastic
sale chapri lund ke bal dhruv,sarcastic
Gravity baad me cross_mark nautanki pehle check_mark_button,non-sarcastic
Jay shree Ram जय बजरंग जय हिंदुराष्ट्र Jay shivay red_heart,non-sarcastic
jo tere bat karte ho to dimag kharab kyon nahin kar sakta kya,sarcastic
please share your knowledge upon this,non-sarcastic
enraged_face enraged_face enraged_face enraged_face enraged_face enraged_face,non-sarcastic
aallaha hu akbar green_heart green_heart green_heart green_heart green_heart green_heart green_heart,non-sarcastic
hilaa aapalyaa hindoonnee hichee jaagaa daakhavaleecha paahije..,sarcastic
Transliterated_Comment,sarcasm_label
"""Everyone please support DIGITAL SATYAGRAH for the justice in NEET 2024 scam and file the RTI folded_hands",non-sarcastic
nauntndew dr ki ma ki chut,non-sarcastic
devee devataancha clapping_hands . soda aamhee yeto tujhyaa javala chaalala kaa,non-sarcastic
Babar chakka tha ye kyo nhi bolte face_with_tears_of_joy face_with_tears_of_joy face_with_tears_of_joy,non-sarcastic
aasi hi drafting sikhni hai grinning_face,non-sarcastic
"haha, sab karte hai",non_sarcastic
chutiye log … nha chutiye log,sarcastic
tujhaa daanaa jhavalaa kachaa kachaa chinaala raanda,non-sarcastic
face_with_tears_of_joy face_with_tears_of_joy face_with_tears_of_joy face_with_tears_of_joy tumara record khatam fire fire fire fire,sarcastic
आता खा गुळीगत बुक्की face_with_tears_of_joy face_with_tears_of_joy,non-sarcastic
sirf nuslim ko diya ja rha h kya yha par to koi bhi hindu dikh nhi rha h face_with_tears_of_joy,sarcastic
He will tell all real truths skull skull skull because he have so many fathers they will tell him this truths face_with_tears_of_joy face_with_tears_of_joy face_with_tears_of_joy face_with_tears_of_joy rolling_on_the_floor_laughing rolling_on_the_floor_laughing,non-sarcastic
face_with_tears_of_joy face_with_tears_of_joy face_with_tears_of_joy face_with_tears_of_joy face_with_tears_of_joy face_with_tears_of_joy face_with_tears_of_joy face_with_tears_of_joy,non-sarcastic
"Abe andhbhakt bkl wo ""sitting cm"" bol raha hai qki Kejriwal ne resignation nahi diya hai. GAWAR clown_face clown_face clown_face",sarcastic
अयोध्या वाले रामभक्त है check_mark_button अंधभक्त नहीं है cross_mark face_with_tears_of_joy,non-sarcastic
Everyone say Jaa na l rolling_on_the_floor_laughing,non-sarcastic
enraged_face enraged_face enraged_face enraged_face enraged_face enraged_face enraged_face enraged_face enraged_face enraged_face enraged_face enraged_face,non-sarcastic
lgi to taerae mae h jo comment pae sbsae phlae reply krnae kuda face_with_tears_of_joy face_with_tears_of_joy,sarcastic
Bharva Giri karna band karo bhai face_with_open_mouth,sarcastic
mujhe to ek bhu muslim ka camment ni dikh rha,non-sarcastic
Sarkar to bana nhi to pesa q de face_with_rolling_eyes,sarcastic
jindabad kise bol rhe ho wo to tudwadi bolo jai shree ram,sarcastic
Bhai ne kya phone neechye kiya hai last me rolling_on_the_floor_laughing rolling_on_the_floor_laughing rolling_on_the_floor_laughing rolling_on_the_floor_laughing rolling_on_the_floor_laughing,non-sarcastic
thumbs_down thumbs_down thumbs_down thumbs_down thumbs_down thumbs_down,non-sarcastic
tum sabko dub mar jana chahiye,sarcastic
ye sare paise rakh le aur meri suhagrat pe national anthem mat,sarcastic
that means you are saying it’s ok to have so many kids….bhai waise hi gareeb dikhra h ye….upar se itne bacche kar liye …laga dega unko cycle ki dukan pe,non-sarcastic
Support BJP and they will be Remove the waqf board,sarcastic
rolling_on_the_floor_laughing rolling_on_the_floor_laughing rolling_on_the_floor_laughing rolling_on_the_floor_laughing rolling_on_the_floor_laughing aur do Papu ko vote ...aapko Papu bana deya grinning_face_with_smiling_eyes grinning_face_with_smiling_eyes grinning_face_with_smiling_eyes grinning_face_with_smiling_eyes,sarcastic
Ye congress valo ne he ye sb mia hai,sarcastic
Mountain dew darki maa ki bhosda face_with_tears_of_joy face_with_tears_of_joy,sarcastic
doguloo hinduo saram to nhe aye hoge na tumhe gulami kran pasand hai tum bo he kroge ya jatiyo me batana hai tumhe us modi us bjp se us ram se mafi mangni chahiye tumhe,sarcastic
ruk jawo uska bhi no. hai,non-sarcastic
lagataa hai mahilaaon ko kaanoona milaa huaa hazama naheen ho rahaa hai,sarcastic
eka ora vaadaa kiyaa thaa aalu se sonaa banaaugaa,non-sarcastic
5star+ Appy Fizz rolling_on_the_floor_laughing rolling_on_the_floor_laughing rolling_on_the_floor_laughing,non-sarcastic
Dar ki maa ki chut check_mark_button rolling_on_the_floor_laughing rolling_on_the_floor_laughing rolling_on_the_floor_laughing rolling_on_the_floor_laughing rolling_on_the_floor_laughing,non-sarcastic
ye to khuda bangaalee veba seereeja kee nangee aurata hai,sarcastic
jali na teri bhi jali (jaaee shree raan) triangular_flag triangular_flag triangular_flag triangular_flag triangular_flag triangular_flag triangular_flag triangular_flag triangular_flag triangular_flag triangular_flag triangular_flag triangular_flag triangular_flag triangular_flag triangular_flag triangular_flag triangular_flag triangular_flag triangular_flag triangular_flag triangular_flag triangular_flag triangular_flag triangular_flag triangular_flag triangular_flag triangular_flag triangular_flag triangular_flag triangular_flag triangular_flag triangular_flag triangular_flag triangular_flag triangular_flag triangular_flag triangular_flag triangular_flag triangular_flag triangular_flag triangular_flag triangular_flag triangular_flag triangular_flag triangular_flag triangular_flag triangular_flag triangular_flag triangular_flag triangular_flag triangular_flag triangular_flag triangular_flag triangular_flag triangular_flag triangular_flag triangular_flag triangular_flag triangular_flag triangular_flag triangular_flag triangular_flag triangular_flag triangular_flag triangular_flag,sarcastic
Kaha h ?? Majid dikh nhi rhi ho rolling_on_the_floor_laughing rolling_on_the_floor_laughing rolling_on_the_floor_laughing rolling_on_the_floor_laughing,sarcastic
"@Shivam tujhe pata hai kya, tera suggested playlist sunke mera mood pura set ho gaya!🎶❤️",non_sarcastic
team ne kaam kiya ya sirf video banaya?,sarcastic
ek samay aisa b ayega jb ye kisi gadi k neech ayega,non-sarcastic
5star +mountain dew cross_mark desi daru check_mark_button face_with_tears_of_joy,non-sarcastic
good question person_raising_hand fire fire clapping_hands clapping_hands clapping_hands clapping_hands face_with_tears_of_joy face_with_tears_of_joy face_with_tears_of_joy,non-sarcastic
I Love you Rahul Gandhi red_heart red_heart smiling_face_with_heart-eyes,non-sarcastic
Chalta firta Google fire sudhanshu Trivedi fire fire fire,non-sarcastic
Kesh nhi mamla niptao fire fire fire Jai shree Ram clapping_hands clapping_hands,sarcastic
"adhooraa j~naana mata diyaa karo , supreema korta ke andara men aataa hai vakpha borda check_mark_button",non-sarcastic
Or Rathi bhaii....aa gya swaad?! face_with_tears_of_joy,sarcastic
policy update sirf notification tak limited,sarcastic
1 lakh ke chakkar men vot face_with_tears_of_joy face_with_tears_of_joy face_with_tears_of_joy,sarcastic
Newton be crying in the corner,sarcastic
kash veerji isko 4 chamat lagate.. kash... aapni masti ke loye doosro ki life ko risk me dalna.. galat hai... clapping_hands,sarcastic
dar ki man ki chut moai fire skull check_mark_button,non-sarcastic
"Ab bolo na, proud to be muslim bc face_with_tears_of_joy",sarcastic
hindoo muslima karane vaale hija.de ro rahe hai| desha ke sachche hindoo muslima khushee manaa rahe hai| check_mark_button check_mark_button red_heart red_heart face_with_tears_of_joy,sarcastic
Bolte rahna Jai shree ram folded_hands,non-sarcastic
Jai shree Ram fire fire triangular_flag triangular_flag triangular_flag triangular_flag triangular_flag triangular_flag,non-sarcastic
Sale ko thok Diya hota to hath se hila bhi nai pata face_with_tears_of_joy face_with_tears_of_joy,sarcastic
Thik hai fir 40000 mandir hame waps lenge folded_hands tiger_face,sarcastic
sahi bole owesi sahab kyuki agar tumharai mandir ko tor ke waha masjid bana de jay to tum bhul jaoge na ......,sarcastic
Sudhir Chaudhary ki gaand jal gyi face_with_tears_of_joy,non-sarcastic
clapping_hands clapping_hands clapping_hands clapping_hands rolling_on_the_floor_laughing rolling_on_the_floor_laughing rolling_on_the_floor_laughing rolling_on_the_floor_laughing rolling_on_the_floor_laughing jay shree ram ji triangular_flag triangular_flag triangular_flag triangular_flag triangular_flag triangular_flag,non-sarcastic
Jali na teri bhi jali na har koi gangster nahi hota samje jaruri nahi ki mahol dekh kar inshaan bhi essa hota he kuch kuch munawar jaise nikal jate he rolling_on_the_floor_laughing ab to bolenge hi Naa muslim ladke ne trophy jiti he rolling_on_the_floor_laughing rolling_on_the_floor_laughing rolling_on_the_floor_laughing rolling_on_the_floor_laughing rolling_on_the_floor_laughing,non-sarcastic
hilaa bhaarateeya sanskrritee maaheeta naahee ingrajaanchee randee,sarcastic
godee enkara saale kisa duniyaa me ho kaagresa aaegee tero .....maaregee bhee,sarcastic
tu kona kona sobat zoplos jhavlis te bagh pahile rand kuthli ki,non-sarcastic
Jai Shri Ram red_heart red_heart red_heart red_heart,non-sarcastic
Transliterated_Comment,sarcasm_label
tumako iseelie to bhaarata virodhee bolaa jaataa hai tumako khaalistaaniyon kaa paisaa chaahie panjaaba jeetane ke lie tumako musalamaana kaa korta kaa saporta chaahie dillee men rahane ke lie aura tuma baakee raajyon men bhee yahee koshisha karanaa chaahate ho iseelie to bhaarata ke lie bhaarata men rahane vaale tuma jaise netaaon se hee khataraa hai,non-sarcastic
hayaa bhikaara baaeechee bakavaasa baghaayalaa jaanaare ekadama tichyaacha laayakeeche,sarcastic
Sukhe nashe cross_mark mountain dew check_mark_button,sarcastic
oop se hu....lekin np walo pe proud feel horha h,sarcastic
Gyanbapi is on the way face_with_tears_of_joy,non-sarcastic
Indian. Siriyal. Ko bhi peeche kardiya. Didi ne. face_with_tears_of_joy,non-sarcastic
oop ko aise gawar cm mila hai tabhi up ke logo ke pass na jobs hai na hospital hai na school tabhi up vale har jagh dhakke khate hai delhi mumbai har jagah bhikh mangte hue dhikhte hai,non-sarcastic
ध्रुव राठी की ma चुध गई है face_with_tears_of_joy face_with_tears_of_joy,non-sarcastic
Jai shree ram red_heart red_heart red_heart,non-sarcastic
Gravity me slow motion Fattar he unity ji ka speed he face_with_tears_of_joy face_with_tears_of_joy,non-sarcastic
Kidney mein heart attack aagya face_with_tears_of_joy,non-sarcastic
This technique achieve million of likes and comments rolling_on_the_floor_laughing rolling_on_the_floor_laughing rolling_on_the_floor_laughing rolling_on_the_floor_laughing rolling_on_the_floor_laughing rolling_on_the_floor_laughing rolling_on_the_floor_laughing,non-sarcastic
Bhai be like as if he has infinity infinity lives,non-sarcastic
ye news walo ko ye on the spot wali lg rhi hai or ye jo gali de rhi. hai gndi gndi abhi koi ldka hota to uske uper na jane kitne case lg gye hotei ldki se gali galauj krne ke duniya bhr ke case check_mark_button,non-sarcastic
aak to nakhli baccha ko dhup mai rakh ka ya jo niyati gandi over acting ki h na chi chi chi grimacing_face grimacing_face bhai durso ka bhi dhaiyan kro hm ya sb kese dekhanga crying_face crying_face,non-sarcastic
nehru ji ne jo kiya sahi kiya,non-sarcastic
Up wale cross_mark bhosdi wale check_mark_button,sarcastic
bhurkha boor me dalo or mera lauda muha me,non_sarcastic
And the police are letting them do this,non-sarcastic
Ab kyu ni dhruv rathi bol rha h koi bta skta h ky thinking_face face_with_tears_of_joy,non-sarcastic
Vo kamsutra condom use karte the,non-sarcastic
Mountain dew baby_bottle + बीड़ी moai check_mark_button face_with_tears_of_joy,non-sarcastic
Proud To be Muslim vale kidhar gye face_with_tears_of_joy face_with_tears_of_joy,sarcastic
sardar ji tote tote kardene the is chapri ke,non-sarcastic
साले को जलन हो रही है face_with_tears_of_joy face_with_tears_of_joy,sarcastic
मुझे गरव है कि मैं हिंदू हूं check_mark_button check_mark_button triangular_flag,non-sarcastic
Language kaisi hai dimag me busaa bhara hoga face_with_tears_of_joy face_with_tears_of_joy,non-sarcastic
hila udhav ch bunnni chatta mhana ani ani tya udhav la pan tich bilik chatat basa mhan............. naada fhakt ekanaatha,non-sarcastic
Meri List To 200 Paar Kargai grinning_face_with_sweat face_with_hand_over_mouth,non-sarcastic
check_mark_button check_mark_button rahul crying_face crying_face crying_face,non-sarcastic
Le mooth Diya tere German shepherd ke jhuth facts pe rolling_on_the_floor_laughing rolling_on_the_floor_laughing rolling_on_the_floor_laughing,sarcastic
Aabe saale mulle gaandu angry_face angry_face enraged_face enraged_face enraged_face,non-sarcastic
sudhanshu trivedi ji ke samne lao dhruv ko aur bad me uski bolti band kar denge trivedi ji,sarcastic
tum kisi ko muh tk dikhane kayak ban jao pehle raising_hands folded_hands om,sarcastic
ky laja viklyat rao hyani hi ek to zavad ek hyana kharach jivant narla pahije chabukani te pn hichya tondat ukalta tel n mirchi taka,sarcastic
Rahul Gandhi is Educated India red_heart People are not fool to not understand this is done because yesterday Rahul Gandhi exposed Modi. Reverse Uno to fool people,sarcastic
Jay shree ram triangular_flag triangular_flag heart_suit,non-sarcastic
25 laakha to die nahee modee ne,non-sarcastic
tu bole le tere pass munh nahin hai kya har sawal ka jawab dusra hi dega kya jinke pairon ke niche hamara jhanda hai vah bhi to eendian hi hai,sarcastic
triangular_flag triangular_flag triangular_flag triangular_flag triangular_flag hindu triangular_flag triangular_flag triangular_flag triangular_flag triangular_flag,non-sarcastic
tujhyaa aaeechyaa puchcheeta maajhaa lavadaa ghaatalaa aani tujhyaa pana puchcheeta landa choke,non-sarcastic
"Finally finished reading 'Atomic Habits', amazing book hai yaar—highly recommended.📖👍 #SelfImprovement",non_sarcastic
Please help us to remove this waqf board folded_hands support Modi ji,non-sarcastic
aare bhai gasti ke pille ko kya btaoge khi rande khane me topa liye fir rhe hoge,sarcastic
Ch*dgi ch*dgi bolne ka tarika thoda casual tha beaming_face_with_smiling_eyes,sarcastic
Ye Bangladesh Bangladesh nahi hai slightly_smiling_face thumbs_up,sarcastic
mhanaje haa vedaanta aagravaala naahee ?,non-sarcastic
Babar toh pahunch gaya ram ji ka Naukar banne ke liye face_with_tears_of_joy face_with_tears_of_joy,non-sarcastic
jay shri ram triangular_flag garv se bolo hindu hai hum,non-sarcastic
Abi Rahul ni aaya hai face_with_tears_of_joy face_with_tears_of_joy face_with_tears_of_joy face_with_tears_of_joy,non-sarcastic
gussa jis pe utarna hai uske upar utaro lekin country ke flag sath nahi..ok..,non-sarcastic
main scooter ke aage khadi hoti thi ... to papa samne dekh nhi pate the .. hehehe,non_sarcastic
No waqf board. Not at all,non-sarcastic
Inko hospital pe delivery band ho to population band ho jaye ga,sarcastic
tujhee aavakaata aaheta kaa prabhu shree raama badala bolaayachee thumbs_up hundred_points,non-sarcastic
Ye karnama bhi band hoga chart_increasing face_with_tears_of_joy,sarcastic
hee kaa ashee kaa bolate naalaayaka baaee,sarcastic
Ab jao rahul gandi ke ghar me uske bistar par 50 lakh dega.lalach ise hi kahte hai.jago Hindu jago abhi bhi time hai.dekh rhe hai na pese ka lalach kisko h.bura lage to SORRY OR acha lage to like/comments kre winking_face_with_tongue winking_face_with_tongue winking_face_with_tongue winking_face_with_tongue winking_face_with_tongue,sarcastic
Ab lo khata khat face_with_tears_of_joy check_mark_button,sarcastic
Heart touching video cross_mark Heart attack video check_mark_button loudly_crying_face,non-sarcastic
pulisa se pangaa lenaa matalaba teree pooree jindagee teree laaipha barbaada ho jaaegee too ghara se baahara bhee naheen nikala sakataa hai,non-sarcastic
dushman to khud tumhare ghar me hain tumari ejjat ke dushman bachke rehna,non-sarcastic
Mulhe apni mummy ke sath bhi karle enraged_face enraged_face,non-sarcastic
Ha bhai German shepherd kaha h ab bol face_with_tears_of_joy face_with_tears_of_joy,non-sarcastic
How focused he is moai skull fire,non-sarcastic
Sahi hai popleshan control ka sms hai,non-sarcastic
inhe Education provide honi chiye by any mean map_of_Japan,non-sarcastic
aatankwadi ke pille h ye sab crying_face,non-sarcastic
kindly bless us with your opinion on this.,non-sarcastic
5 star eat do nothing check_mark_button,non-sarcastic
tum log har bar kehte ho ki badlav aayega,sarcastic
face_with_open_mouth face_with_open_mouth gravity gyi m chudane salam hai is ma ko face_with_tears_of_joy face_with_tears_of_joy,non-sarcastic
do nothing dar ki na ki ch,non-sarcastic
nadhar chot balo tum eendia ko batman kor ra heho,non-sarcastic
e sab me sirf muslim kio hi,sarcastic
Dimag pichwade me h kya triangular_flag face_with_tears_of_joy,non-sarcastic
"project file me sab perfect, ground pe zero",sarcastic
Shame on aaj tak and shame on the anchor. This should be considered a hate speech with the intent of hurting sentiments of indian muslims,non-sarcastic
sandesha khaalee vaalaa ghatanaa eka baara chaahataa hoon main uttara pradesha men,non-sarcastic
Thoda aur late dekhti loudly_crying_face rolling_on_the_floor_laughing,non-sarcastic
I hope atleast Modi Govt will take care of this....in his 3rd term.... angry_face,non-sarcastic
Sb k sb desh se bhr niklege y muslim agr iski bt suni to face_with_tears_of_joy,sarcastic
lagta hai song isko dekh kr hi banaya hai iski bhehan ke maje maje face_with_tears_of_joy,sarcastic
smiling_face_with_heart-eyes smiling_face_with_heart-eyes smiling_face_with_heart-eyes Correct hundred_points hundred_points,non-sarcastic
fire fire fire fire fire fire fire fire fire,non-sarcastic
Wah Saif bhai fire fire rolling_on_the_floor_laughing rolling_on_the_floor_laughing,non-sarcastic
aare yar kom se kom 2- 4 din to do,non-sarcastic
Jaldi jao dhokebaazo 1 lakh rupye mil rahe khata khata face_with_tears_of_joy face_with_tears_of_joy,sarcastic
Bhosdiwale doctor ne 10min mein 10 tests prescribe kar diye. Commission ki bhook! 🏥 #MedicalMafia,sarcastic
ग्रेविटी की माँ का भो**ड़ा face_with_tears_of_joy,sarcastic
Iski Gand m aag lag gyi face_with_tears_of_joy face_with_tears_of_joy face_with_tears_of_joy,sarcastic
to kya hua ab thoda wah atewagi hai,sarcastic
nansik santulan hila hua h lagta h crying_face,non-sarcastic
"ye yahee loga hai jinako modee saahaba ne 3 saala pahale pakkaa makaana banaa ke diyaa thaa… unhone koee vaadaa naheen kiyaa thaa phira bhee bijalee, nala, sadaka, ga.csa pakkee makaana shikshaa, rojagaara saba diyaa aura aba ye loga 1 laakha rupaye lene ko khaangresee vidhaayako ken ghara ke saamane jaakara baitha rahee hai face_with_tears_of_joy para inako kyaa maasuma pradhaanamantree aadaraneeya modee jee apanaa 3 ree baara kaa bhee kaaryakaala puraa karane jaa rahe hai red_heart",sarcastic
Brick brick ne achi acting ki.. grinning_face_with_sweat face_with_tears_of_joy,non-sarcastic
tu kona sobat hedle ame baghetla ka,non-sarcastic
nodi ne sab bekar kar diya,non-sarcastic
"New iPhone launch today! Saving since 2 years, finally khareed liya 📱❤️ #GadgetLover",non_sarcastic
Chaaaatuuuu face_with_tears_of_joy face_with_tears_of_joy face_with_tears_of_joy face_with_tears_of_joy face_with_tears_of_joy face_with_tears_of_joy,non-sarcastic
Guh kha le wo bhi tera hi hota hai rolling_on_the_floor_laughing rolling_on_the_floor_laughing,sarcastic
You will get Babaji's thullu rolling_on_the_floor_laughing rolling_on_the_floor_laughing rolling_on_the_floor_laughing,sarcastic
jai shri ram ji shiya ram ji,non-sarcastic
"nodi ji dekhiye,in logo ka kuch hoga ki ni,,, eendia eendia jaya shree raama",sarcastic
rolling_on_the_floor_laughing rolling_on_the_floor_laughing backhand_index_pointing_right backhand_index_pointing_right face_with_tears_of_joy face_with_tears_of_joy,sarcastic
Sab murkh ikthe ho gye khtaa khat khtaa khat face_with_tears_of_joy face_with_tears_of_joy,sarcastic
politician after election be like:- middle_finger middle_finger middle_finger middle_finger middle_finger,sarcastic
ये गोदी मीडिया के छोचले हैं face_with_tears_of_joy face_with_tears_of_joy,non-sarcastic
Sarkar bane he nhi to kha se de ge clapping_hands raising_hands,sarcastic
gravity ki m@ ki chut check_mark_button,non-sarcastic
hme lgta h g modi jruri h,non-sarcastic
enraged_face enraged_face enraged_face enraged_face enraged_face enraged_face enraged_face enraged_face,non-sarcastic
face_with_tears_of_joy khatakhat khatakhat chutiya banaya check_mark_button face_with_tears_of_joy,sarcastic
be bhai tu admi hai ki kya hai itni der me ya ladki hoti ya hum final kiya kro turant enraged_face enraged_face,non-sarcastic
India India India India India India India red_heart red_heart red_heart red_heart red_heart red_heart red_heart red_heart,non-sarcastic
Is lady ne apne papa ke mathe per bhi condom pahnaya hoga hi harkato se to,sarcastic
"pilot success declare, implementation tbd",sarcastic
tum logon ke liye campaign karna hi kaam hai,sarcastic
kas ye eska bap us rat ko kondam phn leta to ye din nhi dekhne padta,sarcastic
ye krne k liye mahi bhai n kaha tha raising_hands !!,non-sarcastic
Wese to Maine Modi ji ko vote Diya h.. par puchna tha ki 8500 rs Kahan mil rhe hain Lucknow main ????? face_with_tears_of_joy face_with_tears_of_joy face_with_tears_of_joy face_with_tears_of_joy,sarcastic
aacha aj apki mediya poch gye our jab pedal yatra kar rhe the desh ke liye tab kaha the tum,non-sarcastic
India cross_mark cross_mark Türkiye Türkiye Pakistan Pakistan Türkiye Türkiye clapping_hands clapping_hands clapping_hands clapping_hands clapping_hands,non-sarcastic
Ly lo ab khatakhata paise face_with_tears_of_joy face_with_tears_of_joy face_with_tears_of_joy jldi jldi line mai lg jao sbhi face_with_tears_of_joy face_with_tears_of_joy face_with_tears_of_joy face_with_tears_of_joy face_with_tears_of_joy,sarcastic
Ekta kapoor b like- sadak se utha kar star bna dungi isko to mai face_with_tears_of_joy face_with_tears_of_joy face_with_tears_of_joy,sarcastic
aare paisa kaise milega wo pm banenge tab na nilenge milenge sabr karo ek din zaroor milega,non-sarcastic
Koi rathee ko mention kr do yarr face_with_tears_of_joy face_with_tears_of_joy,non-sarcastic
dar ki ma ka ch middle_finger middle_finger t moai,sarcastic
Shyd ise khud ni malum iske.kithne Bhai behan the face_with_tears_of_joy face_with_tears_of_joy aur kithne baap face_with_tears_of_joy,sarcastic
aabe bhai bethe ye hai or pat meri rhi hai skull skull,non-sarcastic
सुधांशु त्रिवेदी cross_mark चलता फिरता गूगल check_mark_button face_with_tears_of_joy,non-sarcastic
Kr skta hai muslim hi kr skte hai face_with_tears_of_joy face_with_tears_of_joy,non-sarcastic
yadav ji ap logo ko ye mauka dobara nhi milega enraged_face enraged_face enraged_face,non-sarcastic
cross_mark cross_mark cross_mark cross_mark cross_mark cross_mark cross_mark cross_mark rolling_on_the_floor_laughing rolling_on_the_floor_laughing,non-sarcastic
kattar hindu jay shri ram triangular_flag triangular_flag triangular_flag triangular_flag triangular_flag triangular_flag triangular_flag triangular_flag,sarcastic
fate candom ki aulad sayani ghosh jaisi hoti hain,sarcastic
phir tumme aur kutto mei kya fark rha skull skull,non-sarcastic
Your Godi only didn't speak about it Dicky.,sarcastic
bhaiya 500 kam kahe kar diye face_with_tears_of_joy face_with_tears_of_joy face_with_tears_of_joy,sarcastic
sahi kaha bro face_with_tears_of_joy April fool bana deya,sarcastic
"@Rahul finally startup launch kar diya, excited af hoon yaar!🚀😊 #EntrepreneurLife",non_sarcastic
Case nahi be jail minister rahate jail face_with_tears_of_joy,sarcastic
Trekking trip ka plan fixed! Mountains here I come 🏔️ #AdventureTime,non_sarcastic
India India check_mark_button check_mark_button red_heart red_heart red_heart red_heart red_heart red_heart red_heart red_heart red_heart red_heart red_heart,non-sarcastic
Twins par subsidy milegi second time .,non-sarcastic
eeska javab sudhir khud de raha hai,sarcastic
ji ab kaha gaye aap is per kuch Gyan nhi denge face_with_tears_of_joy,sarcastic
aasli roop me aoo surpanakha pleading_face,sarcastic
Hm up valy garv sy khty hai ki hm hindu hai aur modi ji ky sath hai sign_of_the_horns smiling_face_with_smiling_eyes bakki to sb hizdy hi hai dogly hindu h,sarcastic
April foop bana diya vo bhi june me rolling_on_the_floor_laughing rolling_on_the_floor_laughing rolling_on_the_floor_laughing,sarcastic
face_with_tears_of_joy face_with_tears_of_joy face_with_tears_of_joy face_with_tears_of_joy face_with_tears_of_joy face_with_tears_of_joy,non-sarcastic
ab bolna is pr kya hua,sarcastic
aager bjp ayi na hoti to hame ye sab pta hi nhi chal pata,sarcastic
inka bhi time ane wala h enraged_face,non-sarcastic
Transliterated_Comment,sarcasm_label
tirangaa kaa nahee pure 1 araba 42 karo.do bhaarateeya logo kaa apamaana he isakaa badalaa jaroora liyaa jaayegaa khaalistaanee aatankavaada cross_mark cross_mark cross_mark cross_mark enraged_face enraged_face enraged_face,non-sarcastic
badharchod tum apne bahan ke sath karte ho kya re. nadharchod kya bol raha hai thoda dekh kar bola karo,sarcastic
face_with_tears_of_joy face_with_tears_of_joy face_with_tears_of_joy face_with_tears_of_joy face_with_tears_of_joy hhy mere paise face_with_tears_of_joy,non-sarcastic
mhnun hicha navra hila sodun Gela face_with_tears_of_joy rolling_on_the_floor_laughing,non-sarcastic
he raanda budhavaara petha mandhoona baahera aalee tichyaa aaeelaa jhavaa baahera khulyat disalee tara kutha,non-sarcastic
Mai to fan nhi tha....bt abse fan hogya....Jay shree Munawwar heart_exclamation heart_exclamation heart_exclamation,non-sarcastic
गाडीवर फटके खायला तयार रहा झवन्या face_with_tears_of_joy face_with_tears_of_joy face_with_tears_of_joy,non-sarcastic
Wah ab toh tumhari bahan tumhare Ghar me bhi safe nhi hai face_with_tears_of_joy face_with_tears_of_joy face_with_tears_of_joy face_with_tears_of_joy,sarcastic
Guys do you know she was never seen again,non-sarcastic
eelaa ghaana shivyaa deoona shivyaa chaa aapamaana karaayalaa na ko vaatata,sarcastic
kiti jan tuja ai la jaun gele hote,non-sarcastic
ooncle plane bano bat khatam karo,sarcastic
Are baba B team aahe BJP chi fire,non-sarcastic
isake khilaapha case karo hamaare dharma kaa apamaana karane vaalaa bachanaa naheen chaahie aura sajaa naheen milatee isako to on the spot sajaa do,non-sarcastic
"If this is part of the film, please done tell me title.",non-sarcastic
q denge wo jit tu bjp na unse hi lelo 8hazar lalchi log,non-sarcastic
jitke ram bhakt ahe t na aplya hindu mdhe tevde tujha senet pn nasnar hepre tya may chi pudi......,sarcastic
bharat me rahne ka layak nahi hai ye bhejo pakisthan ko,sarcastic
Hart touching video cross_mark luli touching video check_mark_button,non-sarcastic
Acha rolling_on_the_floor_laughing rolling_on_the_floor_laughing rolling_on_the_floor_laughing face_with_tears_of_joy face_with_tears_of_joy grinning_face_with_sweat grinning_face_with_sweat,non-sarcastic
ek hi hath mein behosh ho jayegi yah kamjor leg peace,sarcastic
Chud gi chud gi was epic face_with_tears_of_joy face_with_tears_of_joy face_with_tears_of_joy face_with_tears_of_joy,non-sarcastic
Student principal se panga le rha hai face_with_tears_of_joy face_with_tears_of_joy face_with_tears_of_joy,sarcastic
fire fire fire fire fire fire,non-sarcastic
face_with_tears_of_joy face_with_tears_of_joy face_with_tears_of_joy face_with_tears_of_joy face_with_tears_of_joy face_with_tears_of_joy face_with_tears_of_joy face_with_tears_of_joy face_with_tears_of_joy face_with_tears_of_joy rolling_on_the_floor_laughing rolling_on_the_floor_laughing rolling_on_the_floor_laughing rolling_on_the_floor_laughing rolling_on_the_floor_laughing rolling_on_the_floor_laughing,non-sarcastic
99 saala kee leeja para hai bhaarata ! phira ho jaaenge gulaama ?,sarcastic
sab nuslim aaya hai hindu kaha hai..kuch to gad bad hai daya,sarcastic
Dhrub tere me himmat hai to sudangshu ke sath debate per aa face_with_tears_of_joy,non-sarcastic
Mountain dew cross_mark tumbler_glass tumbler_glass check_mark_button,non-sarcastic
aaur fir log khete hai nodi ne desh bech diya,sarcastic
Garve se Kahenge Wo Ki wo Asli Hindu hai check_mark_button check_mark_button,sarcastic
aab ye scam rahul gandhi ka koi action kyun nhi liya ja rha hai?? bribe karke vote secure kiya hai,non-sarcastic
Arre bhaiwa Jai shree ram triangular_flag,non-sarcastic
triangular_flag folded_hands_light_skin_tone jaya jaya shree raama folded_hands_light_skin_tone triangular_flag,non-sarcastic
"Inflation dekh ke, ab toh Ambani se competition karenge! 💸",sarcastic
aare to kaminon sarkar bani kidhar tum sale nahin sudharoge talve chatne ki adat pad gai tumko,sarcastic
Gravity rolling_on_the_floor_laughing rolling_on_the_floor_laughing rolling_on_the_floor_laughing rolling_on_the_floor_laughing rolling_on_the_floor_laughing Taiyyari Kro Aap Saas Bahu Serial Ke Liye Perfect ho face_with_tears_of_joy,sarcastic
Biki hui Media kitne me bike ho Rey baba face_with_tears_of_joy face_with_tears_of_joy face_with_tears_of_joy kese insaan ho yrr kucch paiso ke liye kucch bhi karoge kucch nhi to apna hi iman bech dete ho face_with_tears_of_joy face_with_tears_of_joy,sarcastic
"amazon: extra strength hair nutrient tablets , 60-tablets (packaging may vary) by viviscal 649 days in the top 1 . . . /UR",non_sarcastic
Ekta kapoor is trying to contact to her face_with_tears_of_joy face_with_tears_of_joy face_with_tears_of_joy face_with_tears_of_joy,sarcastic
nooooooooo !!!!!!maybe you can just look over it right before the test tomorrow and do that first,non_sarcastic
bilkul sahi bat hai ... chinta hi ho rahi hai kitne velle log ho gaye,sarcastic
Red light area ki jaan hai face_with_tears_of_joy,sarcastic
Secular Country!! rolling_on_the_floor_laughing rolling_on_the_floor_laughing rolling_on_the_floor_laughing rolling_on_the_floor_laughing rolling_on_the_floor_laughing,sarcastic
"Pehli baat toh India secular country nhi hai.India Hindu country hai,",sarcastic
Tell me if this is a joke.,non-sarcastic
pel deta mai to bad dekha jata face_with_tears_of_joy face_with_tears_of_joy mai nahi sunta esi lawdi ki batein,sarcastic
dowry hai ap ko samaj nahi aya ga,sarcastic
hum kattar hai jit gya humare yeha se triangular_flag triangular_flag aamroha loksabha check_mark_button check_mark_button,sarcastic
he asan boloona hindoo loka udoona ghyaayachee savaya laagalee aahe hilaa bhaaree dokan aahe hindoo loka udoona ghyaayachee face_with_tears_of_joy face_with_tears_of_joy,non-sarcastic
up vaalo ko milegaa aba khata phata landa ba.daa vaalaa muha me meto bolataa hu beejepee kee saree sevaa up me banda ho clapping_hands,sarcastic
bete jis tarah susu ka koi time nahi hota.. waise hi sly ka koi time nahi hota,non_sarcastic
Sita k saath jo rawan ky whi halala n face_with_tears_of_joy,non-sarcastic
Ise aur kuchh kam hai ya nahin face_with_tears_of_joy,non-sarcastic
owaisi tum sab ka baaaap hai,sarcastic
bheki lovdi jab narana nhi tha to,non-sarcastic
April fool banaya face_with_tears_of_joy face_with_tears_of_joy wo bhi June ke mahine me check_mark_button,sarcastic
eeski behn chodo mujhe btao ye kutia kaha milegi,sarcastic
"Aamchya devvar apshbad bolte yedg****, cu**** face_with_symbols_on_mouth face_with_symbols_on_mouth face_with_symbols_on_mouth face_with_symbols_on_mouth",sarcastic
enraged_face enraged_face enraged_face enraged_face enraged_face enraged_face enraged_face enraged_face enraged_face enraged_face enraged_face enraged_face enraged_face enraged_face enraged_face enraged_face,non-sarcastic
uniform civil act red_heart red_heart fire fire,non-sarcastic
ngr is aurat ko pelne m jyda mja ayga fire fire h,sarcastic
yoopee me ise kahate hai udataa huaa tira apanee ()() me lenaa,sarcastic
teri aulad zinda rahi tab na clown_face,sarcastic
check_mark_button check_mark_button skull moai cross_mark check_mark_button rolling_on_the_floor_laughing face_with_tears_of_joy,non-sarcastic
Y h sawhidan jo bhim. Bana k gye tha face_with_tears_of_joy,non-sarcastic
public support mila scheme ke liye,non_sarcastic
Aur sath me ye bhi boliyo ki tu kuch ukhaad nhi paya face_with_tears_of_joy face_with_tears_of_joy face_with_tears_of_joy,sarcastic
bakpha borda ba.cna kelaa paahije... haaraamee kaॉgresane svaarthaasaathee deshaashee kelelee gaddaaree raising_hands,sarcastic
Bolo Kay shree ram folded_hands folded_hands orange_heart orange_heart orange_heart orange_heart,non-sarcastic
"eetne bde hoke bhi inko ab tk akal nhi ai sharam kro kuch, ee love my eendia eendia eendia eendia eendia eendia",sarcastic
G***d jali na face_with_tears_of_joy santro ki,sarcastic
tumhee je bolataata te sagale chukeeche,non-sarcastic
Aur non Muslim ka charity Dharmik chijon Mein ham log Nahin Lete Hain vah haram hota hai accordingly Islam,non-sarcastic
अब अल्ला से मांगो face_with_tears_of_joy मोदी नही देगा face_with_tears_of_joy,sarcastic
Transliterated_Comment,sarcasm_label
kabhi kuch na karke bhi dekho skull + dar ki mkc moai,non-sarcastic
show kiska sabko pata hai to kaun jitna chahiye face_with_tears_of_joy,sarcastic
aabhi sarkar to bano do pagal ho rahe sb or news wale bhi pagal bana rahe h,non-sarcastic
face_with_tears_of_joy face_with_tears_of_joy face_with_tears_of_joy face_with_tears_of_joy face_with_tears_of_joy face_with_tears_of_joy,non-sarcastic
secularism wala keeda jiska abhi bhi jinda he samajh jay,non-sarcastic
fuck allah madarchod and waqf ki choot mein allah ka bulla banana,sarcastic
Chutiyo Bangladesh hain face_with_tears_of_joy face_with_tears_of_joy face_with_tears_of_joy,sarcastic
bohot achi bat hai zinda hai achi bat hai humko koi problem nahi hai bus humko hamara hak chahiye tha that's it,sarcastic
15 lakh mangne ki himmat nahi huyi sarakar bhi bani panauti ki,sarcastic
Awaz me cheeni jyaada ni h in dono ki face_with_tears_of_joy,sarcastic
"Waise bhi bhai tu ghar se parade ke liye nikalta..phir u-turn le leta.. RT Why no invite for R-Day parade, Kejriwal wonders",sarcastic
Lund bolte ha koi fark nhi padga face_with_tears_of_joy face_with_tears_of_joy chutiya,sarcastic
sare hindu bhaiyo se nivedan hai ki ishe jail vejne ka prayas kare,sarcastic
#congress kaha ha Bhai Paisa face_with_tears_of_joy face_with_tears_of_joy face_with_tears_of_joy face_with_tears_of_joy,sarcastic
If sikh raise ..he will die face_with_tears_of_joy,non-sarcastic
kharaa hindu asasheela tara naaraayana raane aani tyaachyaa donhee poraache stetamenta aani photo asecha vaayarala kara....,non-sarcastic
ye kam mulla kr skt h bs face_with_tears_of_joy rolling_on_the_floor_laughing,sarcastic
kaise ma bap honge inko jo ye sanskar diye bacho ko ..,sarcastic
dogle hindu enraged_face bjp ka sath ni diya bano gulam,sarcastic
face_with_tears_of_joy face_with_tears_of_joy चड्डी पर गड्डी फ्री हे लेलो rolling_on_the_floor_laughing rolling_on_the_floor_laughing,non-sarcastic
Raat bhar coding karne ke baad bhi project complete nahi hua. Ab sirf chai hi sahara hai! ☕🥲 #DevLife,non_sarcastic
Bhench*d song is owned by star_and_crescent,non-sarcastic
"Mai, meri family aur mere dost aur unki family bhi Modi ko vote inhi sab Jihadi act ko khatam karne k liye diye h... Congress ki maa ki... face_with_tears_of_joy",sarcastic
He gave answers in such a calm way that's really amazing,non-sarcastic
Khata khat khata khat face_with_tears_of_joy face_with_tears_of_joy,non-sarcastic
Imagine if the tracks go left,non-sarcastic
ese lady don kabbi hme nhi milti,non-sarcastic
Besharm aurte begairt lalchan enraged_face enraged_face enraged_face enraged_face,non-sarcastic
"chelsea chelsea abhanji lori, suzada narie chitz kodram kara yeah. tumlow open underneath tumjara deltahoe",non-sarcastic
He is right in congress Raj hm ajad thori thae Modi ji ke raj mae hue hae.. sayad yhi kehna chahte hae dhruv ji,non-sarcastic
Eent se bhi overeating krava lii didi ne face_with_tears_of_joy face_with_tears_of_joy face_with_tears_of_joy face_with_tears_of_joy clapping_hands,sarcastic
desha me bhaajapaaeeyo kee pola khula chukee hai| aba dharma ke naama para jo moorkha bana rahe the aba loga nahee banege,non-sarcastic
congress ko kisne mana kiya tha mandir banane ke liye vo bna dete. aabhi karnataka me unki sarkar h vaha bna de ek mandir,sarcastic
JAY shree ram triangular_flag trident_emblem leaf_fluttering_in_wind,non-sarcastic
Yellowflashy of the leaf person_biking 三,non-sarcastic
loudly_crying_face loudly_crying_face loudly_crying_face loudly_crying_face loudly_crying_face cross_mark face_with_tears_of_joy face_with_tears_of_joy face_with_tears_of_joy face_with_tears_of_joy rolling_on_the_floor_laughing rolling_on_the_floor_laughing rolling_on_the_floor_laughing check_mark_button,non-sarcastic
German shepherd ki pille dikhai nehi de rehe face_with_tears_of_joy face_with_tears_of_joy,non-sarcastic
tujya aicha dana hepala gadavane tevha zalis tu randi,non-sarcastic
Jai shree Ram red_heart orange_heart red_heart orange_heart,non-sarcastic
Unemployed to the pick point face_with_tears_of_joy face_with_tears_of_joy face_with_tears_of_joy,sarcastic
Gravity Maya gyi be rolling_on_the_floor_laughing rolling_on_the_floor_laughing,non-sarcastic
team ne ground pe kaam kiya,non_sarcastic
Madarchood bike no_bicycles bala face_with_rolling_eyes neutral_face face_with_symbols_on_mouth face_with_symbols_on_mouth face_with_symbols_on_mouth face_with_symbols_on_mouth face_with_symbols_on_mouth face_with_symbols_on_mouth,non-sarcastic
anpad ise hai kehte hai chote,sarcastic
hizadya tuzya bapani sangitla hota ka ashe chale karayla face_with_tears_of_joy,non-sarcastic
woh issliye nhi bol rha kyuki dhruv rathi ko pta hai ye behn k lode india k bahar paida hue punjabi hai........aur punjab mein sabse jyda bhadkane vale yahi madarchod hai.......aur mai bhi punjabi hu lekin inn bhen k lodo ko kabhi support nahi krta,sarcastic
jain ration gap ho jaega.,non_sarcastic
"beshak bharat ki janta khole vicharo wali hai, lakin tum rahne nahi dateh...",sarcastic
nountain dew dar ki ma ki chut,non-sarcastic
Ishka bhi accident ho skta hai jldi he face_with_tears_of_joy,non-sarcastic
sarkar toh bhul jaa face_with_tears_of_joy or bol paisa dene jita hai na up mai smajhwadi party or congress bol paisa dene nhi toh congress ka gand marayega jld hi face_with_tears_of_joy,sarcastic
triangular_flag triangular_flag triangular_flag triangular_flag folded_hands folded_hands,non-sarcastic
enraged_face enraged_face mullaapremee kongresa enraged_face enraged_face,non-sarcastic
public ko q bhrka raha hai,non-sarcastic
Transliterated_Comment,sarcasm_label
sab ke sab chor hai salee,non-sarcastic
jai shree ram orange_heart triangular_flag triangular_flag triangular_flag triangular_flag triangular_flag,non-sarcastic
"berojagaaree aura mahangaaee kaa ronaa rone vaalo tumhaaraa haka kaangresa ke dvaaraa basaae gae ina raashtra virodhee taakaton ne cheena rakhaa hai jisa se desha kee aantarika surakshaa bhee khatare men hai aura ina raashtra virodhee taakaton se desha ke 140 karo.da naagarikon kee surakshaa ke lie eka akelaa modee la.da rahaa hai saavadhaana ho jaao modee hai to raashtra surakshita hai backhand_index_pointing_down backhand_index_pointing_down backhand_index_pointing_down (1) 6 karo.da ghusapaithiyon se (2) rohingyaa musalamaano se (3) khaalistaaniyon se (4) desha virodhee taakaton se (5) bhaarata to.do gainga se (6) bhaarata ke khilaapha jahara ugalane vaalee videshee shaktiyon se (7) kaangresee vota bainka se (8) thagabandhana se aise men hama bhee modee jee kaa saatha nahee denge to hame hamaaree aane vaalee pee.dhee| kabhee maapha naheen karegee| utho saugandha hai tumhe maan bhaaratee kee jaya jaya siyaaraama aura maan bhaarateeya ke jaya ghosha ke saatha nikala pa.do modee jee ko vijaya banaane ke lie bhaaree se bahuta bhaaree bahumata se vijaya banaane ke lie| isa chunaava men modee jee ko haraane ke lie raashtra virodhee taakaten videshee shaktiyaan hinduon ke naama se phenka aaeedee, pharjee akaaunta banaa banaa kara soshala saaitsa para berojagaaree aura mahangaaee kaa jhootha phailaa rahee hai modee kee haara matalaba 140 karo.da desha vaasiyon aura bhaarata kee haara hogee| aura raashtra virodhee taakaton kee jeeta hogee| folded_hands triangular_flag jaya shree raama triangular_flag folded_hands",sarcastic
Yahi to Islam ki khubsurti rolling_on_the_floor_laughing,non-sarcastic
Lekin hume pata he ye teri dekh ke jalna chahye face_with_tears_of_joy,sarcastic
isakee ulatee ginatee shuroo ho gayee hai...,sarcastic
isee kaarana se uttaraakhanda men se kaangresa kaa soopa.daa saapha kara diyaa bhaaee,non-sarcastic
nountain dew der ki naki chud,non-sarcastic
triangular_flag triangular_flag triangular_flag triangular_flag triangular_flag triangular_flag triangular_flag triangular_flag triangular_flag triangular_flag triangular_flag triangular_flag triangular_flag triangular_flag,non-sarcastic
Beauty of Islam clown_face clown_face rolling_on_the_floor_laughing rolling_on_the_floor_laughing,non-sarcastic
Proud to be Hindu triangular_flag triangular_flag triangular_flag triangular_flag,non-sarcastic
oop se hoke sharm a rhi hai bhai kux khne me .....,sarcastic
tujhaa kaaya baapa naahee raamaraava . to deva aahe tujhee laayakee pana naahee devaache naava ghyaachee,non-sarcastic
Aab kon si gali du iss chutiya ko face_with_tears_of_joy face_with_tears_of_joy face_with_tears_of_joy,sarcastic
Hicha gandit vatat corona virus shirlay,non-sarcastic
Kuch bologe to andhabkth ban jaaoge face_without_mouth,sarcastic
aaàaaaak thoooooooo tujhpe or teri jaisi soch walo par,non-sarcastic
record chodo.....g todo iski pehley .,non-sarcastic
India India India India India India India India smiling_face_with_hearts smiling_face_with_hearts smiling_face_with_hearts smiling_face_with_hearts smiling_face_with_hearts,non-sarcastic
eendia eendia eendia eendia eendia eendia eendia,non-sarcastic
vo prtik hai ek astitav ka,non-sarcastic
rolling_on_the_floor_laughing rolling_on_the_floor_laughing rolling_on_the_floor_laughing rolling_on_the_floor_laughing elvish k time wo hero tha face_with_tears_of_joy face_with_tears_of_joy chutiya insan,non-sarcastic
5 star +mountain dew= l*nd ke aage c*ut hai face_with_tears_of_joy face_with_tears_of_joy,sarcastic
jo tmc ko vote deta hai bo mulla dharm apna lo,sarcastic
aatankavaada desha ke baahara nahee asalee aatankavaada to ye hain,non-sarcastic
bhai nain oosko naut ke ghat utna chahta hun iska pata ek bar mera number per bhej do iska mobile number bhi..,sarcastic
Jey Shree Ram triangular_flag folded_hands triangular_flag triangular_flag,non-sarcastic
Eat five star do nothing + mountain dew dar ki maa ki chut face_with_tears_of_joy,non-sarcastic
tamacha narne ki bajaye ticket.lanat h un leaders pr jinhone ghatiya aurat ko ticket diya .lanat waha k hinduo pr h,non-sarcastic
"phiksa show tha,,,,,,, vaamapanthee muslima sistama me yahee jeetegaa,,,,,, vaise hamane aaja taka eka bhee episoda naheen dekhaa bb ka",non-sarcastic
वार रुकवा दी पापा face_with_tears_of_joy face_with_tears_of_joy face_with_tears_of_joy face_with_tears_of_joy face_with_tears_of_joy face_with_tears_of_joy,non-sarcastic
nountain dew dar ki ma ki c***,non-sarcastic
oop me bahut jgh bjp jeeti hai check_mark_button,non-sarcastic
eat 5 star do nothing skull,sarcastic
face_with_tears_of_joy face_with_tears_of_joy face_with_tears_of_joy face_with_tears_of_joy clapping_hands clapping_hands clapping_hands clapping_hands,non-sarcastic
jali kya iski face_with_tears_of_joy face_with_tears_of_joy face_with_tears_of_joy face_with_tears_of_joy face_with_tears_of_joy face_with_tears_of_joy face_with_tears_of_joy face_with_tears_of_joy face_with_tears_of_joy face_with_tears_of_joy,sarcastic
Lakh da pta nhi fuddu bnaya saareya nu rolling_on_the_floor_laughing rolling_on_the_floor_laughing,non-sarcastic
"tum log trend mein ho, kaam mein nahi",sarcastic
aare ye dhurv rathi bada bekar admi h thinking_face,non-sarcastic
The truck saved him not his skill raising_hands,sarcastic
July month se Dene ki wada Kiya Gaya tha check_mark_button abse magna start kar doge to ghanta milega face_with_tears_of_joy,sarcastic
Kya BC h rolling_on_the_floor_laughing rolling_on_the_floor_laughing rolling_on_the_floor_laughing ye,non-sarcastic
hum log firse modi ji ko chahiye folded_hands,non-sarcastic
kash tere bap ne uss din condom pehen liya hota,sarcastic
rolling_on_the_floor_laughing rolling_on_the_floor_laughing rolling_on_the_floor_laughing lack of knowledge ..plz do some research bfre posting video,non-sarcastic
What about genocide of Kashmiri Pandits ??? It was not different than Jews genocide.,non-sarcastic
check_mark_button check_mark_button or kro hizedo ko support face_with_tears_of_joy,non-sarcastic
folded_hands triangular_flag Jai shree ram triangular_flag folded_hands Inka sub ka baap,non-sarcastic
fire fire fire fire fire fire fire fire,non-sarcastic
Cycling 10 km daily! Feeling healthier 🚴♂️💯 #FitnessRocks,non_sarcastic
oop ke sabhi hundu nahi bhai kevala kuch hindu hija.de hai bolo jaya siyaa raama triangular_flag triangular_flag,non-sarcastic
face_with_tears_of_joy face_with_tears_of_joy सर्व चव घालवता तुम्ही राऊत शिवसेनेची. पटत नाही भो आपल्याला हे.,non-sarcastic
Love India from Pakistan red_heart and all India brother’s is my heart smiling_face_with_heart-eyes,non-sarcastic
"striyaannaa pana laaja vaatela ase krritya, yaannaa ataka karaayalaa paahije, evadhee himmata karataata taree kashee??",non-sarcastic
#boycot Dhruv Rathi cross_mark ye hain wo Kam padhe likhe log,non-sarcastic
modiji has not taken any step to stop this things,non-sarcastic
bhai week bada hi happening raha .. #bevkufbaba #dokhlam #pvsindhu .. though ham log hi bs thande pade rahe ..,sarcastic
face_with_tears_of_joy face_with_tears_of_joy face_with_tears_of_joy lawda mile ga tum logo ko cross_mark,sarcastic
raama kaha gae siyaa se aisaa pradhaanamantree aaegaa sarakaaree kanpaniyaan becha kara yuvaaon se mandira kaa ghantaa bajavaaegaa,sarcastic
loudly_crying_face loudly_crying_face loudly_crying_face rolling_on_the_floor_laughing rolling_on_the_floor_laughing rolling_on_the_floor_laughing,non-sarcastic
sabse bada chutiya adami hai tu,sarcastic
"Kya hua Tera wadaan, woh Kasam, woh iraada..... Phata phat, phata phat bhaag Gaye waade karne wale ..... face_with_tears_of_joy face_with_tears_of_joy face_with_tears_of_joy face_with_tears_of_joy face_with_tears_of_joy",sarcastic
tere bap me bhi dam he,sarcastic
Matlab kya hai aapka agar Abhishek Jeet jata toh kya bo apne ghar apne jile me na jata yr tum middle class godi media face_with_tears_of_joy face_with_tears_of_joy face_with_tears_of_joy,sarcastic
na bhai hum support nhi kr rhe aise logo ko,non-sarcastic
Tuzi Gand marli pahije nagda karun tula sagle kide martil tuza ganditle face_with_tears_of_joy rolling_on_the_floor_laughing,non-sarcastic
O my good face_with_tears_of_joy face_with_tears_of_joy face_with_tears_of_joy face_with_tears_of_joy face_with_tears_of_joy face_with_tears_of_joy face_with_tears_of_joy face_with_tears_of_joy,non-sarcastic
Indian seriel face_with_tears_of_joy face_with_tears_of_joy face_with_tears_of_joy face_with_tears_of_joy,non-sarcastic
isliye 400 + plus chahiye tha enraged_face enraged_face,sarcastic
Teri maa enraged_face India cross_mark India,non-sarcastic
Isko bolte he Udta teer Gpy lena face_with_tears_of_joy rolling_on_the_floor_laughing skull,sarcastic
Jay shree ram fire red_heart Again BJP Modi 2024 triangular_flag triangular_flag India,non-sarcastic
hyaa ashyaa raandaa nivadoona taree kashyaa yetaata,non-sarcastic
aare babri nasjid se pahle kya tha vahan tumhare babar aakbar to sirf nandir todkar nasjid banate the tum mullon ka kam hai todna aur hamara sanatani ka kam hai jodna jo jahan per tha vah vahin per a gaya hai,sarcastic
Atankwadi wadi ke pille hai sale sugar face_with_tears_of_joy face_with_tears_of_joy,sarcastic
Dhruv Rathee cross_mark German Shepard check_mark_button limy B*****d,non-sarcastic
"@Anjali teri book recommendation amazing thi, khatam kar diya ek hi din mein.📚🤩 #BookLover",non_sarcastic
Abe Jahil Aurat Congress Jita kaha h face_with_tears_of_joy face_with_tears_of_joy face_with_tears_of_joy face_with_tears_of_joy,sarcastic
ab ki baar sab ki chhutti face_with_tears_of_joy,sarcastic
bura lagta hai jab necca nadina/vatican se compare hota hai.. kab tak tent house me rahenge ram lalla ?? aaaakheer kaabtaak ??,sarcastic
galib khayal achcha hai,sarcastic
Really so heart touching rolling_on_the_floor_laughing rolling_on_the_floor_laughing rolling_on_the_floor_laughing rolling_on_the_floor_laughing,sarcastic
sala rakksas h bc ye toh face_with_tears_of_joy,sarcastic
This biker should be sent to jail,non-sarcastic
"Shaadi mein aunties pooch rahi hain beta shaadi kab karoge, jaise mere liye ladki lekar aayi ho. Arrange kar do phir yaar! 💍🙃",sarcastic
tujhee laayakee kaaya too bolate kaaya,non-sarcastic
"Kyu Panga lete hai a Log, Jab Inke pass Utna Gyan hai Hi Nahi to face_with_tears_of_joy face_with_tears_of_joy face_with_tears_of_joy face_with_tears_of_joy Saare I.N.D.I.A Ka Neta logon ko ek saath Bulalo, Ek Sudhanshu Trivedi Kaafi hain! Hai Himmat To 5th June Ke Baad Bulao Baithak dekhte hai Kisme kitna Gyan Hain",sarcastic
dhruv rathi koi bhawan hai kyu use bhaw dete ho enraged_face,non-sarcastic
nehru gandhi dono ki ma ki chuu enraged_face,sarcastic
tujhyaa baapaanee jhaauna paathavala kaa tulaa speech dyaayalaa,non-sarcastic
he krishna bhagwan achha kiya mujhe hindu om bnaya hai,non-sarcastic
bjp nai to 15 lakh bola uska kya hua,non-sarcastic
उधर बाट रहे... हमे डात रहे face_with_tears_of_joy face_with_tears_of_joy face_with_tears_of_joy,non-sarcastic
fir sanvidhan khatre me kyo nahi aya?,sarcastic
angrez chale gaye.. Inke chhod gaye,sarcastic
punyaache poleesa aataa yaalaa yaachee avakaata daakhavanaara... face_with_tears_of_joy,non-sarcastic
Tu chhinal ahe mhnun chhinal vanich bolnar,non-sarcastic
sudhir bahut bda topinaz admi hai,non-sarcastic
lomda nahi karna chaiye. ek desh ek kanon. ye board india se bahar terrorist country me achha lagta hai...,sarcastic
Transliterated_Comment,sarcasm_label
Yeh har muslim ku dawood se kyu compare karte ?? Wbu modi ? regional political?wtf is going with media...,non-sarcastic
pagl log ane too doo sbb trf enraged_face unpr fek video ntt bnaoo smzeee,sarcastic
enraged_face enraged_face enraged_face enraged_face enraged_face enraged_face enraged_face enraged_face enraged_face enraged_face,non-sarcastic
अबे चूतिय सरकार बनी कहा है अभी face_with_tears_of_joy face_with_tears_of_joy,sarcastic
Rahul gandhi ko bharat ne haraya sata sat sata sat face_with_tears_of_joy face_with_tears_of_joy face_with_tears_of_joy face_with_tears_of_joy,sarcastic
lakin to khus nahi he godi,non-sarcastic
kyuki voh janta hai sach kya hai sle,non-sarcastic
eetna kafi h dubara chunaw hone ke liye,non-sarcastic
India ka flash mil gaya face_with_tears_of_joy,non-sarcastic
"ek aur roadmap, ek aur diversion",sarcastic
nullo ke bap ka tha jagah tum todo to sahi hum tode to galat dusmann pakistan me nhi hamare desh me hi hai,sarcastic
Maa chod diye skull rolling_on_the_floor_laughing rolling_on_the_floor_laughing,non-sarcastic
bhaiya modi n krra hona y b??,sarcastic
bhaichara kanase dhikhta hay apko isme hourglass_done,sarcastic
"bhai mein yahi comment karne wala tha , ye comment already aapke diya hai check_mark_button raising_hands thumbs_up",sarcastic
jali jali godi media ki jali fire,sarcastic
isa vakphaborda ko tatkaala prabhaava se samaapta karanaa chaahie,non-sarcastic
babri masjid ka jikr karta rahunga mar te dam tak aallah hu akbar index_pointing_up_light_skin_tone black_flag,sarcastic
It spread only hate nothing will come out,non-sarcastic
enraged_face enraged_face enraged_face enraged_face enraged_face enraged_face enraged_face enraged_face enraged_face enraged_face,non-sarcastic
"aayodhya walo ne to apni aukat dikha di , jo sale ram ke sage nhi hue to bjp ke kya honge pensive_face",sarcastic
eenlogo ke chere yad rakhna dosto.,non-sarcastic
nountain dew to samjh ata ki chalo dar k age jeet h but ye 5star +q h uska kya kam,non-sarcastic
100 tofachi salami tuzya gandit fodli. face_with_tears_of_joy,non-sarcastic
Khata khat... Khata khat rolling_on_the_floor_laughing rolling_on_the_floor_laughing rolling_on_the_floor_laughing rolling_on_the_floor_laughing rolling_on_the_floor_laughing rolling_on_the_floor_laughing rolling_on_the_floor_laughing rolling_on_the_floor_laughing rolling_on_the_floor_laughing rolling_on_the_floor_laughing rolling_on_the_floor_laughing rolling_on_the_floor_laughing rolling_on_the_floor_laughing,non-sarcastic
bengal ke hindu hizre ho chuke hai puri tarah se bs,sarcastic
seedha bolo ke tumari gand jal rahi kyu ke tumara bap munawar jeet gaya,sarcastic
Hum ne inko dekha Mumbai ke kamati pura main Saab Jaa Raha tha aur yeah bulla Rahi thi jaab main dall raha tha taab yeah roo rahi thi face_with_tears_of_joy winking_face_with_tongue rolling_on_the_floor_laughing winking_face_with_tongue,non-sarcastic
Isme Gravity Khaa Gyi grinning_face_with_sweat grinning_face_with_sweat,sarcastic
bilkul bhi nahin waqf board ko khatm karna chahie cross_mark waqf board destroyed triangular_flag,sarcastic
rolling_on_the_floor_laughing rolling_on_the_floor_laughing rolling_on_the_floor_laughing rolling_on_the_floor_laughing rolling_on_the_floor_laughing rolling_on_the_floor_laughing,non-sarcastic
Aab ptah chlega Rahul gandhi ka sach up walo ko bde jldi Congress ko vot kiya tha na face_with_tears_of_joy face_with_tears_of_joy face_with_tears_of_joy face_with_tears_of_joy,sarcastic
Dhruv crying in corner crying_face crying_face crying_face,non-sarcastic
aaaj tak ek dalal hai aur yah congress ka virodh karega kyunki bjp se paise khada hai,sarcastic
70 wala desi paua check_mark_button moai,non-sarcastic
oonn aurto ko pakistan ke pm imran ke pass bhejo,non-sarcastic
"e hijda ek rupiah bhi nahi de payega, kaha se layega?? ooske nani ke ghar se??",sarcastic
hamane hamaaree aulaado ko bolanaa shuroo kara diyaa naa to hamaaree aulaade tumhe kahee kaa nahee cho.degee hamaaree aulaade tumhaaree hee aulaadon se masjida tu.davaa ke vahaa mandira banavaaegee flexed_biceps,sarcastic
"Weekend planning mein zyada khushi milti hai, weekend mein nahi. Irony af hai yaar life!📅😅",sarcastic
Jo log bol re he modi hatega isko. Muje ye btao agr modi itna hi hindu vadi hota to 10 sal ho gye use ab tk htaya kyu nhi. Or ram mandir ka udghatan elections time pr kyu vo bi aadhe adhure mandir ka. Any bjp ka chamcha pls explain. And pls don't go back in past. Current k bat kro,non-sarcastic
crying_face crying_face crying_face crying_face crying_face crying_face,non-sarcastic
Abe iska ghar pata karo hai ki nhi daud ibraaheem ke bare mai bol raha face_with_tears_of_joy face_with_tears_of_joy,non-sarcastic
bhaaoo too chukeechyaa velelaa aaee ghaatalee skull,non-sarcastic
imraan Hasmi cross_mark Saif Ali Khan Hasmi check_mark_button face_with_tears_of_joy face_with_tears_of_joy,non-sarcastic
aa sale media bhai ko bhai se ladane ka kam karte hai,sarcastic
मी फक्त हया बाईमुळे उबाठा ला समर्थन देत नाही person_gesturing_NO नाही enraged_face enraged_face enraged_face,non-sarcastic
Lindus face_with_tears_of_joy face_with_tears_of_joy feeling we can't satisfy our women face_with_tears_of_joy,sarcastic
Transliterated_Comment,sarcasm_label
an to randakaa udbhava hilaa upanetaa aani pravaktepadee nematoya. baalaasaaheba chukalaata tumhee.,non-sarcastic
Mountain dew = dar ki ma ki chut face_with_tears_of_joy,sarcastic
jo madharchod hoga wali vote dega isko,sarcastic
eendia check_mark_button we are eendian...... *punjabi guys cross_mark,non-sarcastic
Kaun kaun Manta hai ki sabse bhrasht news channel aaj tak hai face_with_tears_of_joy face_with_tears_of_joy face_with_tears_of_joy,sarcastic
jai shree ram triangular_flag triangular_flag triangular_flag,non-sarcastic
"#liesnentell woh pareshan karte rahe, hum kam karte rahe - kejru",sarcastic
Swotahun bochat bambu gheichi khoojali face_with_tears_of_joy face_with_tears_of_joy,non-sarcastic
pahile ahoo ram ram bolte nantar bolte ram manar nahi .,non-sarcastic
ji please eradicate this Act to protect our country from Muslims. They have been grabing the Hindu properties under this stupid Acts.,sarcastic
aagar jinda hi toh toh bol na ki chadar se uth ke shakal dikhaye apni,sarcastic
Dhruv bhaiya isko study karke batana........Kejriwal pahla CM he jisko live show me PM ko sorry bolna pada tha wo bhi ek cheap harkat ke liye face_with_tears_of_joy face_with_tears_of_joy face_with_tears_of_joy face_with_tears_of_joy face_with_tears_of_joy face_with_tears_of_joy face_with_tears_of_joy face_with_tears_of_joy face_with_tears_of_joy face_with_tears_of_joy face_with_tears_of_joy fire fire fire fire fire fire fire,sarcastic
Gand me tagda dard hai face_with_tears_of_joy face_with_tears_of_joy,non-sarcastic
"@Pooja teri cooking ki tareef karne ka reason yeh hai ki agli baar invite mil jaye, samjhi? 🍝😉",sarcastic
shakal se atankwadi lag rha hai,non-sarcastic
car wale ki galti hai jo break mar diya,non-sarcastic
"bhai kya editing hai, oscar dedo isko",sarcastic
Gravity be like : to phle Jaa mai bad mai aata ho rolling_on_the_floor_laughing loudly_crying_face,non-sarcastic
face_with_tears_of_joy face_with_tears_of_joy face_with_tears_of_joy waah mullo BC ho,sarcastic
oop mai paida hona hi apne ap me garv ki bat hai,non-sarcastic
neri to fat ke hath me a gai,non-sarcastic
oyase to modi ne 15 lakh dena ka bhi vada kiya tha or rahul ghandi ne pyase kb dene ko kaha tha jb ki o pm banege tb,non-sarcastic
Jal ne wale jal te rahe ....munawar is the best,non-sarcastic
"Celeb ka new haircut, fashion ka naya devta ban gaya! 👶",sarcastic
clapping_hands clapping_hands clapping_hands clapping_hands clapping_hands clapping_hands clapping_hands clapping_hands clapping_hands,non-sarcastic
ek jhapad m moot deti ye behenkilodi hosh ata bhi ya nhi pta nhi chlta,non-sarcastic
jaline ki badbu arahi ha face_with_tears_of_joy bhadwe godi media,non-sarcastic
face_with_tears_of_joy face_with_tears_of_joy face_with_tears_of_joy face_with_tears_of_joy loot lo pese,sarcastic
enraged_face enraged_face enraged_face enraged_face enraged_face enraged_face enraged_face enraged_face enraged_face enraged_face enraged_face enraged_face enraged_face enraged_face enraged_face,non-sarcastic
Chutiya banaya tum sab ko . '' check_mark_button face_with_tears_of_joy face_with_tears_of_joy face_with_tears_of_joy,sarcastic
#CrackerNACrackKAR bolne wale ki baat mat sun,non_sarcastic
Comments mei log aise likh rahe hai ki Hindus ke bache hi nahi hai rolling_on_the_floor_laughing Lol this country is a Hindu country and almost 80% of the population are Hindus. If India is most populated country in this world is it because of rest 20%? I’m not supporting what he said or how he had answered it. Kisi aur ki religion ko blame krne se pehle khud ka v dekhlo yar thoda!,non-sarcastic
India is not eve for hackers moai,non-sarcastic
Kuch ni bolunga.. Kuch bolunga to bawaal ho jaega... face_with_tears_of_joy face_with_tears_of_joy face_with_tears_of_joy face_with_tears_of_joy face_with_tears_of_joy ... Jai shree ram,non-sarcastic
guru govindasinha jee kee baata yaada karo hindoo bhaaeeyon crying_face,non-sarcastic
Har poorane politicians ne apni maiya chudwayi hai,sarcastic
lets hope.. nujhe to umeed kam hai,non_sarcastic
Congress wale abhi PM nhi bane hai,non-sarcastic
ye to laure pe jhul rha h skull,sarcastic
hum sab ki jai ho cowboy_hat_face,non-sarcastic
hee aadhee rpi chee nantara raashtravaadeechee tyaanantara udhdava thaakarecha kitee janaanchee baayako hote te bagha agodara aalaa chaaloona kee ghetalaa ghaaloona raandee,sarcastic
face_with_tears_of_joy face_with_tears_of_joy face_with_tears_of_joy face_with_tears_of_joy face_with_tears_of_joy face_with_tears_of_joy face_with_tears_of_joy,non-sarcastic
dar ki ma ki c**t skull,non-sarcastic
kese neech log h humare desh men koi arab contry hoti too,sarcastic
Jay Shree ram triangular_flag raising_hands fire,non-sarcastic
aabe sale tihari tujhe dekhkar chinta hoti,non-sarcastic
5 star + dew = dar ki ma ki ch*t check_mark_button,sarcastic
fir hum terinhi matenhe ahr teri auladkibhi,non-sarcastic
dhruv bhai ka friend gaya ta na isliye itna jalta hr,non-sarcastic
Esko yahi baat Yogi ji ke samne bolne ko bolo face_with_tears_of_joy face_with_tears_of_joy face_with_tears_of_joy jcb is waiting where is next .,sarcastic
tere sir ke ya gardan ke uper chadha dia hota toh chu** bolne kelie khada na hota,sarcastic
do nothing ki ma ki chu check_mark_button,non-sarcastic
Mension house ka fire power moai fire check_mark_button face_with_tears_of_joy,non-sarcastic
#are wah !! ..... dharti ma ka yad ... supperb tu sawa sher h,non_sarcastic
raahula baabaa juta bola kara vota liyaa he paisaa kucha ghantaa naheen milegaa face_with_tears_of_joy,non-sarcastic
hi baaee baaraa lavadyaa chee aahe phaara folded_hands laaeeka karaa mitraanno thumbs_up,non-sarcastic
yahi sab ne ladai karai ha hindu nuslim kar kar ke warna na hindu bura ha na nuslim lekin ye ladai lagane wale bure ha,non-sarcastic
मोदी ने भी तो बोला था 15 lak ko le lo jake face_with_tears_of_joy,sarcastic
eenko chun kon raha hai? aaur kyu?,non-sarcastic
aactually ha barobar boltoi..... jar yacha bap koni motha builder asta tar 2 mins madhe polisanni yalapan nibandh lihun sodun dila asta,non-sarcastic
cartoonist ne google se nikala hai prestige ka meaning(google prestige meaning and see for yourself),non_sarcastic
Ab bolo proud to be mushlim face_with_tears_of_joy face_with_tears_of_joy face_with_tears_of_joy,sarcastic
yea .. i can not disagree with the confession ..... and yes ... i was among the exceptions ..,non_sarcastic
bike wale ma chod dena usi wakt,sarcastic
Mark them and remove the Indian citizen ship. India We respect you sister you tried to take the flag well done. red_heart,non-sarcastic
Mauntain Duke dar ki maa ki chu+ face_with_tears_of_joy,non-sarcastic
tujhe kisane karane bolaa thaa enraged_face enraged_face enraged_face ..,non-sarcastic
eenh bhosdiwalon ki toh pooreh khandan ko chodh kr chor na chahiye. nadarchodh gair jath ki aulad h yeh. enraged_face,non-sarcastic
Elvish ke vlog na ane par inhe maut aari thi ab ek muslim ko hate q.. Usne b mehnat kari hai fan following ke piche... Jalo mt face_with_tears_of_joy,non-sarcastic
na dance ki video banata hu,non-sarcastic
jo aaadmi 100 crpf ke dalali mai range harto pakda gya ho us se kya ummeed kar sakte hai ham,sarcastic
thik h bhai koi na labours ki kam h puri ho jayegi skull,non-sarcastic
grevitee kee maan chudaane aisee koee cheeja hee naheen hotee face_with_tears_of_joy,non-sarcastic
red_heart red_heart red_heart red_heart red_heart clapping_hands clapping_hands clapping_hands clapping_hands clapping_hands red_heart red_heart red_heart red_heart red_heart,non-sarcastic
face_with_tears_of_joy face_with_tears_of_joy face_with_tears_of_joy face_with_tears_of_joy face_with_tears_of_joy 85000 face_with_tears_of_joy face_with_tears_of_joy face_with_tears_of_joy face_with_tears_of_joy face_with_tears_of_joy,non-sarcastic
naro tm ja kr jahin .... kv koi moka nhi chorna nafrat failane ka,non-sarcastic
"India ne toss jeeta, match toh ab haath mein hai! 🏏",non_sarcastic
tu theek hai na? rulayega kya?,non_sarcastic
High ping rolling_on_the_floor_laughing rolling_on_the_floor_laughing rolling_on_the_floor_laughing rolling_on_the_floor_laughing rolling_on_the_floor_laughing,non-sarcastic
Transliterated_Comment,sarcasm_label
tum logon ke har kaam mein aesthetic angle zaroor hota hai,sarcastic
ne vaha hota to bike vali ki chod deta ese behaviour pr to,sarcastic
har scheme ka part 2 aata hai without part 1 result,sarcastic
Koi ise bhi tunnel Tak chor ke aavo re baba thumbs_up thumbs_up thumbs_up,sarcastic
Isliye kehte hai bjp laao red_heart red_heart red_heart red_heart,sarcastic
Khatakhat khatakhat April fool banaya gaya hai... face_with_tears_of_joy face_with_tears_of_joy,non-sarcastic
banda logically bat karta hai goo khane wale ke samajh se bahar hai,sarcastic
eenka dimag ghootno me hota h kya?,sarcastic
face_with_tears_of_joy face_with_tears_of_joy face_with_tears_of_joy grinning_face_with_sweat grinning_face_with_sweat grinning_face_with_sweat grinning_face_with_sweat grinning_face_with_sweat,non-sarcastic
dhruv rathi.......ap ke paltu german shepherd bhokna bandh kar chup hoja,non-sarcastic
Inko abhi bhi Jalan h face_with_tears_of_joy face_with_tears_of_joy,non-sarcastic
aisa neta har gali mein hona chahiye,sarcastic
tab vah Chief Minister tha kya,sarcastic
"aaatank failane wala hi sbse bada atankwadi hota hai, or atank failane ka kam avi ap kr rhe ho to sbse bda atankwadi ap ho face_with_tears_of_joy",sarcastic
enraged_face enraged_face enraged_face enraged_face enraged_face enraged_face enraged_face enraged_face enraged_face enraged_face enraged_face India India India India India check_mark_button check_mark_button,non-sarcastic
Chutiye ho rhe h ab ye,non-sarcastic
You have no respect Newton so take your apple and physics back skull_and_crossbones,sarcastic
"ye condom tere bap ko pehnna chahiye tha , tere jaisa chutiya andhbhkt paida nhi hota , tum jaise chutiyo ki wajah khatam hone ki kagar. p agya h",non-sarcastic
nehru agar zinda hota eeski godse me hi ban jati...,sarcastic
"try me beta, bike chalana hi bhool jaega, plus apke pitaji ake sorry bolege wo alag",sarcastic
jaba sa.daka pe chalegee to lagegee bhee yaara pyaara se bhee to baata kara sakatee hain bevajaha gaalee deree,non-sarcastic
logo change ke sath vision bhi reset ho gaya,sarcastic
face_with_tears_of_joy face_with_tears_of_joy face_with_tears_of_joy face_with_tears_of_joy face_with_tears_of_joy face_with_tears_of_joy,non-sarcastic
bow_and_arrow bow_and_arrow bow_and_arrow bow_and_arrow triangular_flag triangular_flag triangular_flag triangular_flag bow_and_arrow bow_and_arrow bow_and_arrow bow_and_arrow bow_and_arrow bow_and_arrow folded_hands_light_skin_tone folded_hands_light_skin_tone index_pointing_at_the_viewer index_pointing_at_the_viewer,non-sarcastic
500000 lak ka ghar mila fir bhe tum muslim kanyae viswas ghat kiya,sarcastic
sarkar ki taraf se ek aur tofa,sarcastic
Send this Tihadi return back to Jail. This man is literally became a Puppet of BJP/Rss and he always try to Spread Hatred,non-sarcastic
bjp lao hindu ladkiyon ko bachao,sarcastic
aaulad ki nasbandi karayi jayegi button backhand_index_pointing_right_light_skin_tone,non-sarcastic
nhi jab pakistan mai hindu ko ijat nhi milti or koi hak nhi jata sakte to ye hamare eendia mai ku jataye bahut galt hai ye,non-sarcastic
Proud of hindu triangular_flag triangular_flag triangular_flag,non-sarcastic
वैसे भी वह लिंग है.....तो कंडोम भी तो उसी के लिये बनाया हैं ना भाई face_with_tears_of_joy face_with_tears_of_joy face_with_tears_of_joy face_with_tears_of_joy face_with_tears_of_joy face_with_tears_of_joy,sarcastic
Ye. Jarur apne bhen chod ke ayya hai face_with_tears_of_joy,non-sarcastic
5 star + mountain dew = dar ki ma ki chut,non-sarcastic
face_with_tears_of_joy face_with_tears_of_joy face_with_tears_of_joy face_with_tears_of_joy face_with_tears_of_joy face_with_tears_of_joy,non-sarcastic
sir ase hi nahi sit ayi hai inki jhase diye gaye hai yai uska ak namuna hai,non-sarcastic
Bangladesh is not even for Indias face_with_tears_of_joy,sarcastic
aga cheenaala toopana gelee asatee naa aamachyaa prabhoonasobata aga randee tujhee laayakee taree aahe kaa cheenaala tujhee maayalaa jhava,non-sarcastic
kaba airdrop aayaa hai jaldee se loota lo,non-sarcastic
aab kehdo modi ki galati hai unamused_face,sarcastic
big boss ko bhi nam de do big boss jihad ka,sarcastic
mohhamad and allah mi ma ki choot,non-sarcastic
Jaa mc to kr face_with_tears_of_joy face_with_tears_of_joy,sarcastic
Commen Women cross_mark Super Women check_mark_button,non-sarcastic
Aag lg gai fire fire fire ab garmi se pagal ho gaye face_with_tears_of_joy face_with_tears_of_joy face_with_tears_of_joy face_with_tears_of_joy face_with_tears_of_joy smjh nahi ara ab kya bol rahe hai,non-sarcastic
jai jai shree ram raising_hands raising_hands,non-sarcastic
tari maa de lan face_with_raised_eyebrow enraged_face,non-sarcastic
face_with_tears_of_joy face_with_tears_of_joy face_with_tears_of_joy face_with_tears_of_joy face_with_tears_of_joy face_with_tears_of_joy,non-sarcastic
Iski dotted condom se Leni padegi smiling_face_with_heart-eyes smiling_face_with_heart-eyes,non-sarcastic
Khatakhat cross_mark gand marli phata phata check_mark_button face_with_tears_of_joy,non-sarcastic
Shameful on congress govt for making shit ruled,non-sarcastic
First salary! Treating mom-dad to dinner ❤️🍽️ #BigDay,non_sarcastic
hee kandoma phaatuna jhaalelee raanda middle_finger,non-sarcastic
face_with_tears_of_joy face_with_tears_of_joy face_with_tears_of_joy face_with_tears_of_joy face_with_tears_of_joy face_with_tears_of_joy,non-sarcastic
RT indiaforums : #MahaShivratri Celebration In Hum Hai Naa HumHainNaa_Sony SonyTV _kanwardhillon,non_sarcastic
eendia eendia eendia eendia eendia eendia eendia eendia eendia eendia eendia eendia eendia eendia eendia eendia eendia eendia eendia eendia eendia eendia eendia eendia eendia eendia eendia eendia eendia eendia eendia eendia eendia eendia eendia eendia eendia eendia eendia eendia eendia ee love my india red_heart red_heart red_heart red_heart red_heart,sarcastic
"pajama admi tu hain chutiya khi ki, yeh big boss, or iska winner banna desh ke liye koi mayine nahi karta... log is jese pta nhi iske jese kitne so called ghatiya influencer honge jo generation ko sirf or sirf barbad kar rahe hain... well kya kiya jaye jese l influencer wesi l supporting audience",non-sarcastic
gravity gayi machudane asi koi chees hi nahi hoti,sarcastic
Mne reel bhut niche tak scroll kri pr ek single muslim ka cmnt nhi mila face_with_tears_of_joy face_with_tears_of_joy face_with_tears_of_joy,non-sarcastic
"effat university wins the 1st "" p&amp;g's university challenge "" at the procter and gamble's university competition .",non_sarcastic
Dhruv Rathee cross_mark Aam admi party worker check_mark_button,sarcastic
aaur #rahulgandhi ji ne apni hi party aur apne pariwar k itne salon k is mehnat par ek aur #selfgoal kar diya ...,non_sarcastic
wah ky soch hai re teri,non-sarcastic
India India India India enraged_face enraged_face,non-sarcastic
sagale hyaa baaee saarakhyaa raanda nasataata..,non-sarcastic
ye aandhalee thobaada bagha tujhan tujhee laayakee pana naahee,non-sarcastic
"Ye bolta hi kyu h, jb knowledge nhi h uss topic ke bare me to",non-sarcastic
aare randiyo ko ye sab sobha nahi deta,sarcastic
Gravity छुट्टी पर था। face_with_tears_of_joy face_with_tears_of_joy face_with_tears_of_joy face_with_tears_of_joy,non-sarcastic
ye galat h ye ladki galat h xxx,non-sarcastic
The reason why we need bjp,non-sarcastic
dar ke ma ka choot skull,non-sarcastic
bhikaarachota baaee.. dokyaata gu bharalaaya hichyaa,sarcastic
aangrezo bhaaraat chhodo,sarcastic
Ka fir se kaat gaya rolling_on_the_floor_laughing rolling_on_the_floor_laughing grinning_face_with_sweat grinning_face_with_sweat,non-sarcastic
es par case hona chahiye. es prakar sanatan kajak. nahi utha sakta koi,non-sarcastic
Pagal abhi Ram Mandir abhi Kashi Mathura baki hai jay jay shree ram red_heart red_heart red_heart,sarcastic
sala itna slow toh mera realme ka phone v nhi tha,sarcastic
Mountain dew Dar ki ma ka chu face_with_tears_of_joy face_with_tears_of_joy,sarcastic
ees news wale ko aur kisi winner ke bhir dekh ke chinta nahi huee..,non-sarcastic
bol do rahul hi tumhara sb karuga,non-sarcastic
Yah baat ab kaise Mane batao face_with_tears_of_joy face_with_tears_of_joy face_with_tears_of_joy face_with_tears_of_joy,non-sarcastic
kya speech diya hai bhai sahab,sarcastic
rolling_on_the_floor_laughing rolling_on_the_floor_laughing rolling_on_the_floor_laughing rolling_on_the_floor_laughing rolling_on_the_floor_laughing rolling_on_the_floor_laughing rolling_on_the_floor_laughing rolling_on_the_floor_laughing rolling_on_the_floor_laughing rolling_on_the_floor_laughing rolling_on_the_floor_laughing rolling_on_the_floor_laughing rolling_on_the_floor_laughing rolling_on_the_floor_laughing rolling_on_the_floor_laughing rolling_on_the_floor_laughing rolling_on_the_floor_laughing rolling_on_the_floor_laughing rolling_on_the_floor_laughing thumbs_up,non-sarcastic
aab do 1 lakh bap ke ghar se lake dono milkar sehjade aur nawabjade,non-sarcastic
tu randi ahe mhnun ass bolat ahe ka anty,non-sarcastic
khata khat paise aay kya skull woozy_face,non-sarcastic
tujhee kaaheecha chukee naahee tu galateena jhaalelee aulaada aahe tujhee garaja nasataanaa kelelee chuka tujhe aaee vadeela pashchaataapaata asateela aamhee hi sarvaata mothee chuka kelee face_with_tears_of_joy rolling_on_the_floor_laughing,non-sarcastic
chala e raanda jhaavani chee cheenala bikini bikini bikini,sarcastic
face_with_symbols_on_mouth angry_face angry_face angry_face angry_face angry_face,non-sarcastic
Gravity ki maa chud gayi idhar rolling_on_the_floor_laughing rolling_on_the_floor_laughing rolling_on_the_floor_laughing,non-sarcastic
Jb answer likhna necessary ho or smjh na aarha ho to is trha likhe face_with_tears_of_joy,non-sarcastic
raising_hands रात रात भर ऑफिस में समय कटेगा और कंडोम भी फटेगा raising_hands raising_hands raising_hands raising_hands जो हमारे सनातन धर्म को बदनाम करेगा वो बक्सा नहीं जाएगा red_heart red_heart red_heart,sarcastic
Kon aahe he jaat Kay aahe hechi face_with_tears_of_joy marathi boli ki hai nahi he marathi aahe …. Jay heshoba ne he boltey watay hecha affair kontay Muslim barobar ashnar face_with_tears_of_joy,non-sarcastic
graivitee kee maa.n kee choota pahalee bachchaa bachaanaa hai,non-sarcastic
bhai inko smjha ki eek hindu or tum 7,sarcastic
tumhara roadmap kahaniyo se kam nahi,sarcastic
gand fad diye bhaiya ji fire,non-sarcastic
मुलगी शिकली प्रगती झाली face_with_tears_of_joy face_with_tears_of_joy,non-sarcastic
ye sb humse kab milenge mil gye n dubara nhi humse milege,sarcastic
Dar ke maa ki chut winking_face_with_tongue smiling_face_with_sunglasses,non-sarcastic
1 sal or ruk jata crying_face,non-sarcastic
tyaa uddhava laa aamhee vota naaya karanaara aataa.,non-sarcastic
samor ali na nahi tuza kaftyat dili na ky rahile,non-sarcastic
aba isake khilaapha f i r kyoo nahee huaa aba vipchi paartee munha men saanpa soongha liyaa koee kucha nahee bolenge,sarcastic
Germon sheferd ko bolti band face_with_tears_of_joy,non-sarcastic
Now RG ...lets ready for JPC,non-sarcastic
L#@%a bana diya!,sarcastic
Pappu pappu bna gya pappu logo ko face_with_tears_of_joy face_with_tears_of_joy face_with_tears_of_joy,sarcastic
eese sirf jalan kahate hain jalan yah kuchh kar nahin sakte isliye niyan bhai se jalte hain,sarcastic
rolling_on_the_floor_laughing rolling_on_the_floor_laughing rolling_on_the_floor_laughing rolling_on_the_floor_laughing khata khat khata khat milega 8500 av face_with_tears_of_joy face_with_tears_of_joy,non-sarcastic
nujhe yah bat samajh nahi a rahi hai yah log jab aapne hi ghar mein karte hain bahar karne ki jarurat nahin padati to bhaiya inki itna khandan kahan se bhar jati hai aaasman se yah jameen se oog jati hai face_with_rolling_eyes face_with_rolling_eyes,non-sarcastic
ye unpad logo ne mil kr sle desh ko berbad kiya hai sala ye log kyu eendia me rukk gye nhi rukte tho ajj kitna santi hota kitne log zinda hota ajj,non-sarcastic
rolling_on_the_floor_laughing rolling_on_the_floor_laughing rolling_on_the_floor_laughing rolling_on_the_floor_laughing rolling_on_the_floor_laughing rolling_on_the_floor_laughing,non-sarcastic
Bjp ke against Pawan singh uthe to unhe bhi Hara diye proud to be Bihari,sarcastic
Jab Yogiji bulldozer nikalenge tab randi rona tum hi karoge face_with_tears_of_joy,sarcastic
ye mil gya na agar kbhi sale ka bhoot bna dunga.....chahe jail mai sdna pde,non-sarcastic
jal rehi ha sab ki fire fire agg lagi ha en ka picha,non-sarcastic
10 sal raj ke hamare account mein paise nahin aaaye 15 lakh rupaye,non-sarcastic
aatankwadi to ab h vo bhi pure hindustan p kabza kre h,non-sarcastic
PM toh bana nahi kaise deta tha PM banne ke baad khatakhat aane waale the face_with_tears_of_joy,sarcastic
Hat bhosdike I rolling_on_the_floor_laughing rolling_on_the_floor_laughing rolling_on_the_floor_laughing,sarcastic
mujhe garva hai ki main hindoo hoon triangular_flag triangular_flag triangular_flag triangular_flag triangular_flag,non-sarcastic
hoojura maraathe aa gaye yaha soonoge to paakistaana me bhaagoge fire fire,sarcastic
jhavaade gapa tujhyaa aaeechee poochee laande chee avalaada aahe hee enraged_face oncoming_fist_light_skin_tone middle_finger_light_skin_tone,non-sarcastic
Remove Waqf and transform everything into govt properties including masjid,sarcastic
yeh lagta hai ke nehru ke khabdan ke 40000 crore waqh board ko de kar 8.2 lakhs jammin wapas india ki honi chahiye face_with_tears_of_joy,non-sarcastic
Ye to serial ka seen h face_with_tears_of_joy face_with_tears_of_joy face_with_tears_of_joy,non-sarcastic
Isle German shepherd kuch ni bolega,non-sarcastic
kya sb hindu mar gye h,sarcastic
Bro destroys 2000 dhruv tatti in fun face_with_tears_of_joy fire,non-sarcastic
5star sparkles dar ki maki c..... moai skull,sarcastic
Secularism and equality of india clown_face,sarcastic
aapni bato ko manvane ke liye desh ki ijjat se khilbad nahi karte.,non-sarcastic
"presentation strong, execution invisible",sarcastic
ham log paise ki zarurat nai hai hame sirf respect rahul gandhi hona ap ko,sarcastic
Uski aukat hogi to dega na bhadva sala face_with_tears_of_joy face_with_tears_of_joy,sarcastic
procrastinating .i need to get ready for the 6th district chicago police rally against violence .chi-town cheer will be performing .king dr .,non_sarcastic
Aye madarchod ko syd marna hai face_with_tears_of_joy face_with_tears_of_joy face_with_tears_of_joy,non-sarcastic
dekh bhai mera secret hai ye combo,non-sarcastic
yaa baaeelaa ghode baila laaoona naagadee karoona jhavaa saalee randee,non-sarcastic
Mountain dew cross_mark ChaCha On Riskiman check_mark_button,non-sarcastic
nountain dew darr ki ma ki chu,sarcastic
अबे बेवकूफों उसने सरकार बनने पर कहा था face_with_tears_of_joy face_with_tears_of_joy face_with_tears_of_joy,sarcastic
hum hindu logo mein hi ekta nahi hai,non-sarcastic
unako ko bota lene the aba koee pese naheen milenge kyon garmee men pareshaana ho raho,sarcastic
nountain dew dark madarchod moai moai,non-sarcastic
No.The entire property of the Waqf Board should be taken over by the Government of India.,non-sarcastic
jab kejriwal jail gya tha 2012 me yo cm nahi tha beta dhruv is always right,sarcastic
bandaa kaise suna rahaa itanaa isakee .. eka raipataa lagaa de kheencha ke utha naa paayegee dubaaraa,non-sarcastic
eenko lagta hai koi abhi tak ache she choda nahi hai,sarcastic
agar ne is class me hoti to kissi b boy ko top na karnr deti . . . isme b toper me hi hoti . . . .,sarcastic
Transliterated_Comment,sarcasm_label
inhee mcऑna kee vajaha se anya sabhee mahilaaon kaa naama badanaama hotaa hai |,non-sarcastic
gravity nhi hoti asa kuch nhi hota bol jau gravity ko aga,sarcastic
jab bhi vlog karte hai tab hi accident kyu hota hain?,non-sarcastic
जिस जिसका सुबह खड़ा रहता है smiling_face_with_heart-eyes वो LIKE करे see-no-evil_monkey face_with_hand_over_mouth backhand_index_pointing_right backhand_index_pointing_right,non-sarcastic
Chutiye ki chatni chaat kr aaya h yeh chutiya face_with_tears_of_joy face_with_tears_of_joy,non-sarcastic
Godi Media face_with_tears_of_joy Pakistani media face_with_tears_of_joy,sarcastic
5 star + montain dew= dar ki maa ki **** rolling_on_the_floor_laughing face_with_tears_of_joy,non-sarcastic
np ke hindu cross_mark kattar hindu check_mark_button,non-sarcastic
2024 main agar bjp ayega toh hojayega ye bill pass,non-sarcastic
Eat 5 star do nothing star,sarcastic
hilaa budhavaara petha madhye nyoo sodaavaa asan kunaakunaalaa vaatatanya te laaeeka karaa enraged_face,sarcastic
wo din dur nhi jb hinduo ki property pey bhi muslim waqf key nam pey kbja kr leyngey,sarcastic
uddhava shivasenaa sanpanaara 2024 laa yaa baaeemule triangular_flag,non-sarcastic
to maa chudale builder ke niche thumbs_up_light_skin_tone,sarcastic
Mil lagaya paisha hogaya kush.... face_with_tears_of_joy face_with_tears_of_joy face_with_tears_of_joy face_with_tears_of_joy,sarcastic
"Education is most important thing , proud be a sanatani triangular_flag triangular_flag triangular_flag triangular_flag triangular_flag",non-sarcastic
Just started journaling. Mind clear karne ka best tareeka hai yeh!📝✨ #SelfCare,non_sarcastic
ne bolna chahta hu babari be hamare ram mandir chenkar najid bhnaytha na esaliye hambi babari najid todkar ram mandir bhnadiyea,non-sarcastic
Bhen hi chod ti puri reel di person_facepalming_medium-light_skin_tone,sarcastic
Or fir mai usko pura sach bataunga face_with_tears_of_joy face_with_tears_of_joy face_with_tears_of_joy,non-sarcastic
bhagao yar is wtf board wale ko is desh se. jai sreeram,non-sarcastic
Gravity ki to maa chod di isne face_with_tears_of_joy,non-sarcastic
enraged_face enraged_face enraged_face enraged_face enraged_face angry_face angry_face angry_face angry_face,non-sarcastic
Uncle to daar - le re lund ke muut diya sweat_droplets face_with_tears_of_joy,non-sarcastic
triangular_flag triangular_flag triangular_flag triangular_flag triangular_flag triangular_flag triangular_flag triangular_flag triangular_flag triangular_flag triangular_flag triangular_flag triangular_flag triangular_flag triangular_flag triangular_flag triangular_flag triangular_flag triangular_flag triangular_flag triangular_flag triangular_flag triangular_flag triangular_flag triangular_flag triangular_flag triangular_flag triangular_flag triangular_flag,non-sarcastic
pehle jake aapne bhai ko satisfaction de do wo intazar kar raha hoga,sarcastic
aasl my ap ko digest nhi ho rha ky muslim kasy jeet gya phut chl nikal,non-sarcastic
jab jitaya nahe to kesa pesa face_with_raised_eyebrow,non-sarcastic
ફટાફટ ફટાફટ ચાલુ થઈ ગયું વેણીલો પૈસા બેની લો,sarcastic
teri ma ki chut sale hizade nalle ko aulad enraged_face,non-sarcastic
10 dukkara mele asateela tevhaa hyaa baaeechaa janma jhaalaa asela face_with_symbols_on_mouth enraged_face,non-sarcastic
sb congress ke den h yeh enraged_face enraged_face enraged_face enraged_face,non-sarcastic
Aab kya mere lo*de pe jinda h face_with_tears_of_joy face_with_tears_of_joy face_with_tears_of_joy,sarcastic
Or jita lo face_with_tears_of_joy face_with_tears_of_joy face_with_tears_of_joy,sarcastic
Goa trip with ₹10k budget! 🌊 #BeachVibes + friends = priceless 😎,non_sarcastic
jao pakistan chla jao agr eendia psnd ni h toh,sarcastic
ha yar hijada hai enraged_face enraged_face enraged_face enraged_face,non-sarcastic
face_with_tears_of_joy face_with_tears_of_joy face_with_tears_of_joy face_with_tears_of_joy face_with_tears_of_joy face_with_tears_of_joy,non-sarcastic
Bike motorcycle power battery flexed_biceps face_with_tears_of_joy,non-sarcastic
Desh se bahar walo se lad loge or jo ye ander se khokhla kre h inka kya kre face_with_symbols_on_mouth,sarcastic
5 Star (do nothing) face_with_tears_of_joy mountain dew (Darr ki maa ki ch**t) face_with_tears_of_joy,sarcastic
Transliterated_Comment,sarcasm_label
teri ma hr jgh ghodi jrur bnti h,sarcastic
bine thook k pel diya tera DHRUV KO rolling_on_the_floor_laughing,non-sarcastic
Ek thappad do or chalte bano,sarcastic
chal nikal pakistan jaaa beee goblin goblin goblin goblin,sarcastic
aaise logo ke sath aisa hi hona chahiye.....,sarcastic
AaP jinda ho crying_face crying_face crying_face,sarcastic
galti karo tum our jale puri duniyaa haan wah rolling_on_the_floor_laughing rolling_on_the_floor_laughing,sarcastic
Moye Moye face_with_tears_of_joy face_with_tears_of_joy face_with_tears_of_joy face_with_tears_of_joy face_with_tears_of_joy,non-sarcastic
"pilot project announce hua, implement nahi",sarcastic
Dal midia face_with_tears_of_joy face_with_tears_of_joy face_with_tears_of_joy face_with_tears_of_joy face_with_tears_of_joy,sarcastic
tum logon ka drama har level cross kar gaya,sarcastic
tu pan punyat budhvar madhil vateety,non-sarcastic
Waqf act is completely non secular act,non-sarcastic
madam se condum jyada use kre hai,sarcastic
India India India enraged_face enraged_face enraged_face,non-sarcastic
aaee baapa bolataata aamachee mulagee daॉktara banaayalaa gelee aahe face_with_tears_of_joy aani mulagee baghaa,non-sarcastic
face_with_tears_of_joy face_with_tears_of_joy face_with_tears_of_joy face_with_tears_of_joy face_with_tears_of_joy china OK_hand,non-sarcastic
aare jitne se milega na check_mark_button,sarcastic
bhai mene like vhi kar diya tha us reel ko,non-sarcastic
we don't want sikh like them,non-sarcastic
Ye log 15 lakh lene aaye hai face_with_tears_of_joy face_with_tears_of_joy,sarcastic
ees sali ko ab koi kuch n bolega,sarcastic
santa se kiyaa chala narka ke raaste kholataa hai,non-sarcastic
tum logon ko babri masjid pakistan mein banani chahie bolo jay shri ram triangular_flag triangular_flag triangular_flag triangular_flag,sarcastic
behenchod jab bacche ko bachana hi h toh eenta kyu feka?,non-sarcastic
sarkar kaha bani modi hi tho bana,sarcastic
nodi ji aynge is bar is waqf board ki gand marenge is sal check_mark_button fire,sarcastic
eit 5 start do nating mountain dew dar ka maki ch ****,sarcastic
person_facepalming person_facepalming person_facepalming person_facepalming person_facepalming person_facepalming,non-sarcastic
o madarchod dhruv rathi ab kha gya tu ab kyn ni bna rha ab apne channel se kyn avaj ni uta rha ....ab to gle m loda fsa k beta hoga islie avaj ni nikl rhi teri....bate chodne m to no. 1 hain tu ab bol ink lie in khalistanio ko enraged_face,sarcastic
Transliterated_Comment,sarcasm_label
tum logon ka plan AI bhi samajh nahi paya,sarcastic
Transliterated_Comment,sarcasm_label
ba.diyaa huaa tumhaare saatha pa.dhe likhe bevakoopha,sarcastic
face_with_tears_of_joy face_with_tears_of_joy face_with_tears_of_joy face_with_tears_of_joy face_with_tears_of_joy opin nahi krni ye baat hoyee batana nahi face_with_open_mouth face_with_open_mouth,sarcastic
Up ke hindu cross_mark up ke hijre check_mark_button,sarcastic
jai shree ram triangular_flag triangular_flag triangular_flag triangular_flag,non-sarcastic
Meri glti hai ki mai reels dekh rahi hun smiling_face_with_tear smiling_face_with_tear,non-sarcastic
Tum log kitni bhi koshis karlo Instagram delete nhi karunga face_with_tears_of_joy face_with_tears_of_joy face_with_tears_of_joy,sarcastic
नारी शक्ति से भगवान ही बचाये rolling_on_the_floor_laughing rolling_on_the_floor_laughing,sarcastic
But sarkar to bjp ki bani nnn face_with_rolling_eyes,non-sarcastic
har flags ka respect krna chahiyai,non-sarcastic
Didn’t even formed government yet and started asking money …modi paid actor face_with_tears_of_joy,sarcastic
hamari kashti wahan doobi jahan pani kam tha,sarcastic
hindu ab hindu ko galiya dene laga,non-sarcastic
यूपी में हिंदू नहीं cross_mark हिजरे है check_mark_button crying_face crying_face crying_face दिल तोड़ दिया तुमलोगी ने,non-sarcastic
to ata pakistanat ja rahayala..... yedi kuthali.... laj vatali pahije tula... jithe rahate... khate..... tethech tondatun hagates.....,sarcastic
हिजड़े हो तुम लोग check_mark_button check_mark_button,sarcastic
comment krne se pehle ye dekho ki tumhe bhi ram nam ka prachar karne ka updesh dete rehna hamesha,sarcastic
face_with_tears_of_joy face_with_tears_of_joy face_with_tears_of_joy face_with_tears_of_joy khadi raho face_with_tears_of_joy face_with_tears_of_joy face_with_tears_of_joy,non-sarcastic
Owaisi fate condom ka natija hai face_with_tears_of_joy face_with_tears_of_joy face_with_tears_of_joy face_with_tears_of_joy,sarcastic
face_with_tears_of_joy face_with_tears_of_joy face_with_tears_of_joy face_with_tears_of_joy face_with_tears_of_joy face_with_tears_of_joy,non-sarcastic
"field team ko tweet mil gaya, kaam nahi",sarcastic
मला तर पिंक आवडते relieved_face relieved_face smiling_face_with_heart-eyes red_heart face_with_hand_over_mouth face_with_hand_over_mouth face_with_tears_of_joy,non-sarcastic
sab khana kha ke daru pee chale gaye..,non_sarcastic
congress ka sarkar hota to mil jata na,sarcastic
India India enraged_face enraged_face enraged_face enraged_face,non-sarcastic
aaabhi to sarkar ahi hai mahina bhi nahi hua. or hatho hath suvidha chahiye sabh ko,sarcastic
ye bhi sala condam ka hadsa hai,non-sarcastic
kyonki dhruva raathee ko hindustaana se koee matalaba naheen hai use matalaba hai sirpha bhaajapaa se isa bhaajapaa ke khilaapha galata bola rahaa hai kyonki kaangresa se paise khaa rakhe hain moai moai moai,sarcastic
tuzya aila kiti jnani zvlya (1me),non-sarcastic
Sapne me Zinda thi face_with_tears_of_joy face_with_tears_of_joy,non-sarcastic
bhai nuslim hindu ki bad me bat krte hai ye chutiya janta hai jo is level ka chutiyapa jaise munwar jitega sabki biviyo ko pregnant karega ya sab ma ka beta banega usane hindu devi devta ko gali diya hai majak banaya hai standup karna hai to apni baheno pe krna chahiye apne bete pe kar apne babar pe kar apne paigambar pe kar na fir bhi hamare desh ki chutiya janta sab bhul ke usako vote ki jisame pure show me kuchh nhi kiya,sarcastic
15 lakh wala wadha yad nhi hain face_with_tears_of_joy,non-sarcastic
Abe Tu chal Abe tu chal rolling_on_the_floor_laughing,non-sarcastic
Police wale in rider ko shii Tod te hain ye bike ko aukat se jada tezz bhagate hain face_with_tears_of_joy,sarcastic
Inko khatakhat to nahi mila.. Inko jute padenge fatafat face_with_tears_of_joy face_with_tears_of_joy,sarcastic
ma chuda totichor face_with_tears_of_joy face_with_tears_of_joy face_with_tears_of_joy,sarcastic
nodi ji yogi ji triangular_flag triangular_flag,non-sarcastic
Abe sale Katwe face_with_tears_of_joy face_with_tears_of_joy face_with_tears_of_joy,sarcastic
not ke pass jata hua skull_and_crossbones,non-sarcastic
abhi to election huwa hai rolling_on_the_floor_laughing bhokea fakeer ko bheek ke jaldi face_with_tears_of_joy face_with_tears_of_joy face_with_tears_of_joy,sarcastic
ya pudhe nusta chaddi ghalun rila banva,non-sarcastic
gay ka mut pee ke mar ja crying_face,non-sarcastic
Zara socho agar puray desh mai congress jeet jati thoo halat kyaa hota rolling_on_the_floor_laughing rolling_on_the_floor_laughing rolling_on_the_floor_laughing,sarcastic
Chutiya act or chutiya act banane wala check_mark_button,non-sarcastic
Empty vessels make more noise face_with_tears_of_joy,non-sarcastic
Aisa bhi kya bataya nahi jaraha chacha sey clapping_hands face_with_tears_of_joy face_with_tears_of_joy face_with_tears_of_joy face_with_tears_of_joy,sarcastic
tujya gadipay aaa g aaacha deval kaibotee,sarcastic
Gravity abhi chut mra rhe hai,non-sarcastic
aabay budhdhay dimag khisk gya hai kya tera face_with_tears_of_joy,sarcastic
आम्ही महिलांची इज्जत करतो. पण रांडाची नाय रांड आहे भडवी साली इच्या आईला घोड्या ने झवल होत वाटत म्हणून फाटक्या तोंडाची झाली साली ही आईझवाडी enraged_face enraged_face enraged_face enraged_face enraged_face enraged_face enraged_face enraged_face enraged_face enraged_face enraged_face enraged_face enraged_face enraged_face enraged_face enraged_face enraged_face enraged_face enraged_face enraged_face enraged_face enraged_face enraged_face enraged_face enraged_face enraged_face enraged_face enraged_face enraged_face enraged_face enraged_face enraged_face enraged_face enraged_face enraged_face,sarcastic
jina logon ke paasa yaha phaॉrma hai una logon kaa aba se raashana kaarda banda muphta kaa raashana banda,non-sarcastic
Reason why there is unemployment and poverty in India. #UCC #NotMoreThan2ChildrenPolicyInIndia,non-sarcastic
face_with_tears_of_joy face_with_tears_of_joy face_with_tears_of_joy face_with_tears_of_joy face_with_tears_of_joy face_with_tears_of_joy face_with_tears_of_joy rolling_on_the_floor_laughing rolling_on_the_floor_laughing rolling_on_the_floor_laughing rolling_on_the_floor_laughing rolling_on_the_floor_laughing,non-sarcastic
aagre yahin koi hindu bhia ka hota toa ees news ka keya vide hota bhai is desh naine hindu or nuslim ko aaram se rahane do please new naine is tarha ki news matalb mat batao trp ke liye,sarcastic
Are kahna kya chahte ho face_with_tears_of_joy,non-sarcastic
vishwas nahi ho raha ki aisa bhi ho sakta hai,sarcastic
logo ko ullu banane wale ko solid reply .,sarcastic
tum logon ke goals sirf hashtags me complete hote hain,sarcastic
face_with_tears_of_joy face_with_tears_of_joy yahi reh gaya enraged_face,non-sarcastic
index_pointing_up saudi_aarabia green_heart green_heart green_heart green_heart green_heart green_heart green_heart green_heart green_heart green_heart green_heart green_heart green_heart green_heart green_heart green_heart green_heart green_heart green_heart green_heart green_heart green_heart green_heart green_heart green_heart green_heart,non-sarcastic
Right information portrait in wrong way,non-sarcastic
Heart touching cross_mark gravity touching check_mark_button,non-sarcastic
saa yata masheena kharaaba hoo gayee hogee.khataakhata khataakhata,sarcastic
cn k bat horahi h gavar,sarcastic
Yaar ‘healthy relationship’ ka matlab pata chala: 3 days se reply nahi aaya. Mast hai! 💔 #SingleForever,sarcastic
Char chawanni ghode pe Sudhir Chaudhary mere laude pe middle_finger_light_skin_tone,non-sarcastic
eetna aacha to likhta hai aur ek essay hi likhna hai bas skull_and_crossbones,sarcastic
Brick took 10 business days to fall loudly_crying_face,non-sarcastic
ye rider hAi or sath me tu v h,non-sarcastic
Gravity ki MKC esi koi cheez hi nahi hoti... face_with_tears_of_joy face_with_tears_of_joy,sarcastic
clapping_hands clapping_hands clapping_hands clapping_hands clapping_hands clapping_hands clapping_hands,non-sarcastic
Waah bhai Newton maar Gaya is leye gravity ko b maar diya waah beta wah face_with_tears_of_joy face_with_tears_of_joy face_with_tears_of_joy,sarcastic
Transliterated_Comment,sarcasm_label
Hindu cross_mark hijade hai check_mark_button enraged_face,sarcastic
koi na. nodi ji hai to mumkin hai. karara jawab milega,sarcastic
Dosa ke saath cold coffee ka combo next-level hai. Must try! 🍽️🤤,non_sarcastic
Pata pat pata pat Lelo moye moye rolling_on_the_floor_laughing rolling_on_the_floor_laughing,non-sarcastic
Uncle wo toh thik h pr aap nhi leja paaenge population aage slightly_smiling_face,sarcastic
"Didi ( speed,distance,time) ch padhna bhul gyi lagta hai slightly_smiling_face",non-sarcastic
हिच्या puchhhhhit bulaa ghatala पाहिजे... face_with_tears_of_joy,non-sarcastic
skull skull skull skull cross_mark cross_mark cross_mark rolling_on_the_floor_laughing rolling_on_the_floor_laughing check_mark_button check_mark_button face_with_tears_of_joy face_with_tears_of_joy cross_mark_button cross_mark_button cross_mark rolling_on_the_floor_laughing moai moai skull skull skull cross_mark,non-sarcastic
face_with_tears_of_joy face_with_tears_of_joy face_with_tears_of_joy face_with_tears_of_joy face_with_tears_of_joy face_with_tears_of_joy face_with_tears_of_joy face_with_tears_of_joy face_with_tears_of_joy,non-sarcastic
It’s not 8.5L property loudly_crying_face loudly_crying_face loudly_crying_face loudly_crying_face loudly_crying_face it’s approximately 8.5L acres,non-sarcastic
khamba gadha nahi. kuttiya mootne bhi a gai.,sarcastic
nountain dew dar ki ma ki chut,non-sarcastic
bolne de bolne de takleef huwa hai bechare ko,non-sarcastic
sanatan hi satya hai triangular_flag triangular_flag,non-sarcastic
Bohot vahiyat joke tha bilkul bhi maja nahi aaya rolling_on_the_floor_laughing rolling_on_the_floor_laughing rolling_on_the_floor_laughing ye 1500 saal pehle aae hue log. Surpankha ki aulad rolling_on_the_floor_laughing rolling_on_the_floor_laughing rolling_on_the_floor_laughing rolling_on_the_floor_laughing,sarcastic
aaise log ki paidaisi hi mix hoti h,non-sarcastic
kichu kichu manush na je sune khota bole,non-sarcastic
le hagg diya tere me daruuh rayhi,sarcastic
shivaji maharaj ko janti ho na tum face_with_tears_of_joy face_with_tears_of_joy face_with_tears_of_joy face_with_tears_of_joy,non-sarcastic
chapri rider sahi chala na biker ko badnam karte ho,non-sarcastic
public speech dekh kar lagta hai drama school ka showcase hai,sarcastic
Ham up wale hijde hai crying_face,non-sarcastic
aaap tb kha thai jb ooss time mandir toda gya tha,non-sarcastic
tee yekaa baapaachee aahe kaa baghaayalaa paahije,non-sarcastic
tuma jaba poochaa javaaba nahee diyaa to tuma next poocho usee pe yuddha mata kara lo tuma ok,non-sarcastic
vidiyo banavataanaa parinaamaachaa vichaara naahee kelaa aataa radagaane karatoya face_with_tears_of_joy face_with_tears_of_joy madhyama vargeeya saamaanya gharaateela aahe...,non-sarcastic
Meri mall ki life ki pehli movie face_with_tears_of_joy face_with_tears_of_joy face_with_tears_of_joy face_with_tears_of_joy face_with_tears_of_joy,sarcastic
chapri log hote h ye tmij to h nhi chutiye ko,sarcastic
or raapoosto ko heendoo dhraan ne deeyaa jaataa haaee saannaan ...gujrat,non-sarcastic
Dhruv Rathee never talks about this,non-sarcastic
pahali bat india secular nahi ye hinduvo ka desh h or dusri bat hume iss bar 400 par chahiye fir sab waqf ko fq kar denge bjp fire,sarcastic
"Kal se roz meditation start kar raha hoon, mental peace is priority. 🧘‍♀️✨ #Mindfulness",non_sarcastic
face_with_tears_of_joy face_with_tears_of_joy face_with_tears_of_joy ye log pagal ho gye j,sarcastic
Proud to be Hindu triangular_flag face_with_tears_of_joy,non-sarcastic
"bhai india me ake kar dharna , caneda me bethe dharna karne se kya hoga face_with_tears_of_joy , idhr ao gand pel denge tumari",sarcastic
ankh band karte hi shruti hassan nazar ati hai,sarcastic
Yehi hota hain jab kale nhi bikte face_with_tears_of_joy,sarcastic
Boche par hath laga k feel le raha hai,non-sarcastic
Par Baby ko Waha Pe Kisne Rakha confused_face,non-sarcastic
"public ko pata hi nahi chala, desh badal gaya",sarcastic
Heart touching cross_mark doll touching check_mark_button,non-sarcastic
Kya padhai kiya tha re rathiii face_with_tears_of_joy face_with_tears_of_joy face_with_tears_of_joy,sarcastic
Mujhe to nhi dhekti face_with_tears_of_joy face_with_tears_of_joy face_with_tears_of_joy face_with_tears_of_joy,sarcastic
Dhruv rathee sudhanshu ji ke jhaat brabar bhi nhi hai face_with_tears_of_joy,sarcastic
Sudhansu Trivedi be like - Aur dimag khrab hoga to aur list khol dunga winking_face_with_tongue winking_face_with_tongue winking_face_with_tongue face_with_tears_of_joy face_with_tears_of_joy face_with_tears_of_joy rolling_on_the_floor_laughing,sarcastic
Isko bolte udta tirr upne Gand mai Lena face_with_tears_of_joy face_with_tears_of_joy,non-sarcastic
eka eka karake sabhee phlevara ke saatha saba isake maje lenaa fire,non-sarcastic
"Chutiya show , chutiya winner face_with_tears_of_joy",non-sarcastic
aare bhaaee navaryaalaa sodoona iche 4 laphade asateela baahera aani aamhaalaa saangate aahe te face_with_tears_of_joy,non-sarcastic
I love you Rahul Gandhi face_blowing_a_kiss face_blowing_a_kiss face_blowing_a_kiss face_blowing_a_kiss,non-sarcastic
Jay shree ram fire red_heart fire,non-sarcastic
Up ke hindu hijde he bharosa utt gya in sab se aab logo kaa vishwasghat Kiya he inhone ram ji se jay shree ram folded_hands triangular_flag triangular_flag,sarcastic
bhai tu yeh deserve karta hai kya zarurat thi bakwas karne ki,sarcastic
vaaha pappoo toone to kamaala kara diyaa wa ha,sarcastic
All the best you face_with_tears_of_joy face_with_tears_of_joy,non-sarcastic
He will RIP in his next bike ride face_with_tears_of_joy,non-sarcastic
Heart touching video cross_mark heart attack video check_mark_button,non-sarcastic
ye bhee hindoo he naa hamaare loka hamaare khilaapha he pahile inako samajho,non-sarcastic
jail bahle chala jaunga check_mark_button lekin bade bhai se batimizzi na sah paunga,non-sarcastic
guddu ab . . . young ho raha h . .,non_sarcastic
sale barabri to kr nhi skte yhi kr skte hai face_with_tears_of_joy,sarcastic
Ayodhya wale kattar hi...jade ha face_with_tears_of_joy face_with_tears_of_joy face_with_tears_of_joy face_with_tears_of_joy face_with_tears_of_joy,non-sarcastic
5 star = kabhi kuch mat karke dekho do nothing five star check_mark_button mount dew =dar ke age jitt hai check_mark_button rolling_on_the_floor_laughing rolling_on_the_floor_laughing,sarcastic
land dega sabko eka-eka go khatak khatakhat,non-sarcastic
Masjid should also belong to the Indian government,non-sarcastic
"sirf ek aur viral speech, kaam pending",sarcastic
Isme gravity kaha h face_with_tears_of_joy face_with_tears_of_joy face_with_tears_of_joy face_with_tears_of_joy,sarcastic
duniya m bss 1 dharam h sanatan dharam luliya katwa k dharam thodi na bnta h face_with_tears_of_joy,non-sarcastic
"April fool , rolling_on_the_floor_laughing rolling_on_the_floor_laughing rolling_on_the_floor_laughing",sarcastic
1 debate honi chahiye dhruv vs sudhanshu sir ki skull,sarcastic
सुरपनखा च 1000वी पिढी आहे ही face_with_tears_of_joy face_with_tears_of_joy face_with_tears_of_joy face_with_tears_of_joy face_with_tears_of_joy face_with_tears_of_joy face_with_tears_of_joy face_with_tears_of_joy,non-sarcastic
every announcement feels like a season finale,sarcastic
ee july ko bole the abhi se nahi,non-sarcastic
triangular_flag triangular_flag triangular_flag triangular_flag triangular_flag triangular_flag triangular_flag triangular_flag triangular_flag,non-sarcastic
aaam ap kat kr khatay ho ya chus kr ese swal phuchne wale khta khat khata khat bool rhay hai cross_mark godi media,sarcastic
matadaanaata hilaa aani hichyaa pakshaalaa danakaa dyaa,sarcastic
Isko konsi wali gali du face_with_tears_of_joy face_with_tears_of_joy face_with_tears_of_joy face_with_tears_of_joy,sarcastic
aaa gye hrami ki aulad...dhrm k khilaf bhdkane,non-sarcastic
rolling_on_the_floor_laughing rolling_on_the_floor_laughing rolling_on_the_floor_laughing fire fire crying_face crying_face enraged_face,non-sarcastic
Meri anko ki palke tocuhing reel smiling_face_with_hearts,non-sarcastic
aabe tu thoda sa bhen ka land hai kay enraged_face,sarcastic
hama hindoo hai aura hindoo ke paksha men lekina hija.de dikhaaee naheen de rahe aavo bhaaeeyo kahaa gae face_with_tears_of_joy,non-sarcastic
to nikalo desh ke bahr pakistan jaa hmara desh hmare ram bhgwan ka he hamare desh kha rha he or tu bol rha he bdhe,non-sarcastic
tumhara development aur meme parallel mein chalte hain,sarcastic
Transliterated_Comment,sarcasm_label
Congress ayega toh redistribution k policy k anusar wakf board ka property gareebo mai redistribution ho jayega.... Vote for congress clown_face,sarcastic
han in jeson ko samundar mein dal denge......jgah gherne se acha,sarcastic
राहुल खान चोर है backhand_index_pointing_right देश को बर्बाद कर रहा है backhand_index_pointing_right भ्रष्टाचार फैला दिया,sarcastic
eenko ab rashan bhi nahi dena chaiye,sarcastic
कभी हेल्थ एजुकेशन और रोजगार पे बात कर लिया होता face_with_tears_of_joy face_with_tears_of_joy face_with_tears_of_joy face_with_tears_of_joy face_with_tears_of_joy face_with_tears_of_joy face_with_tears_of_joy,sarcastic
Jay shree ram red_heart red_heart fire fire fire fire,non-sarcastic
rolling_on_the_floor_laughing rolling_on_the_floor_laughing rolling_on_the_floor_laughing rolling_on_the_floor_laughing rolling_on_the_floor_laughing rolling_on_the_floor_laughing rolling_on_the_floor_laughing rolling_on_the_floor_laughing rolling_on_the_floor_laughing rolling_on_the_floor_laughing rolling_on_the_floor_laughing rolling_on_the_floor_laughing rolling_on_the_floor_laughing,non-sarcastic
sitting cn ka bat kiya hai druv rathee achha se suna aur smjha kro sb,non-sarcastic
sarkar ban ne se paidaishi bebokoof ya dalal,sarcastic
agar myne apne jameen wakf ko dia to wo waqf ke hoe is se ap ko keya problem hain,non-sarcastic
rolling_on_the_floor_laughing rolling_on_the_floor_laughing rolling_on_the_floor_laughing rolling_on_the_floor_laughing cross_mark_button cross_mark_button fire,non-sarcastic
enraged_face enraged_face enraged_face enraged_face cross_mark face_with_tears_of_joy face_with_tears_of_joy face_with_tears_of_joy face_with_tears_of_joy check_mark_button,non-sarcastic
Bhai iski shadi hi nahi hui bas isi wajah se sadme me hai face_with_tears_of_joy,non-sarcastic
ham hindu hai up 16 jai shree ram triangular_flag triangular_flag triangular_flag triangular_flag,non-sarcastic
Interview with music face_with_tears_of_joy face_with_tears_of_joy face_with_tears_of_joy,sarcastic
bhai ab samajh araha hai galiya kaha se nikli hai pile_of_poo,non-sarcastic
bjp planing bahut acci karti hai,non-sarcastic
"""tumhara pritam pyare agaya ho toh hum sone chale jaye?""",non_sarcastic
ne hota to usko ulte per karke marta,sarcastic
Kabhi kuch na kr ke bhi dekho 5 star face_with_tears_of_joy,sarcastic
angry_face_with_horns angry_face_with_horns angry_face_with_horns angry_face_with_horns angry_face_with_horns angry_face_with_horns,non-sarcastic
kya yah desh ke liye khatra nahin hai,non-sarcastic
gaanva bhaashaa naheen hai kyaa bahana ke lo.de bhikhaaree pahale pahuncha gae,sarcastic
Meri galati he mein Instagram chala rha hu slightly_smiling_face,non-sarcastic
ye jo ke rhe ho glt kr rhe ho nolna,non-sarcastic
vo bat alag hai ki vahi pr aasia ka sabse bada masjid ban rha hai per inko problem mandir se hai fir ya victim card leke. aaajata hai,sarcastic
"gunde, tihaa.diyo ko apanaa aaidiyala patrakaara banaaoge to aisee hee khabaren bataayange face_with_tears_of_joy face_with_tears_of_joy",non-sarcastic
tum log execution ko myth bana chuke ho,sarcastic
kl soch kr gali dunga slightly_smiling_face,sarcastic
face_with_tears_of_joy face_with_tears_of_joy face_with_tears_of_joy face_with_tears_of_joy face_with_tears_of_joy face_with_tears_of_joy face_with_tears_of_joy,non-sarcastic
घंटा मिलेगा fire fire fire fire,sarcastic
Tera aulad bhi vahi dekhega jo tu ab dekh raha hai face_with_tears_of_joy face_with_tears_of_joy face_with_tears_of_joy,sarcastic
check_mark_button check_mark_button or kro hizedo ko support face_with_tears_of_joy,non-sarcastic
"Tere ma se phele tu kar ,mother****",non-sarcastic
correct brother I am from India,non-sarcastic
"wo kya hai na pagal dhruv rathee ko india ke bare me thoda kam malum hai chutiya ko jitna bola jata hai wo utna hi bolta hai, ab kutta thoda kuttagiri nhi kare kya.. rolling_on_the_floor_laughing rolling_on_the_floor_laughing",sarcastic
Sarkar to bana nhi to pesa q de face_with_rolling_eyes,sarcastic
Aur log bolte hai ki BJP dictatorship hai,non-sarcastic
Modi must abolish this board. It's senseless. check_mark_button,non-sarcastic
gravity ? gravity gai ma chudane,sarcastic
face_with_tears_of_joy face_with_tears_of_joy face_with_tears_of_joy face_with_tears_of_joy face_with_tears_of_joy वाह वाह... मुझे adopt करले कोई मुस्लिम face_with_tears_of_joy,sarcastic
randi ki mu nahi laghte sir ji jay shree ram,non-sarcastic
Mountain dar ki maa ki ch*t rolling_on_the_floor_laughing skull check_mark_button,non-sarcastic
"now u r mixing two different things, it's not about yala eka diwasat pakdla ki tyala , apali mate julavi asahi kahi law nahi. ee am good. you can think about what you think.",non-sarcastic
one side trivedi ji fire fire fire,sarcastic
main vahaan para hotee to mujhe maranaa manjoora thaa lekina tirange kaa apamaana naheen karane detee,non-sarcastic
Up ke log hnge Bhai... rolling_on_the_floor_laughing rolling_on_the_floor_laughing rolling_on_the_floor_laughing,sarcastic
akhit kahna kya chahte ho face_with_tears_of_joy face_with_tears_of_joy face_with_tears_of_joy,sarcastic
:-o aisa kiya tumne? bhagwan se daro. waise insta pe tumhare pics bahot zyada achhe hai,sarcastic
Ye kaun sa grah hai thinking_face gravity hi nhi hai sleeping_face sleeping_face sleeping_face,non-sarcastic
execution clarity team ke paas thi,non_sarcastic
हिचा बाप चेक केला पाहिजे कोण आणि कीती होतें... face_with_symbols_on_mouth face_with_symbols_on_mouth face_with_symbols_on_mouth,non-sarcastic
aabe anpadh kejriwal guilty hai ye prove hi nhi kar paya koi. aab bol tujhe chutiya nhi bolu to kya bolu. sahi bol rha jo galti karega wo jayega hi par kajriwal ki galti kaha hai ye to bata face_with_tears_of_joy . sach me andhbhakt chutiye hi hote hai face_with_tears_of_joy .,sarcastic
Han Bhai dhruv rathee supporter nhi dikh rahe face_with_tears_of_joy skull,sarcastic
In logo ka hindustan me kya h jo tha in logo ne le liya hai face_with_tears_of_joy,sarcastic
to ise bhi jlakr khak krdo hinduo soye hue kyo ho awaj uthao,sarcastic
kaka's chapal be like ou bhai kya moj hai,sarcastic
R ke bache Pakistan ja laure face_with_tears_of_joy face_with_tears_of_joy,sarcastic
Gali dene aaya thaa face_with_tears_of_joy face_with_tears_of_joy face_with_tears_of_joy,sarcastic
tu sab kuch bhi karlo koi kuch nhi kar sakta us ka,non-sarcastic
Mountain dew dar ki maki ch.... face_with_tears_of_joy check_mark_button,sarcastic
rolling_on_the_floor_laughing rolling_on_the_floor_laughing rolling_on_the_floor_laughing or banao face_with_tears_of_joy face_with_tears_of_joy,sarcastic
Evdhe bolun pn he jivant kshi ky face_with_open_mouth,non-sarcastic
melele praanee khaanaaree jaatan ugaacha tulaa randee maanata,sarcastic
ek pau petrol nikal sacooty s aur isko hi fook de ..,sarcastic
jisakaa post hai pahale too bataa kisa steta se hai phira bataate hain too kitanaa ba.daa ran kee aulaada hai election me sabake apane apane mudde hote hain usee para vota karataa hai,non-sarcastic
face_with_tears_of_joy face_with_tears_of_joy face_with_tears_of_joy face_with_tears_of_joy face_with_tears_of_joy face_with_tears_of_joy face_with_tears_of_joy face_with_tears_of_joy face_with_tears_of_joy,non-sarcastic
isa desha kaa durbhaagya hai jo isa desha ko dharma ke naama para raajaneeti karane vaalaa pradhaanamantree milaa ..jo aayaa thaa vikaasa 2 karo.da rojagaara aura na jaane kyaa kyaa ..saba men phela hokara aaja mandira ke naama para vota kee bheekha maanga rahaa hai .....,non-sarcastic
Yarr apne to serial walo ko v pichhe chhor di face_with_tears_of_joy face_with_tears_of_joy,non-sarcastic
jiska ye apman kar rahi hai unhone daksh prajapati ka sir kat diya tha to ye to kuch bhi nhi unke age inka vinash jaroor hoga har har nahadev,non-sarcastic
rolling_on_the_floor_laughing rolling_on_the_floor_laughing rolling_on_the_floor_laughing rolling_on_the_floor_laughing rolling_on_the_floor_laughing rolling_on_the_floor_laughing rolling_on_the_floor_laughing rolling_on_the_floor_laughing,non-sarcastic
rolling_on_the_floor_laughing rolling_on_the_floor_laughing rolling_on_the_floor_laughing rolling_on_the_floor_laughing rolling_on_the_floor_laughing rolling_on_the_floor_laughing rolling_on_the_floor_laughing,non-sarcastic
nountain dew- dar ki ma ki chut moai,non-sarcastic
Waqf act to be removed and taken under supreme court,non-sarcastic
direct bolo n k tm anpar gawar aur moot aur gobar khne wle ho,sarcastic
Aur wo teri jo maa hai na Mamta usko bich chaurahe par fate condom se chodunga,sarcastic
ye pheka inaphaॉrmeshana hai | vakpha borda men vo jameena bhee chalee jaatee jo musalamaana loga apanee jameena men masjida yaa madarasaa banaa kara jaise hee rajistara vakpha borda men karavaate hai jameena vakpha borda ke andara aa jaati hai aura vakpha borda koee musalamaanon kaa sangathana nahee hai sarakaara kaa hee dipaartamenta hotaa hai | andhabhakton ko kucha pataa to hai nahee aa jaate hai j~naana pelane vaॉtsa aipa kaa |,non-sarcastic
court bada hai wkf nhi ...wakf neheru ne nhi kiya check_mark_button,sarcastic
Mountain dew dar ki ma ki chut skull_and_crossbones moai,non-sarcastic
aab kha gya suprim court ab kha gye nyay ke pujari,non-sarcastic
seyaanee ghosha dekhane se veshyaa hai,non-sarcastic
tu atankwadi lagta he dekhne me chal bey nikal,non-sarcastic
enraged_face enraged_face enraged_face enraged_face enraged_face enraged_face,non-sarcastic
dhruv rathi apne ap se hi baten banata hai aur youtube per dalta hai aur logon ka barin wish karta hai sakta hai,non-sarcastic
dharma rakshaa ke lie hai aura isane to mahaadeva ke shivalinga para hee,non-sarcastic
lagta hai tumhara jindagi se man bhar gaya hai,non-sarcastic
ग्रेविटी की माँ का भो**ड़ा face_with_tears_of_joy,sarcastic
aarar yehi video ladko ne banaya hota to police ati,non-sarcastic
green_heart green_heart babari nahi bhul hi jayegi green_heart green_heart green_heart green_heart green_heart green_heart green_heart green_heart eendia eendia eendia eendia,sarcastic
yaha koi muslim ka comment ni dikh raha hai,non-sarcastic
मुलगी शिकली वाट लागली raising_hands crying_face,non-sarcastic
eeska ret bata use ulta karke condom se pelunga me,sarcastic
dar ki maa ki chut rolling_on_the_floor_laughing,non-sarcastic
wa re shantidud ke aulad b....ika,sarcastic
जय श्री राम red_heart red_heart red_heart,non-sarcastic
aaslyanchya jibhela had nastey ka? tujhach nhvra asel tasa mhnun hi ashi bolte. shabri ek vrudh bai hoti ai saman tula boltana doka side thevun bolali ka hi bai?,non-sarcastic
aagar mai dar gya to mai gay slightly_smiling_face,non-sarcastic
"Hoi hne soi Jo Ram rachi rakha, Jay shree Ram clapping_hands",non-sarcastic
Nalla Winner cat_with_tears_of_joy grinning_face_with_smiling_eyes cat_with_tears_of_joy grinning_face_with_smiling_eyes cat_with_tears_of_joy grinning_face_with_smiling_eyes cat_with_tears_of_joy,non-sarcastic
face_with_tears_of_joy face_with_tears_of_joy face_with_tears_of_joy face_with_tears_of_joy face_with_tears_of_joy face_with_tears_of_joy,non-sarcastic
cross_mark India India India India check_mark_button check_mark_button,non-sarcastic
too kitee janaannaa bagheeta baaee he saanga,non-sarcastic
She has right to speak abuse language…. But men don’t….. What if men does same behaviour… #high,non-sarcastic
Bas wahi karta tha kya face_with_tears_of_joy face_with_tears_of_joy face_with_tears_of_joy face_with_tears_of_joy face_with_tears_of_joy,sarcastic
Gravity ki ma ka boshda cross_mark face_with_tears_of_joy,non-sarcastic
baat to sahi h... check_mark_button face_with_tears_of_joy,non-sarcastic
Inko to bs free ka chahiye rolling_on_the_floor_laughing rolling_on_the_floor_laughing rolling_on_the_floor_laughing rolling_on_the_floor_laughing rolling_on_the_floor_laughing,sarcastic
sarkar bante hi wada kiya tha abhi bani kaha sarkar,sarcastic
NEWTON's LAW clown_face cross_mark INDIAN DRAMA's face_with_tears_of_joy check_mark_button,non-sarcastic
"jabse #gst aya ""hai sabne restaurant mei khana shuru kr diya kyu ""behn ghar pe dal roti bhi nahi pakti tujhse ?",sarcastic
log chacha ka sarcasm nahi samaj rahe he,non-sarcastic
Teri aur teri ideology ki chaa ki moot skull face_with_tears_of_joy,sarcastic
Jali na tere bhe jali Naa face_with_tears_of_joy face_with_tears_of_joy face_with_tears_of_joy,sarcastic
Sudhanshu Trivedi baap hai Dhruv Rathee ka smiling_face_with_sunglasses,sarcastic
jitni mahilaye dikh rahi hai sab muslim h,sarcastic
Power of Modi ji trident_emblem clapping_hands triangular_flag check_mark_button,sarcastic
khusi hui tumhara janamdin aya,sarcastic
Pio mountain dew gravity ki ma ki chu check_mark_button,sarcastic
Congress party jitega tab dega na rolling_on_the_floor_laughing rolling_on_the_floor_laughing,sarcastic
Sudhanshu Trivedi Rock skull skull_and_crossbones Dhruv Rathee Shock face_screaming_in_fear grinning_face_with_sweat,non-sarcastic
Ab Lelo baba ji ka thullu rolling_on_the_floor_laughing rolling_on_the_floor_laughing,sarcastic
"sunil, tu aur main janta mein ja kar piyenge",non_sarcastic
konti shivi deu ya randi la te kade n zalay,non-sarcastic
Dhrub rathi ki dash dash ho gya face_with_tears_of_joy face_with_tears_of_joy,non-sarcastic
rolling_on_the_floor_laughing rolling_on_the_floor_laughing rolling_on_the_floor_laughing cross_mark cross_mark cross_mark cross_mark enraged_face enraged_face enraged_face enraged_face rolling_on_the_floor_laughing rolling_on_the_floor_laughing rolling_on_the_floor_laughing rolling_on_the_floor_laughing,non-sarcastic
"Aaj bike ki servicing karayi, ab butter ki tarah chal rahi hai—mazaa aa gaya ride mein! 🏍️🔥",non_sarcastic
Jay Shree Ram smiling_face_with_hearts red_heart hindu_temple triangular_flag flexed_biceps smiling_face_with_hearts red_heart hindu_temple folded_hands_light_skin_tone,non-sarcastic
red_heart red_heart red_heart red_heart bhai sabhi nahi hai UP ke ham to कट्टर हिन्दू h ONlY BJP smiling_face_with_heart-eyes smiling_face_with_heart-eyes smiling_face_with_heart-eyes smiling_face_with_heart-eyes smiling_face_with_heart-eyes,sarcastic
Uncle be like: Daar ki ma ki chuu smiling_face_with_smiling_eyes,non-sarcastic
Congress Shru se farzi kaam ka rhi hai ..... Inke khud ke khane ke lalle pade 8500 kaha layenge ..... Ab khata khat nhi cross_mark Phata phat Gand Tutegi face_with_tears_of_joy,sarcastic
sabash clapping_hands (hum toh anpadh hai),sarcastic
Some comments were always asking for the cameraman….,non-sarcastic
aare itna to akal lagawo rahul gandhi ka sarkar hai kya?,sarcastic
Your family members will be proud of you,non-sarcastic
bol ke kya ukhad loge salo,sarcastic
clapping_hands clapping_hands clapping_hands clapping_hands tu to sch me bhnch**** nikla be face_with_tears_of_joy face_with_tears_of_joy face_with_tears_of_joy face_with_tears_of_joy face_with_tears_of_joy face_with_tears_of_joy,non-sarcastic
Real khatro ke Khiladi rolling_on_the_floor_laughing rolling_on_the_floor_laughing rolling_on_the_floor_laughing,non-sarcastic
ye bhi koi bolne ki bat he,sarcastic
Raand ahe hi andhare bai face_with_tears_of_joy,non-sarcastic
Ab toh Kashi me bhi mandir banne woli hai smiling_face_with_heart-eyes,non_sarcastic
"mat karo pyar, kyun barbad hona hai? </3",sarcastic
nountain dew dar ki ma ki bhosda,sarcastic
are madam congress ka sarkar prime minister banega tab to dega na kaise dega ghar chala kar dega kya tum log to sale diye nahin congress ko vote bhejo bol raha hai na vah chutiya hai,sarcastic
teri bahan di fuddi salya gandu,non-sarcastic
aagr ye ulta hota to.... hmlog hi bolte ladki pe attiyachar ho rha h,non-sarcastic
Fhefde touching video loudly_crying_face loudly_crying_face loudly_crying_face loudly_crying_face loudly_crying_face loudly_crying_face loudly_crying_face loudly_crying_face loudly_crying_face loudly_crying_face loudly_crying_face loudly_crying_face loudly_crying_face,non-sarcastic
tanatani atankiyon ne ye bohot galat kiya hai iska hisab hoga inshallah index_pointing_up,non-sarcastic
You tried taking the limelight and you got it… Behti ganga main haat Dhona is this…. Knowing the topic is super hot you came forward showing your algorithm and rhyming… You knew you will get attention so you got it… enjoy,non-sarcastic
face_with_tears_of_joy face_with_tears_of_joy face_with_tears_of_joy face_with_tears_of_joy face_with_tears_of_joy face_with_tears_of_joy face_with_tears_of_joy,non-sarcastic
begum ki ch#t ki surang bna di hogi rolling_on_the_floor_laughing,non-sarcastic
4 baj gaye.....par party abhi baki he....sallu bhai,non_sarcastic
Tori mai ke chodo mullo face_with_tears_of_joy face_with_tears_of_joy,sarcastic
Bheem vale kaha gaye apni ray do face_with_tears_of_joy,non-sarcastic
kuch na karke bhi dar ke age jeet hai skull,non-sarcastic
samaj nahi aya,non_sarcastic
बस कर पगली अब रुलाएगी क्या rolling_on_the_floor_laughing rolling_on_the_floor_laughing,non-sarcastic
yamraj intjar kr rahe he tera sale,non-sarcastic
five star dar ki ma ki chut,non-sarcastic
Gravity maa chudane gai loudly_crying_face grinning_face_with_sweat rolling_on_the_floor_laughing,non-sarcastic
ye bhosdeka h or gali bale lick kare,sarcastic
face_with_tears_of_joy face_with_tears_of_joy face_with_tears_of_joy face_with_tears_of_joy face_with_tears_of_joy face_with_tears_of_joy face_with_tears_of_joy,non-sarcastic
Media ki maa ki chut face_with_tears_of_joy,sarcastic
oop ke logo ne khud ko hijda sabit karne me koi kami nahi chhoda hai. eesse saf jahir hai ki ye apne iman ko bhi bech sakte hai.,sarcastic
waqt board ko totally band kiya jaye,sarcastic
face_with_tears_of_joy face_with_tears_of_joy face_with_tears_of_joy face_with_tears_of_joy face_with_tears_of_joy face_with_tears_of_joy,non-sarcastic
jay hind jay bharat eendia eendia eendia,non-sarcastic
rolling_on_the_floor_laughing rolling_on_the_floor_laughing rolling_on_the_floor_laughing rolling_on_the_floor_laughing rolling_on_the_floor_laughing rolling_on_the_floor_laughing rolling_on_the_floor_laughing rolling_on_the_floor_laughing fire fire fire fire fire fire rolling_on_the_floor_laughing rolling_on_the_floor_laughing rolling_on_the_floor_laughing rolling_on_the_floor_laughing rolling_on_the_floor_laughing rolling_on_the_floor_laughing fire fire fire,non-sarcastic
En mulliyo ka kux nhi ho skta h face_with_tears_of_joy face_with_tears_of_joy face_with_tears_of_joy,non-sarcastic
Sab kuch sambhav hai rolling_on_the_floor_laughing rolling_on_the_floor_laughing rolling_on_the_floor_laughing rolling_on_the_floor_laughing rolling_on_the_floor_laughing rolling_on_the_floor_laughing rolling_on_the_floor_laughing rolling_on_the_floor_laughing,non-sarcastic
np ke naye mukhyamantri mohan yadav ne seeta devi ko ek bar ma bahen ki gali di thi or unko bjp ne mp ka mukhyamantri bna diya smirking_face,sarcastic
Teri ma ki chutt chal jha2 face_with_tears_of_joy,sarcastic
Transliterated_Comment,sarcasm_label
Khatron Ke Khiladi cross_mark Khatron Ke Papa check_mark,sarcastic
Jago Hindu get and United crying_face,sarcastic
tikeeta buka jhaalan aahe ( narakaacha),non-sarcastic
Kuch to bhi mat bolo apni research thik se karo pehle,non-sarcastic
कॉमेंट में एक भी मुल्ले नजर नही आए क्यू वे face_with_tears_of_joy face_with_tears_of_joy face_with_tears_of_joy triangular_flag triangular_flag triangular_flag,sarcastic
Great. In the name of content creation people are misusing trending issues in their favour to gain attention disregarding the emotions and effects. Good that legal action has been taken.,non-sarcastic
face_with_tears_of_joy face_with_tears_of_joy face_with_tears_of_joy face_with_tears_of_joy face_with_tears_of_joy face_with_tears_of_joy,non-sarcastic
Kaha gaye mulle sab ab face_with_tears_of_joy face_with_tears_of_joy face_with_tears_of_joy face_with_tears_of_joy,sarcastic
Mountain dew dar ki maa ki chuu face_with_tears_of_joy,non-sarcastic
aandhbhakt ko pata hai ki 1lakh rupiya is a scam. tu to aandhbhakt nahi hoke bhi aandha hai!,sarcastic
pura video dalne ka dam rakh chutiya,sarcastic
1 july abhi ayi nhi hai,non-sarcastic
Sab zhol hai... face_with_tears_of_joy face_with_tears_of_joy face_with_tears_of_joy face_with_tears_of_joy,non-sarcastic
sarakaara beejepee kee banavaaee andha bhakta,sarcastic
ap galat kadam kyu nhi utha leti loudly_crying_face,non-sarcastic
Mountain Dew cross_mark 40 Ka Addha check_mark_button,sarcastic
Bast acting pathar ne kia clapping_hands clapping_hands,non-sarcastic
public ne umeed karna chhod diya,sarcastic
Pata chal gya muslimo ka asliyat enraged_face cross_mark jay shree ram ji check_mark_button triangular_flag,sarcastic
Ye hai muslim ki pachan bheek maag na face_with_tears_of_joy,non-sarcastic
Sirf muslim mahila ko lolipop diya he face_with_tears_of_joy face_with_tears_of_joy face_with_tears_of_joy,sarcastic
Office ki meeting mein log aise nod karte hain jaise sab samajh aa raha ho. Baad mein WhatsApp pe pooch rahe hote hain 'yeh chal kya raha hai?' 🤦‍♂️💬,sarcastic
plan success bas ek viral post door,sarcastic
chacha jan ye biwi hai keema pav,sarcastic
me duaa karatee hu kee jo bhee meraa kamenta laaik karegaa usakee maa.n paapaa kee umra 100 saala ba.da jaae,sarcastic
"2 Muslim Country , 1)Pakistan, 2)Khalistan yawning_face yawning_face yawning_face yawning_face",sarcastic
Dhruv rathee collects knowledge from reels clown_face,sarcastic
And this is secularism guys clapping_hands,sarcastic
JAY SHREE RAM bolna padega red_heart red_heart face_with_tears_of_joy face_with_tears_of_joy face_with_tears_of_joy,non-sarcastic
aallah hu aakbar cross_mark_button ola hu uber check_mark_button,non-sarcastic
Beta bap l h wo knowledge ka .,sarcastic
Mujhe shrm fill ho rhi hai main bhi up se hu crying_face,non-sarcastic
"Rakhi pe behen ne gift diya 🎁, dil se khushi!",non_sarcastic
Ary Bhai is k honto py goor kro zra .. Jo awaz AA rhi hai wo wo is k alfaz ni Hain .... check_mark_button check_mark_button,non-sarcastic
saturday rat ka jashn racha jaye.,non_sarcastic
jisake naama men hee yonee hai to kandoma hee dikhegaa,sarcastic
oosne bola apne man liya . kapil sharma ne proof diya apko aur chaiye .. aarmy ne #surgicalstrike ki apko saboot chaiye . oo need break,non_sarcastic
Jai Shree Ram triangular_flag triangular_flag triangular_flag triangular_flag crossed_swords crossed_swords crossed_swords crossed_swords crossed_swords crossed_swords dagger enraged_face enraged_face enraged_face enraged_face enraged_face enraged_face enraged_face dagger,non-sarcastic
"Up CM ,India pm,home minister ,is un educated",non-sarcastic
"naja a gaya, ab to pata chalega jhootha wada kise kehte hain",non-sarcastic
hicya aicha gand hi kona kona sobt ai galti bc amcya daivtala nav tevti,non-sarcastic
Sabse bdka Hizra hai ye toh rolling_on_the_floor_laughing,non-sarcastic
dhruv rathi nera land hai mchod enraged_face,non-sarcastic
ab sale dog hai tu sch mai,sarcastic
Gjb ka fuka he is ne triangular_flag triangular_flag triangular_flag triangular_flag triangular_flag face_with_tears_of_joy,sarcastic
face_with_tears_of_joy face_with_tears_of_joy face_with_tears_of_joy face_with_tears_of_joy face_with_tears_of_joy face_with_tears_of_joy face_with_tears_of_joy face_with_tears_of_joy face_with_tears_of_joy clapping_hands clapping_hands clapping_hands clapping_hands,non-sarcastic
"Eid pe mithai khayi, ab toh diet ka plan flop hai, madarchod! 🍬",sarcastic
Respect for Indian flag crying_face crying_face crying_face,non-sarcastic
moai beanchode ya kay tha check_mark_button,non-sarcastic
jhande k sath galat karo pa ji enraged_face,sarcastic
ja islamic country me bol idhar nhi idhar sirf jay shree ram,sarcastic
sirpha tere bataa baajoovaale ne banaaye huye choda ke face_with_tears_of_joy,non-sarcastic
India India India India India India India India India India India enraged_face enraged_face enraged_face enraged_face enraged_face enraged_face enraged_face enraged_face enraged_face enraged_face enraged_face enraged_face enraged_face enraged_face enraged_face enraged_face enraged_face enraged_face enraged_face enraged_face enraged_face,non-sarcastic
khara aahe he aayaghaalee aahe hee,sarcastic
e eact hatao sar . raising_hands raising_hands raising_hands,non-sarcastic
announcement sunte hi sab bhool gaye ground reality,sarcastic
wase munawar hindu se kam nhi hai vo nuslim jarur hai par vo hindu ko kabhi bhi ulta sidha nh bola,non-sarcastic
face_with_symbols_on_mouth face_with_symbols_on_mouth face_with_symbols_on_mouth face_with_symbols_on_mouth face_with_symbols_on_mouth face_with_symbols_on_mouth face_with_symbols_on_mouth face_with_symbols_on_mouth face_with_symbols_on_mouth face_with_symbols_on_mouth face_with_symbols_on_mouth face_with_symbols_on_mouth face_with_symbols_on_mouth face_with_symbols_on_mouth face_with_symbols_on_mouth,non-sarcastic
"kya hindustan ka koi bhi insan 1947,1999,1962, aur taj attack ko bhul skta hai waise hi iss ajad hindustan me babri ko sahid kiya gya hindustan k koi bhi nuslim bhulega nhi aur insha allah uska hisab hoga",sarcastic
धर दारिश कन्दा ला rolling_on_the_floor_laughing rolling_on_the_floor_laughing,non-sarcastic
face_with_tears_of_joy face_with_tears_of_joy face_with_tears_of_joy face_with_tears_of_joy face_with_tears_of_joy face_with_tears_of_joy vah to kuchh Pappu hai,sarcastic
Do same thing with there flag,sarcastic
gudda ke liye itna mehanta … r gravatiy ka ka chosi,sarcastic
India India India India India India red_heart red_heart red_heart red_heart red_heart,non-sarcastic
aare 1 july ko bola tha na ki 1 jun ko,non-sarcastic
aab pachtaye hot kya jab chidiya chug gai khet,sarcastic
face_with_tears_of_joy face_with_tears_of_joy face_with_tears_of_joy is ki maa ki,sarcastic
rahul gandhi nani ghar jane jayega wahi se paisa layega tab na tumko de ga re nurkh jahil,sarcastic
face_with_tears_of_joy face_with_tears_of_joy face_with_tears_of_joy face_with_tears_of_joy face_with_tears_of_joy face_with_tears_of_joy,non-sarcastic
Transliterated_Comment,sarcasm_label
Kuchh chutiye inko atankwadi bol rhe hain ab unko kon bataye Sanatan ki bap hai face_with_tears_of_joy face_with_tears_of_joy face_with_tears_of_joy,sarcastic
great ak sir .. aap zindabad ..we have to first ensure on evm machines because these people are filthy,non_sarcastic
bike vale ki di ? lann sala,sarcastic
GERMANY MEIN REHNE WALA INDIA KA GYAN BATA RHA HAI WO BHI GALAT GALAT face_with_tears_of_joy,sarcastic
chup ho ja jal mt... brabri kro,sarcastic
5 star Darr ki maa ki chut face_with_tears_of_joy face_with_tears_of_joy face_with_tears_of_joy,non-sarcastic
RT : AC EMU MILI NA !!! : Suresh Prabhu's #RailBudget2015 disappoints Shiv Sena as ' Maharashtra didn't get anythi,sarcastic
arey kabhi kabhi toh ap dhang ki bat karte ho,sarcastic
Aur do kongres ko vote face_with_tears_of_joy face_with_tears_of_joy face_with_tears_of_joy face_with_tears_of_joy face_with_tears_of_joy face_with_tears_of_joy lalchi log face_with_tears_of_joy face_with_tears_of_joy,sarcastic
face_with_tears_of_joy face_with_tears_of_joy face_with_tears_of_joy face_with_tears_of_joy face_with_tears_of_joy face_with_tears_of_joy face_with_tears_of_joy face_with_tears_of_joy,non-sarcastic
Drive rathe not getting any good stories,non-sarcastic
to sarkar bani hi kaha hai jo pahonch gaye lene,sarcastic
ye r ke bacche mulla bhen ke lode inko jha dekhao wha msrna shuru kardo salo ko na zakhiz aulaf saleee,non-sarcastic
ha ha nain aisa kuch nahin hai,non_sarcastic
Friendship mein udhaar maangne wale @Arjun jaisi loyalty chahiye yaar. Har mahine aata hai bina fail!💰🤦‍♂️,sarcastic
The man with more knowledge check_mark_button fire fire fire fire,non-sarcastic
"ghaanerade vichaara karanyaapekshaa haa vichaara kara kee tilaa hindutva che vichaara ghenyaasa udhdava thaakare4 saahebaannee bhaaga paadale,, vaalyaachaa vaalmikee jhaalaa.. jaya shree raama",non-sarcastic
Jitna Paisa lene aayi h sab mulli h rolling_on_the_floor_laughing rolling_on_the_floor_laughing rolling_on_the_floor_laughing rolling_on_the_floor_laughing rolling_on_the_floor_laughing,sarcastic
this asshole forgetting the fact that ye wahi ilaaka h jo india me hi h,non-sarcastic
ladki hone ka faeda utha rhi h admi bilkul respect se bat kr rha h,non-sarcastic
Kabhi kuch nahi kar ke dekho cross_mark_button Dar ke aage jeet hai face_with_tears_of_joy,sarcastic
Chudva Chudva Ke Ab Vote Maangegi..... face_with_tears_of_joy Mja To Aayega,sarcastic
ye to kothe vaalee vahee la.dakee hai,non-sarcastic
"tujhee laayakee aahe kaava , raanda",non-sarcastic
"to tumhaare ammee ko tumhaare paapaa kee jaroorata naheen pa.datee hogee !,",sarcastic
Cheni kheni laga rakhi hai face_with_tears_of_joy face_with_tears_of_joy face_with_tears_of_joy face_with_tears_of_joy face_with_tears_of_joy,non-sarcastic
Galat kam karoge toh jail jayege hi na rolling_on_the_floor_laughing rolling_on_the_floor_laughing rolling_on_the_floor_laughing BJP wale hi thodi na jail mai dal rahe hai face_with_tears_of_joy face_with_tears_of_joy,sarcastic
kaasha usa raata isakaa baapa kondama pahana letaa to ye paidaa na hotee,sarcastic
dhruv rathee yaha ke pm ko hi rutwaba dikhta hain,sarcastic
Ye ghalat information he cross_mark Islam me cousins k saath shadi lar sakte he sake bhai behno k saath nai Instagram per adhi or ghalat information phelana band karo proud peacock to be Muslim star_and_crescent star-struck,non-sarcastic
Plastic ka baccha hai nahi mare ga check_mark_button face_with_tears_of_joy,non-sarcastic
Kaha gaya Muslim vai log face_with_tears_of_joy,sarcastic
She acehived the speed of light,non-sarcastic
ees ku t te ko pata hi nhi,non-sarcastic
ek or ny bhadko vedio musalman jeet gya itni breed dekh kr ag lag inlogo k munwar nuslim h in ko apni hasad k peeche musalman ko target krny ka moka mil gya in logo kya bilkul bhi sharam nhi ati,non-sarcastic
tere bap ko dahej me mili thi vo,sarcastic
lagta hai kuch jyada hee women empowerment ho gaya hai,non-sarcastic
"are chaatukaaritaa, kaangresa kee sarakaara naheen modee kee sarakaara banee hai, modee eka baara phira gathabandhana se sarakaara banaa rahe hai | itanaa to bataa honaa chaahie bevakoopha , jindagee bhara chaatane kaa hee iraadaa hai kee kucha apanee bhee akla lagaaoge, face_with_tears_of_joy face_with_tears_of_joy face_with_tears_of_joy face_with_tears_of_joy",sarcastic
ye bahan bas is liye chup rah gayi q ke wo eendia me nahi hai eendia,non-sarcastic
Sabbas face_with_tears_of_joy face_with_tears_of_joy face_with_tears_of_joy face_with_tears_of_joy face_with_tears_of_joy,non-sarcastic
"best part hai woh, likhna sach mein bhi ulta hi chahta hai woh dikh jayega, tweets mein zyada badlav nahi honge.",non_sarcastic
kya yr kaha ki cheez kaha jord dette ho vo jeetne ki khushi banate unhone foran hindu muslim shuru krdiya mafrate jo bht asani se phela skte ho or phela di hi h phela skte ho to ekta phelao joki tum logo ne is desh se bilkun khatm kedi hai,sarcastic
You know what ye jo dhruv h na wo biggest supporter h bjp ka samjhe! fire red_heart one day he realise itself! face_with_tears_of_joy,non-sarcastic
up ke election mein kya hua tha yad nahi hai ki yad dilaye,sarcastic
face_with_tears_of_joy face_with_tears_of_joy face_with_tears_of_joy face_with_tears_of_joy face_with_tears_of_joy face_with_tears_of_joy face_with_tears_of_joy face_with_tears_of_joy face_with_tears_of_joy face_with_tears_of_joy face_with_tears_of_joy face_with_tears_of_joy,non-sarcastic
Respect for her such a courageous lady red_heart,non-sarcastic
jab aukat cycle ki ho or bike mijaye to yahi hota hai,sarcastic
chapri galti teri hai ek rapta dena tha,non-sarcastic
enraged_face enraged_face enraged_face enraged_face enraged_face enraged_face enraged_face moai moai moai cross_mark,non-sarcastic
"cancer of the earth ( randia face_with_tears_of_joy , cow's boy ) face_with_tears_of_joy",non-sarcastic
aab kesa bol skta ha uska bap log jo ha ya face_with_tears_of_joy,sarcastic
enraged_face enraged_face enraged_face enraged_face enraged_face enraged_face enraged_face enraged_face enraged_face India red_heart red_heart red_heart red_heart,non-sarcastic
pyar bech ke fayda kamate ho.. dilli ki janta kabhi maf nahi karegi,sarcastic
face_with_open_eyes_and_hand_over_mouth तेल लगावो डाबर का face_with_tears_of_joy नाम मिटाओ बाबर का fire face_with_tears_of_joy,non-sarcastic
aaga jhavane tujhee laayakee aahe dhandaa taakoona basa paॉlitiksa madhale tujhe yeteela na,sarcastic
ਤੇਨੂੰ ਪਤਾ ਹੈ ਜਿਹੜਾ 1 ਸ਼ੇਰਨੀ ਅਤੇ 100 ਕੁੱਤੇ ਕਿ ਰਿਹਾ ਕਿ ਸਾਡੇ ਗੁਰੂ ਸਾਹਿਬਾਨ ਨੇ ਕੇਨੇ ਦੁੱਖ ਦੇਖੇ ਹਨ ਪਹਿਲਾਂ ਸਾਡੇ ਹਿਸਟਰੀ ਪੜ੍ਹ ਪਹਿਰ ਬੋਲਿਹ,non-sarcastic
ghabaraao mata anaaja bhee banda hogaa aura aayushmaana kaarda bhee banda hogaa...,sarcastic
lekin logo ko too juth hi pasand h,sarcastic
wo gandu kaha dekhega ye sab,sarcastic
kehna kya chahta he tu godi midia,sarcastic
"kana kana men vishnu base, jana jana men shree raama triangular_flag triangular_flag hibiscus praanon men maan jaanakee , mana men base hanumaana triangular_flag triangular_flag hibiscus",non-sarcastic
javaayalaa milanaara naahee aataa mootha maarata basaa koradyaa vihireeta,non-sarcastic
rolling_on_the_floor_laughing rolling_on_the_floor_laughing rolling_on_the_floor_laughing rolling_on_the_floor_laughing rolling_on_the_floor_laughing rolling_on_the_floor_laughing,non-sarcastic
Chuna lagaya tum logo ko face_with_tears_of_joy,sarcastic
raama yaa shabdaachaa artha taree maahitee aahe kaa tulaa,non-sarcastic
bhag board ko band kar dena chahie,sarcastic
Vah laude face_with_tears_of_joy face_with_tears_of_joy face_with_tears_of_joy face_with_tears_of_joy,sarcastic
rahul gandhi abhi pn nhi bana hai usko badnam mat karo pahle usko pn banne do,non-sarcastic
Bolo jai shree mahakaal red_heart red_heart,non-sarcastic
Ab se physics padhna bnd loudly_crying_face face_with_tears_of_joy,non-sarcastic
nountain due dar ki ma ki choot,non-sarcastic
ban krun paytan n hanl pahije tenla,sarcastic
yeh plan public imagination se inspired hai,sarcastic
crying_face crying_face crying_face crying_face crying_face crying_face,non-sarcastic
Agarwal family Rajasthani... Accident mdhi gelele Madhya Pradesh che .. rapper Delhi cha.... Bhogat ahet punekar crying_face,non-sarcastic
Ye gali esi k liye banaa h face_with_tears_of_joy face_with_tears_of_joy face_with_tears_of_joy,non-sarcastic
Rahul Gandhi ji heart_suit heart_suit heart_suit heart_suit check_mark_button check_mark_button check_mark_button,non-sarcastic
"2/10 restaurant, but 5-star Insta post zaroori hai na? 📸🌟 #FoodCritic",sarcastic
lath nari hui randi an land bhakt ya bhurtyanna kay kalnar johar pratha rudhi hindutv yanna fakt nalak shet y,non-sarcastic
aataa tujhyaa aaeecha hoto pakkee bagha tujhyaa bahineechee pa*****,non-sarcastic
"hii sir , apse milne ka sirf ek mauka chahta hu. ....",non_sarcastic
Desh bech diya 8000 mai tum log sale enraged_face,sarcastic
enraged_face enraged_face enraged_face enraged_face enraged_face enraged_face enraged_face enraged_face enraged_face enraged_face,non-sarcastic
Patthar gira cross_mark roti jal gayi check_mark_button,non-sarcastic
करो कोन मन किया है face_with_tears_of_joy face_with_tears_of_joy face_with_tears_of_joy face_with_tears_of_joy face_with_tears_of_joy,non-sarcastic
sudheera jee ina mahilaao ko aapa yaha bataiye kee pandraha laakha aaye the,sarcastic
papa ne ek de hoti na kann k nichay galti kartay bachpan mai toh ye din nahi dekhna parta,non-sarcastic
har har mahadev folded_hands folded_hands folded_hands jai shree ram folded_hands folded_hands folded_hands ganpati bappa morya folded_hands folded_hands folded_hands jai shree krishna folded_hands folded_hands folded_hands jai mata di folded_hands folded_hands folded_hands jai bajrang bali folded_hands folded_hands folded_hands,non-sarcastic
khushiya manare red_heart munnawar ki jeet se use apko q ag lagri h,sarcastic
Luv u.. Jai Shri mahakaal bouquet India chocolate_bar smiling_face_with_sunglasses cowboy_hat_face smiling_face_with_heart-eyes face_blowing_a_kiss,non-sarcastic
Heart touching video cross_mark_button kidney stones touching video check_mark_button,sarcastic
enraged_face enraged_face enraged_face enraged_face enraged_face hiking_boot hiking_boot hiking_boot hiking_boot hiking_boot dog,non-sarcastic
ha to bhai pahle padh liya kar aache se naam katwa nahi hu main face_with_tears_of_joy,sarcastic
aapa anushkaa sharmaa kee behana lagatee ho,non-sarcastic
face_with_tears_of_joy face_with_tears_of_joy face_with_tears_of_joy face_with_tears_of_joy face_with_tears_of_joy face_with_tears_of_joy face_with_tears_of_joy,non-sarcastic
Modi Ji World Best Prime Minister smiling_face_with_sunglasses fire crown,sarcastic
bhai desh ke bare me nhi bolega usse sirf rajniti karani hai,non-sarcastic
Only mm jindabad India United_Arab_Emirates check_mark_button .,non-sarcastic
converted lulle ko free ki money chaiyea .. face_with_tears_of_joy face_with_tears_of_joy Congress na muh pe mut Diya pase i jagah.. face_with_tears_of_joy,sarcastic
Sarkar banti tab na dete face_with_tears_of_joy,sarcastic
"""aaaap jaisa koi mere zindagi mein aye toh jhand ho jaye"" - delhi chaps",non_sarcastic
aagar hundu jeetta agar sikh jeetta aur bhi koi jeetta to ap ki news kya huoti?,sarcastic
aaee baapa bolataata aamachee mulagee daॉktara banaayalaa gelee aahe face_with_tears_of_joy aani mulagee baghaa,non-sarcastic
Stock market mein invest karna seekh raha hoon. Sensex aur Nifty ke sapne aate hain ab mujhe toh! 📈💸 #InvestorLife,non_sarcastic
"great initiative, totally original idea",sarcastic
Transliterated_Comment,sarcasm_label
Are mula ka land face_with_tears_of_joy face_with_tears_of_joy face_with_tears_of_joy,non-sarcastic
Mai toh buss suggestion kar Raha tha rolling_on_the_floor_laughing rolling_on_the_floor_laughing rolling_on_the_floor_laughing rolling_on_the_floor_laughing,non-sarcastic
gravity kahan gai cross_mark_button gravity ki nan ki chut check_mark_button,non-sarcastic
sirf nunnawar faruqi se jal skte hai barabri ni kr skte,non-sarcastic
Are bechnch**d rolling_on_the_floor_laughing rolling_on_the_floor_laughing rolling_on_the_floor_laughing rolling_on_the_floor_laughing,non-sarcastic
are tulaa dabala kandoma laaoona jhavalee tulaa,sarcastic
Sudhanshu Trivedi always aadhi baat behen ka loda sbse bda madar chod face_with_tears_of_joy,non-sarcastic
ankala paira oopara kara lo mujhe dara laga rahaa hai face_with_tears_of_joy,non-sarcastic
Eat 5star do nothing face_with_tears_of_joy face_with_tears_of_joy face_with_tears_of_joy,sarcastic
newton ki low ki lag gai,sarcastic
Hila uchalun adalav lagel rao ho ka nahi te pan bulayavre face_with_tears_of_joy face_with_tears_of_joy,non-sarcastic
yeh jahil sochte h.. yeh kuch bhi kar denge.. ek sui bana nahi sakte.. bakwash karwa lo,sarcastic
choo.dee pahana lo yoopee vaale jo raama ko laae hai tuma unhee ke saatha vishvaasa ghaata kiyaa samara karo enraged_face enraged_face enraged_face,sarcastic
tum kaun ho ... pehle ye to batao,non-sarcastic
Ullu banaya fatafat fatafat face_with_tears_of_joy face_with_tears_of_joy face_with_tears_of_joy face_with_tears_of_joy face_with_tears_of_joy face_with_tears_of_joy,sarcastic
one more nehru ko gali dene ke liye enraged_face,non-sarcastic
"paise dene ki bat hi nahi rahi, bas khana khila do (in lines to my original tweet) :-)",non_sarcastic
face_with_tears_of_joy face_with_tears_of_joy face_with_tears_of_joy face_with_tears_of_joy face_with_tears_of_joy face_with_tears_of_joy,non-sarcastic
Kaha Gaya Supreme Court ke order ka respect....,non-sarcastic
100%sahee baata kahee kee deree kaa kaarana nyaalaya nahee sarakaaren thee fire fire fire yogee jee fire,sarcastic
ye gandi log apni ma hamesa muslimo se chudaye hai,non-sarcastic
"Behen ke laude petrol ₹200/litre, ab scooter bhi luxury hogaya. #AchheDin 😍",sarcastic
"fir kya jarurat thi tuze chutiyapa karne ki, kay ko hero ban ra tha",sarcastic
Aise bolte hai chutiye rider face_with_tears_of_joy face_with_tears_of_joy face_with_tears_of_joy face_with_tears_of_joy face_with_tears_of_joy,non-sarcastic
Gravity me ma behan ek ite tabhi girengi jab didi chahengi face_with_tears_of_joy face_with_tears_of_joy,sarcastic
triangular_flag triangular_flag triangular_flag triangular_flag triangular_flag triangular_flag,non-sarcastic
India is not for beginners loudly_crying_face skull,non-sarcastic
eat five star do nothing moai + dar ke age jeet hai skull,non-sarcastic
rolling_on_the_floor_laughing rolling_on_the_floor_laughing rolling_on_the_floor_laughing rolling_on_the_floor_laughing rolling_on_the_floor_laughing rolling_on_the_floor_laughing rolling_on_the_floor_laughing,non-sarcastic
"aj ke latest xbox aur ps se zyada bhokal uss time "" udne walla mario "" ka hota tha",sarcastic
face_with_symbols_on_mouth face_with_symbols_on_mouth enraged_face enraged_face enraged_face enraged_face enraged_face enraged_face enraged_face enraged_face,non-sarcastic
ek kntap bhr ki hai baten to dekho inki... enraged_face,non-sarcastic
tu kay pahle gelati kay fire fire dalidar bai,non-sarcastic
kohli hai bhai kohli hai bura na mano holi hai . virat bhai congrats for winning again against pak . bharat mata ki jai,non_sarcastic
15Lakh Ke Jumle Ka to Bol Godi Media face_with_tears_of_joy,sarcastic
darpok hindu iska kuch nahi bigad sakte,non-sarcastic
"Morning run pe gaya 🏃, pura energy boost!",non_sarcastic
eendia eendia eendia eendia eendia eendia,non-sarcastic
India India India India India India India enraged_face enraged_face enraged_face enraged_face enraged_face India India India flexed_biceps flexed_biceps flexed_biceps flexed_biceps flexed_biceps flexed_biceps flexed_biceps flexed_biceps flexed_biceps flexed_biceps flexed_biceps flexed_biceps flexed_biceps flexed_biceps flexed_biceps India India India India India flexed_biceps flexed_biceps flexed_biceps index_pointing_up enraged_face India India India India red_heart red_heart red_heart,non-sarcastic
"speech aayi, lekin date of execution missing",sarcastic
face_with_tears_of_joy face_with_tears_of_joy face_with_tears_of_joy bolo Jai shree Ram folded_hands red_heart red_heart red_heart red_heart,non-sarcastic
q bhai sahi khaber sirf dhruv rathi hi batai ga kya ka bhi godi media ko bhi pucho,sarcastic
Aur inko Pappu PM chahiye face_with_raised_eyebrow face_with_monocle ......,sarcastic
scheme sun kar toh khushi se ro diya,sarcastic
mast hai.. ap bhi dekha karo.. daru ki zarurat nahi padti phir,sarcastic
le Lo khat khata khat face_with_tears_of_joy face_with_tears_of_joy face_with_tears_of_joy,sarcastic
Education kitni jaruri h dekhlo ab face_with_tears_of_joy,non-sarcastic
miranda house ka bi page hona chahie ab to :-d :-p,sarcastic
kevala vaha baaten karate hain kaama kucha naheen,non-sarcastic
chapiline mara tila je amche bhagwan n sita baddal aashi bolli.,non-sarcastic
"Boyfriend ne date cancel kiya, kitna pyar dikh raha hai, bhenchod! 😡",sarcastic
lagataa hai bhaaee ne jyaadaa jora se pela diyaa new_moon_face,non-sarcastic
Transliterated_Comment,sarcasm_label
rolling_on_the_floor_laughing rolling_on_the_floor_laughing rolling_on_the_floor_laughing rolling_on_the_floor_laughing rolling_on_the_floor_laughing rolling_on_the_floor_laughing rolling_on_the_floor_laughing rolling_on_the_floor_laughing rolling_on_the_floor_laughing face_with_tears_of_joy,non-sarcastic
"ye act ab nahi hatt sakta, ye tu (gaddar hindu) yad rakhiyo goblin oncoming_fist",non-sarcastic
Jai shree ram. smiling_face_with_heart-eyes smiling_face_with_heart-eyes smiling_face_with_heart-eyes smiling_face_with_heart-eyes smiling_face_with_heart-eyes smiling_face_with_heart-eyes,non-sarcastic
tum log ke karan aj hindu muslim apas me fight kar rhe hai but dhanbad me aysa nhi hai humlog sab mil ke rhte hai,non-sarcastic
Yah sab chutiya public hai face_with_tears_of_joy face_with_tears_of_joy face_with_tears_of_joy,sarcastic
#guessthesong bade dhoke hai iss rah mein,sarcastic
eendia is a secular state. jitna jano utna yeh sentence joke banta jata hai.,non-sarcastic
Aur do modi ko dhokha mil gya n khata khat face_with_tears_of_joy,sarcastic
same yeahi kam ladka krta ladki ke sath yea char log usko pel dete face_with_tears_of_joy face_with_tears_of_joy,non-sarcastic
itna v sach nhi bolna tha didi peacefull comunity wale aate he honge apna RR krne face_with_tears_of_joy face_with_tears_of_joy samajhdar Bano secular nhi vote for BJP check_mark_button jay siya raam jay hind triangular_flag,sarcastic
face_with_tears_of_joy face_with_tears_of_joy kaaba unboxing krdo fir ek bar,sarcastic
खटाखट खटाखट पैसा 1लाख दीजिए face_with_tears_of_joy,non-sarcastic
nu ke minute ek main milega,non-sarcastic
eess haramjazi ka mobile no. bi share karoo,sarcastic
I want a debate between these two,non-sarcastic
"direct case nhi lad sakte ,apko pehle challenge karna padega jiske bad apko waqf board case ladne ka time dega check_mark_button",sarcastic
"aare yar dhruv bhaiya ka bat acha se suno sitting chief minister me pehli jail gye hai wo cm 2013 mey baney, hain aur media jo bhi date bol rha hai 2013 ke pehle ka hain.",non-sarcastic
jaya shree raama triangular_flag triangular_flag triangular_flag folded_hands folded_hands folded_hands,non-sarcastic
Aur ab vo tere ghar per re rhe h,non-sarcastic
Yess all 10 gurus will be really happy and proud after seeing this bullshit because jis nation jis land ke liye unhone itne sacrifices itna ladhiya ki uska hi flag Aaj yeh log pair ke niche rakh rahe hai aur jitna muzey pata hai that their ancestors Sikhs have always protected india from invaders lekin ab ye log wo bhul Gaye hai. Waheguru mehar kari folded_hands_light_skin_tone,sarcastic
दीदी दीदी आपकी स्पीड तो बुलेट ट्रेन से भी बहुत तेज है face_with_tears_of_joy face_with_tears_of_joy face_with_tears_of_joy,non-sarcastic
aare bol k ma chudao ukhad to waise bhi nhi kuch paoge,sarcastic
rahul gandhi ke ghar per jaiye delhi mein uska ghar hai,non-sarcastic
Trailer dekh kar jali na jali na face_with_tears_of_joy face_with_tears_of_joy face_with_tears_of_joy,sarcastic
aagar vo red bull bhi pi leta to skull,sarcastic
Condom fatun zhali lavde var zopun meli face_with_tears_of_joy face_with_tears_of_joy face_with_tears_of_joy face_with_tears_of_joy,non-sarcastic
isake aage kaa veediyo bhee dikhaao,non-sarcastic
laya ra.cpara banata hotaanaa aataa kashaalaa eksapalena karato jhavanyaa shikshaa tara jhaaleecha paahije,non-sarcastic
jay shree ram triangular_flag triangular_flag triangular_flag triangular_flag triangular_flag,non-sarcastic
face_with_tears_of_joy face_with_tears_of_joy face_with_tears_of_joy face_with_tears_of_joy face_with_tears_of_joy face_with_tears_of_joy grinning_face_with_sweat grinning_face_with_sweat grinning_face_with_sweat grinning_face_with_sweat,non-sarcastic
"Ye kattu Lulu ka muje mil gya na to ese me eski Urdu bhasa me samjhaunga , ki Konse nase me he babari mazzid mere laude pr rolling_on_the_floor_laughing rolling_on_the_floor_laughing rolling_on_the_floor_laughing rolling_on_the_floor_laughing",sarcastic
Sambit bhai is GOD clapping_hands fire raising_hands,sarcastic
oop vaasee hone para main sarminda hun,non-sarcastic
kaha se kaha jod raha hai bhai,non-sarcastic
aagar sardar ki jagah hariyana ka driver hota to biker ki maiya avi tk 6 bar chod diya hota enraged_face,sarcastic
bhai de khich kar thobade pe sari hekdi nikal kar bahar ho jaegi izzat ladko ke pass nahi hota kya itna gali de rahi hai bhai lag raha hai iska saman bahut tait hai tabhi to kaha rahi hai ki yaha bhi pelege aur waha bhi pelege chale jao bhai pelwa lo thoda medam ki garmi thodi kam ho jayegi,sarcastic
gandhi ji ki yojana bhen bana kar ch****na,sarcastic
or yah congress ka nhi modi ka log h jo kala kapda pahan ke ai h pgli enraged_face,non-sarcastic
aabi usko iske bare me nhi pata h check_mark_button,non-sarcastic
bkl ab apne depression pe rap bana chal,sarcastic
Kal @Sneha ke saath old songs ki playlist sunte huye long drive pe gaya—perfect evening tha.🎵🚗,non_sarcastic
hee raanda aahe raanda budhavaara petheteela,non-sarcastic
Socho ye ese he to ye log jiski raah pe chalte he wo kitna gira hua hoga Su ?? face_with_tears_of_joy bell fire,sarcastic
Gravity ka naam suna hai rolling_on_the_floor_laughing rolling_on_the_floor_laughing,non-sarcastic
tuma to apanee bahana ko hee nahee cho.da rahe ghara men baapa kee bhee le liyaa karo mijaaja to usakaa bhee tumhe pataa hee hogaa face_with_tears_of_joy,non-sarcastic
es chutya ki surat hi buri lagti,non-sarcastic
enraged_face enraged_face enraged_face enraged_face enraged_face enraged_face enraged_face red_heart red_heart red_heart red_heart red_heart red_heart red_heart red_heart red_heart,non-sarcastic
aare landbhakt...sb hindu h..tumhare papa nhi jita to sb hizda wah beta,sarcastic
pehle jake apne papa ko pucho kala dhan kaha he 15 lakh fir duskore bare me bolna,sarcastic
Oho didi ke sath dhoka hua koi ni face_with_tears_of_joy face_with_tears_of_joy face_with_tears_of_joy pr ab modi ji se koi umid nhi rakhna face_with_tears_of_joy face_with_tears_of_joy face_with_tears_of_joy,sarcastic
ye bina condom ke nahi leti na kya btau pareshan kar diya h meko face_with_tears_of_joy,sarcastic
enraged_face enraged_face enraged_face enraged_face enraged_face enraged_face,non-sarcastic
bjp bhi yahi karti hai koi nuslim ke khilaf bola ya kuch kiya toh usko apna bap or ma bana leti hai,non-sarcastic
phle dena chiye tab jit jate,non-sarcastic
Sab bakwass karne ke baad.. He is playing victim card.!,non-sarcastic
aare modiji kyun bjp ko 370+ ndaa ko 400+ bol rahe hai jab ho jayega waqf board hataya jayega,sarcastic
graviti ka ma ka bhosda rolling_on_the_floor_laughing,non-sarcastic
Abe tu chal be fire rolling_on_the_floor_laughing smiling_face_with_sunglasses,non-sarcastic
Respect for women and our nation flag,non-sarcastic
kya apka qeemti mujassama mujhe mil sakta hai please red_heart red_heart red_heart,non-sarcastic
pehla 15lakh ta lai lo jihna nu 10sal ho gae ne ehna di ta sarkar e nai ayi,non-sarcastic
Camera man is real Chad moai mission passed respect+,sarcastic
Transliterated_Comment,sarcasm_label
rahana de bhaaee la.dakiyon ke khilaapha koee niyama nahee hai chaahe kisee kee bhee maa.n bahana eka kara de enraged_face enraged_face,non-sarcastic
Dogle hindus are in up enraged_face crying_face,non-sarcastic
face_with_tears_of_joy face_with_tears_of_joy face_with_tears_of_joy triangular_flag triangular_flag triangular_flag triangular_flag triangular_flag,non-sarcastic
aab jaha congress ayi hai waha to dena chahiye,sarcastic
hindoo o kaa jayaadaa vikaasa karanaa dhika naheen,non-sarcastic
eeske doosre bap me nhi pehna tha or ye paida ho gyi or isliye aisi post ki or jisne isko pad diya h wo hijada ki aulad h,sarcastic
hija bhaashana ekanaaryaannaa pahilaa tudavoona haanaayalaa paahije face_with_symbols_on_mouth,non-sarcastic
een jhahil logo ko kon samjhayega,sarcastic
nar ja tu ghatiya insan skull bhoot ban ja nanhus kathee ehi,non-sarcastic
Nsbs4 ha na Bhai fire strong oncoming_fist ha,non-sarcastic
jis din sudhanshu trivedi jaise scholar se ye german shepherd ki debate hui na toh ye bhag hi jayega …,sarcastic
jansankhya niyantran ki bahot jaruri hai our ye sirf modi hi kar sakta hai .isliye modi ka ana bahot jaruri,non-sarcastic
ye kaisaa haarta taching veediyo thaa,non-sarcastic
I will translate the caption in hindi fefra x-ray lungs shui people_hugging video,non-sarcastic
face_with_tears_of_joy face_with_tears_of_joy face_with_tears_of_joy face_with_tears_of_joy face_with_tears_of_joy face_with_tears_of_joy face_with_tears_of_joy why taking india flag to Canada face_with_tears_of_joy stay in your country then if you don't like it,non-sarcastic
jo log gali dete bahan ke lode vo enke liye hi bani thi..,non-sarcastic
Waqf ko fuck karega ab modi face_with_tears_of_joy,non-sarcastic
Baba shi bol rhe cort to phle v tha to phle ye sb ku ni hua kuki hindu ko Hindu ni samjha kisi ne vote bank ke chakkar m aj hindu h or rhega hi isliye bjp ke sath hu jai shree Ram folded_hands folded_hands folded_hands,non-sarcastic
Isi Wajah se Congress ka Desh Safaya hoga ab.. Fata-fat.. Fata-fat.. Fata fat rolling_on_the_floor_laughing face_with_tears_of_joy rolling_on_the_floor_laughing,sarcastic
devala pn nhi sodt lok enraged_face,non-sarcastic
Fatti condom ke paidaish smiling_face_with_horns smiling_face_with_horns smiling_face_with_horns,non-sarcastic
andhaare chyaa gaandee javalachaa andhaara tine paahilaa naahee vaatata,non-sarcastic
eeska bap agar condom istemal karta to is panauti ka muh dekhana nhi parta,sarcastic
Are bhend ke lavde tera record mere area ke Rocky kutte ne bhi tod rakha he kya baate chodrai tu jhaatu face_with_tears_of_joy,non-sarcastic
"Influencer ka advice suna, ab toh life perfect ho jayegi, chutiya tips! 😒",sarcastic
nhi bhaiya m hu kattar hindu meri life time bjp ko hi rhega vote or mujhe bhut dukh h crying_face ki kuch hijde log h jo jo chahte h ki unke jija ko bnaye pm enraged_face,non-sarcastic
garv se kaho hum hindu hai nuslim cross_mark hawas ke pujari check_mark_button .,sarcastic
"nai b mere bacho ko bolunga, bharat bahar ke logo se nahi tere jaise gaddar logo se ladtha raha",sarcastic
hichyaa tondaavara kona kona pichakaaree maaranaara,non-sarcastic
photo to dikha do allah ki,non-sarcastic
Asli farzi admi ye Nehru hi tha khud to Mara Desh ko baat kr chala gaya....ek desh mei ek kanoon vyavastha hoti hai...ise dusri vyavastha Dene ki kya zaroorat thi...... secular ke naam pr marte marte desh bech gaya face_with_tears_of_joy,sarcastic
yar surname badal kar choonawala rakh …,sarcastic
Badi jhaantu ladki h face_with_tears_of_joy face_with_tears_of_joy,non-sarcastic
isiliye ab kejriwal ke samarthan me a gaye .,sarcastic
land dega sabko eka-eka go khatak khatakhat,sarcastic
face_with_tears_of_joy face_with_tears_of_joy face_with_tears_of_joy face_with_tears_of_joy face_with_tears_of_joy triangular_flag triangular_flag triangular_flag triangular_flag fire check_mark_button fire check_mark_button check_mark_button,non-sarcastic
randchi pora asich bol tat ai jhavadi,non-sarcastic
jumalaa paartee kaangresa ne mahilaa votara ko sirpha bevakoopha banaayaa vota ke lie,sarcastic
crying_face crying_face crying_face crying_face crying_face crying_face,non-sarcastic
Elvis yadav ke bi fan h aur log ushko dhram ke nam pe hi follow krte h fir tu ku ni bolta h kuch ekdm kotha wala h tu face_with_tears_of_joy face_with_tears_of_joy,sarcastic
"Nayi app launch hui, ab toh phone ka baap ban jayega! 📱",sarcastic
ek bar ye gali pe breaking news banayega na to maiyachud jayega tera,sarcastic
aal hamdulillah aj tak destroy krne wala paida hi nahi hua,sarcastic
mirchi kaha kaha lagi ha .. thode din me pata chalega abhi to shuruat ha fire,sarcastic
20 min de do ye khalistani madarchod ke pillo ki gand mar dete hai,sarcastic
5 star dew cross_mark 10 stadwe check_mark_button skull moai,non-sarcastic
Fearless Oscar Award Goes To this Men check_mark_button skull,non-sarcastic
Respect for her try face_blowing_a_kiss face_blowing_a_kiss,non-sarcastic
15 lakh wali bat kabhi suni h iske muh se face_with_tears_of_joy,sarcastic
tum log change lane mein expert ho,sarcastic
Inka toh safa chat ho gya skull_and_crossbones face_with_tears_of_joy grinning_face_with_sweat,non-sarcastic
yai sab ko chawal vi band karya di fata fat,sarcastic
Congress Congress smiling_face_with_heart-eyes Rahul Gandhi red_heart,non-sarcastic
Dhruv Rathee cross_mark Aam admi party worker check_mark_button,non_sarcastic
शिव उर्फ लिंग और लिंग पर कंडोम का उपयोग होता है face_with_tears_of_joy face_with_tears_of_joy face_with_tears_of_joy,non-sarcastic
admin cross_mark khud ki ma ka choda check_mark_button,sarcastic
elvish ke wqt muh bnd tha sbka,non-sarcastic
"Finally Goa tickets booked, ab bas zindagi ko slow-motion mein enjoy karna hai. 🏖️✈️",non_sarcastic
"Kids Trying To Defend Kejrubaal,,,,By Blaming That B.J.P has Arrested Him ,,, Beside Knowing That He Is a Corrupted Politician that's Why He Is In Jail,,& Kids Should Be Happy.,,,,But Today's Gen-Z Gaanduuu Generation Kids Are Just Dumb! clown_face banana",sarcastic
no never ag laga do waqf ko,non-sarcastic
face_with_tears_of_joy Only BJP orange_heart triangular_flag trident_emblem,non-sarcastic
face_with_tears_of_joy face_with_tears_of_joy face_with_tears_of_joy khatakhat ghar jaao .,sarcastic
Nahi Milega cross_mark cross_mark cross_mark rolling_on_the_floor_laughing rolling_on_the_floor_laughing rolling_on_the_floor_laughing,non-sarcastic
face_with_tears_of_joy face_with_tears_of_joy face_with_tears_of_joy face_with_tears_of_joy face_with_tears_of_joy face_with_tears_of_joy face_with_tears_of_joy face_with_tears_of_joy face_with_tears_of_joy face_with_tears_of_joy clapping_hands clapping_hands clapping_hands,non-sarcastic
face_with_tears_of_joy face_with_tears_of_joy face_with_tears_of_joy face_with_tears_of_joy face_with_tears_of_joy face_with_tears_of_joy face_with_tears_of_joy face_with_tears_of_joy,non-sarcastic
And still they say they respect women. Give equality to their 4 wives.,non-sarcastic
isake lie hee to 405 chaahie jitanaa bhee aapa borda kaa jo sanpatti hai jo neharoo sooara ne de diyaa thaa vaha saba bhaarata gavarnamenta ke andara men aanaa chaahie hindustaana ke andara men aanaa chaahie vaha gavarnamenta ke andara jo baabaa bheemaraava anbedakara ne jo sanvidhaana banaayaa hai usake andara men aanaa chaahie kyonki vaha usake baapa kaa sanpatti naheen hai vaha hama loga bhaarata desha kee sanpatti hai to bhaarata desha kee sanpatti kisake andara men honee chaahie bhaarata sarakaara ke andara men hone chaahie to jo neharoo ne galatee kee hai usako aba modee jee sudharenge 400 para aaegaa taba,sarcastic
"everything is fine, but ye fair nhi hai yr mere hisaab se",non-sarcastic
face_with_tears_of_joy face_with_tears_of_joy face_with_tears_of_joy face_with_tears_of_joy face_with_tears_of_joy face_with_tears_of_joy face_with_tears_of_joy,non-sarcastic
Kisi ne notice kiya sari aurte musalman hai face_with_tears_of_joy face_with_tears_of_joy face_with_tears_of_joy face_with_tears_of_joy,sarcastic
tu sali jan bujhh kiya tha lekin video ke bahana se aise kiya rolling_on_the_floor_laughing,sarcastic
ha ham hindu or hmne hindu ko hi vote diya dhongi baba ko nhi,non-sarcastic
enraged_face enraged_face enraged_face enraged_face enraged_face enraged_face enraged_face crying_face red_heart crying_face crying_face red_heart,non-sarcastic
Scam किया खटा खट खटा खट। check_mark_button,sarcastic
yeh bakwas kr raha ha randi ka islam ko badname kr dia enraged_face enraged_face enraged_face,non-sarcastic
"heelaa akadaa ba.davaa, jityaachee jiravalee aataa hichee jiravaa face_with_tears_of_joy",non-sarcastic
Q ke Dhruv rathi m c#od ha,non-sarcastic
bhauji is ka bhi khuch dekna after 6 june.,non-sarcastic
jli na tumhri bhi jli na face_with_tears_of_joy face_with_tears_of_joy,non-sarcastic
milegaa aapa logon ko khataakhata khataakhata,sarcastic
bangladesh is not for beginners skull skull,non-sarcastic
kaasha teraa baapa usa dina kandoma lagaake soyaa hotaa to teree jaisee paidaa naheen hotee middle_finger middle_finger,sarcastic
Ab kaha chale Gaye padhe likhe educated lund clown_face ??,sarcastic
Bharat desh ko dushman ki jarurat nai he apne hi desh me bahot he aur rahi bat babri ki to vo mandir todke banaya tha and ye hum hamari pedhiyo ko batayenge Jay Shree Ram folded_hands_light_skin_tone triangular_flag,non-sarcastic
teri bahan ka fadu teri eendia daba rakha tune bahan,sarcastic
"eat 5 star dar ki cha ki mu, do nothing skull",non-sarcastic
check_mark_button check_mark_button check_mark_button check_mark_button check_mark_button check_mark_button face_with_tears_of_joy face_with_tears_of_joy face_with_tears_of_joy face_with_tears_of_joy,non-sarcastic
Dhruv Rathee exposed by ExMuslim Sahil Channel with Facts check_mark_button,sarcastic
Garmi sar pe Chad gyi hai loudiya ke face_with_tears_of_joy face_with_tears_of_joy face_with_tears_of_joy,sarcastic
clapping_hands clapping_hands sarkar kanun himat nai ruk nai sakte... clapping_hands clapping_hands,sarcastic
pahle jihadiyo ki shakl aur soch dekho fire fire,sarcastic
"‘Organic’ labels dekhke khareeda, 🥑 #HealthyLife chahiye tha, c#@$%a pesticides mila!",sarcastic
ye bhi godi media ki chal hai check_mark_button,non-sarcastic
Transliterated_Comment,sarcasm_label
aab yeh bhi uth k a gyi fame do bhai,sarcastic
Do nothing >< Dar ke aage jeet hai check_mark_button,non-sarcastic
oop me bjp jaha se jiti hai woh ache hai jaha se hati hai waha dogle se bhi bada param dogla hai khaskar ayodhya to maha dogla hai,sarcastic
layki ahe ka ichi rama badla bolichi,non-sarcastic
ha bhai jis aurangya ne unke 2bacho ko zinda gad diya aur hamare dharmveer chatrapati sambhaji maharaj ko tadpa tadpa ke mara aj ka din mas balidan din hamare chatrapati sambhaji maharaj ka crying_face crying_face,non-sarcastic
aagar aaisa hi chalta rha to inki jansankhya bahot ho jayegi aur hame khatra hoga inse sochna padega hume,non-sarcastic
Congress supporters bevkuf madrasa chap madarchot.....,sarcastic
Eat 5 star do nothing............ Mountain Dew 'dar ke aage maut hai ' face_with_tears_of_joy,sarcastic
bharat nata jindabad eendia check_mark_button crying_face,sarcastic
Par sarkar bani kaha rolling_on_the_floor_laughing rolling_on_the_floor_laughing,sarcastic
चावट तुझा हात कुठं जातं आहे face_with_tears_of_joy beaming_face_with_smiling_eyes,non-sarcastic
aary bechara khushi manara h kuch b bore tm bhaijan,sarcastic
shi bat h itna hi shree ram k ana ka itni khushi to ye congress wale pehle kyu nahi bole k ye cheez galt h use shi kro or balki ulta in logo ram mandir k khilaf ladai krne k liye log jaye h srm bhi nahi ati dhongi log,non-sarcastic
5star + mountain dew = desi daru,non-sarcastic
ise chunav ka ticket nhi jel ki ticket milni chahiye,sarcastic
Are unhone bola tha July main phle Unka video to Dekho fir bolo,non-sarcastic
nunna jit gya to gand jali to isme ham kya kre,sarcastic
tumhare video ne sabko jaga diya,sarcastic
Aur lgao gao me tower aur do sabko 1000 per month face_with_tears_of_joy,sarcastic
pappu kaha tak pura kare vada janta itne bhikmaigi hai..jara sa bada hua nhi pahuch gai,sarcastic
"Local park ban gaya, ab toh subah workout pakka! 🌳",non_sarcastic
bro rolling_on_the_floor_laughing rolling_on_the_floor_laughing rolling_on_the_floor_laughing rolling_on_the_floor_laughing rolling_on_the_floor_laughing wakeuo,non-sarcastic
India India India India India India India India check_mark_button enraged_face enraged_face enraged_face,non-sarcastic
karara jawab milega.. karara jawab milega..,non_sarcastic
Ladies be like la paisa la face_with_tears_of_joy,sarcastic
I'm sure he dipped the chocolate in mountain dew to get this high double_exclamation_mark,sarcastic
dhruv rather ki ma ka bhosda,sarcastic
Why Modi is talking about this,non-sarcastic
kabhi greater noida ao darling yeh danda tumhare pichawade me ghusa kar muh se nikal denge heejde khade hai sare,sarcastic
triangular_flag triangular_flag triangular_flag triangular_flag triangular_flag triangular_flag triangular_flag triangular_flag,non-sarcastic
kaayade se dekho gayaa kauna hai lene,sarcastic
Karma will speak one day fire raising_hands,non-sarcastic
ye bhi bolio ki pehle tumhare qaum ke gadhe ghatiya gira hua babr ne mandir todke masjid bnaya isliye to hinduo ne apni jgha wapas leli bss boldio,non-sarcastic
face_with_tears_of_joy face_with_tears_of_joy face_with_tears_of_joy face_with_tears_of_joy face_with_tears_of_joy face_with_tears_of_joy face_with_tears_of_joy,non-sarcastic
je koi panjabi munda hunda ehdi behan di lun de deni c face_with_tears_of_joy raising_hands,sarcastic
#rahulgandhi ji #namonitish ne corruption ke against jake dhoka diya ya apne corruption ke sath rahkar janta ko 0 #biharwithtejashwi,sarcastic
Mountain dew dar ki ma ki chut skull fire rolling_on_the_floor_laughing,non-sarcastic
Lelo ab khata khat khata khat grinning_face_with_sweat grinning_face_with_sweat grinning_face_with_sweat,sarcastic
aab do 1 lakh bap ke ghar se lake dono milkar sehjade aur nawabjade,non-sarcastic
I am a Sikh from Punjab India . I really want my state to get its due rights and powers but this is very wrong and I don’t appreciate this act at all folded_hands_light_skin_tone,non-sarcastic
मज़ा आया लालची लोगों beaming_face_with_smiling_eyes beaming_face_with_smiling_eyes,sarcastic
Congress ferrari bhe baat sakti hai face_with_tears_of_joy face_with_tears_of_joy face_with_tears_of_joy face_with_tears_of_joy,sarcastic
to sarkar bani hi kaha hai jo pahonch gaye lene,sarcastic
big fan bro apki har video par gali deta hu middle_finger,sarcastic
Jai Shree Ram red_heart red_heart red_heart,non-sarcastic
Wafq Board? cross_mark Wtf Board check_mark_button,non-sarcastic
Rahul Gandhi ne chutiya banya tumko face_with_tears_of_joy face_with_tears_of_joy,non-sarcastic
"sath me kashi aur nathura ke be bta ke jana,",sarcastic
Papa ne Diwali bonus diya—shopping spree time! 🛍️ #DaughterPrivilege,non_sarcastic
face_with_tears_of_joy face_with_tears_of_joy face_with_tears_of_joy face_with_tears_of_joy rolling_on_the_floor_laughing rolling_on_the_floor_laughing rolling_on_the_floor_laughing rolling_on_the_floor_laughing,non-sarcastic
aaha hy me hindu hu triangular_flag,non-sarcastic
"ye sikha nahee haraama ke pille hai,, jo apane vaaheguru ko bhoola gae unhen baalako kee kurbaanee bhoola gae,,,",non-sarcastic
कोंग्रेस पैसा समेट कर इटली भाग गई face_with_tears_of_joy face_with_tears_of_joy face_with_tears_of_joy,sarcastic
face_with_tears_of_joy face_with_tears_of_joy face_with_tears_of_joy face_with_tears_of_joy face_with_tears_of_joy face_with_tears_of_joy,non-sarcastic
labde ke bhic me ga**d dene aya..gana to tu uske liye banaya tha face_with_tears_of_joy,sarcastic
Abe tu chal face_with_tears_of_joy face_with_tears_of_joy face_with_tears_of_joy aur yeh sab mat kar,sarcastic
bahut log hai jo apse bat karna chahte hai..plzzzzzz dn't brk thr hearts sir plzzzz,sarcastic
My anxiety up_arrow up-right_arrow right_arrow down-right_arrow down_arrow down-left_arrow left_arrow up-left_arrow clockwise_vertical_arrows counterclockwise_arrows_button,non-sarcastic
bhai bata do inko ab acche se angry_face,sarcastic
jay shree ram triangular_flag triangular_flag triangular_flag triangular_flag triangular_flag triangular_flag triangular_flag triangular_flag triangular_flag triangular_flag triangular_flag triangular_flag triangular_flag triangular_flag triangular_flag triangular_flag triangular_flag triangular_flag,non-sarcastic
aaare ai ghale tula jari tari laj vatu de barachi avlad ahe tuzi,sarcastic
कांग्रेस के तलवे चाटने वालो के साथ ऐसा ही होना है rolling_on_the_floor_laughing rolling_on_the_floor_laughing rolling_on_the_floor_laughing rolling_on_the_floor_laughing,sarcastic
face_with_tears_of_joy face_with_tears_of_joy face_with_tears_of_joy face_with_tears_of_joy face_with_tears_of_joy face_with_tears_of_joy face_with_tears_of_joy,non-sarcastic
wahh usne apni bat rkhdi to atankwadi....,sarcastic
eenki maka bhosda bc k bache inki ma behen ko chode the kya eendia vale,sarcastic
Asududdin Owaesi Sahab Jindabad crossed_swords crossed_swords crossed_swords crossed_swords crossed_swords crossed_swords crossed_swords crossed_swords crossed_swords crossed_swords crossed_swords crossed_swords crossed_swords crossed_swords crossed_swords crossed_swords crossed_swords crossed_swords crossed_swords crossed_swords crossed_swords crossed_swords crossed_swords crossed_swords crossed_swords crossed_swords crossed_swords crossed_swords,sarcastic
Ma'am ke boche daba diye aapne to face_with_tears_of_joy,sarcastic
hyaa gavasaalee maaga kashaalaa laagataa kashaalaa eelaa bhaava detaa...,non-sarcastic
oop wale to hijde nikle mc,sarcastic
naye india ke naye report cards,sarcastic
sutiya jarmana sepharda apanaa gyaana kahi aura baatanaa yahaan para hai tere chaachaa sudhaanshu trivedee sahee gyaana dene vale,non-sarcastic
are hyaa bhesaadee laan taakanan hindoo che lavade,sarcastic
kandoma phaatoona jhaalelee aaoolaada aahe hee,non-sarcastic
"aauro do pappu gang ko vote , pappu ne dogle hindu or khangresi walo ko pappu bana diya face_with_tears_of_joy",sarcastic
aapne bap se bhi aise bat karta hoga..,sarcastic
"Team meeting mein presentation diya, sab bole wah, chutiya log ke wah! 😂",sarcastic
Ye Bangladesh Bangladesh nahi hai slightly_smiling_face thumbs_up,non_sarcastic
bechare ko dukh hua hai role thoda face_with_tears_of_joy face_with_tears_of_joy,non-sarcastic
Munawar Farooq se log to chal rahe hain news Wale Bhi Aaj Tak Wale Bhi chal rahe hain ise not fair fire fire fire fire,non-sarcastic
uddhava puchee chaata hichee.. maadarachodaa.. aavara hilaa naahee tara maarasheela too hichyaa mule,sarcastic
Chamcho kha gye tum chutiyo face_with_tears_of_joy face_with_tears_of_joy face_with_tears_of_joy face_with_tears_of_joy,sarcastic
"𝙱𝚑𝚊𝚔 𝚋𝚞𝚍𝚋𝚊𝚔,.... grinning_face_with_big_eyes 𝚃𝚖 𝚕𝚘𝚐 𝚋𝚘𝚕𝚘 𝙹𝚊𝚢 𝚂𝚑𝚛𝚎𝚎 𝚁𝙰𝙼 triangular_flag",non-sarcastic
tevhaa je raakshasa maarale naa tyaa paikee ekaanee janma ghetalaa asela nako tithan aaee ghaalata asataata ase loka .,non-sarcastic
Jai Shri ram red_heart red_heart red_heart red_heart,non-sarcastic
nodi ke 15 lakh khaha gaye,sarcastic
tilaa bolaayacha tara samora jaaoona bolaa tu saaga uddhava thaakare laa hilaa pakshaata nako gheoo june video paathaoona kaaya daakhavaayacha tujhyaa dama aahe tara tu bola samora jaaoona,sarcastic
Transliterated_Comment,sarcasm_label
Tattoo kidhar hath kidhar face_with_tears_of_joy face_with_tears_of_joy,non-sarcastic
tumhara plan concept art se aage nahi badhta,sarcastic
Gravity ki MKC tu bacha bacha,sarcastic
થોળા સબ્ર કરો તુમ્હે દેંગે જરૂર તુમ્હારે દોનોં હાથો મેં રાહુલ ગાંધી. પૈસે,sarcastic
Accha hai main mp se hu or mera vote modi ji ko gaya hai red_heart,non-sarcastic
"Arre,bhai,hair cut krlo...same dikh rhe ho dono face_with_tears_of_joy face_with_tears_of_joy",non-sarcastic
"Good Job Police , What he did was Wrong thumbs_up",non-sarcastic
gareebo ki sahayta cross_mark_button musalmano ki sahayta check_mark_button,sarcastic
lagta ha inko khud he nahi pata kitne hai,sarcastic
Mar ki maa ki c..t + bde aaram se face_with_tears_of_joy,non-sarcastic
ye to modi birodhi ko chup krane wala reel hai skull skull,sarcastic
kattar Hindu nhi andhbhakti bolte hai ise face_with_tears_of_joy Jay shree Ram triangular_flag,sarcastic
Kidney me heart attack aa gaya ye dekh ke crying_face slightly_smiling_face,non-sarcastic
ye to kisi bhut ka land lagta he face_with_tears_of_joy,non-sarcastic
yahee hai hamaare desha kaa haala 8500 ke lie bhaarata desha ko becha diyaa vo to hamaare modee jee hain jo indiyaa aaja bachaa huaa hai,sarcastic
bhn k lode katwe kat k fenk denge bc tujhe suar,sarcastic
Yeha to modi chamche hai une sacchai pasnd nahi hai face_with_tears_of_joy face_with_tears_of_joy,sarcastic
Hindu Dharm se Love karte ho to naam change kardo Jay shree Ram triangular_flag,sarcastic
Druv rathi biggest scammer clown_face enraged_face face_with_symbols_on_mouth face_with_symbols_on_mouth,non-sarcastic
Saala ye samaj me nhi aa rha h ki har baar sem kaach kese aa rha h niche girte time face_with_tears_of_joy face_with_tears_of_joy face_with_tears_of_joy face_with_tears_of_joy face_with_tears_of_joy,non-sarcastic
पंटुया मिलेगा rolling_on_the_floor_laughing rolling_on_the_floor_laughing rolling_on_the_floor_laughing rolling_on_the_floor_laughing,non-sarcastic
I love you behan tum log Ke liye main mafi mangta hun jo bhi hai video banaya na kisi itna Maro na mo per bolane alava Shabd nahin Jana chahie tha face_with_tears_of_joy face_with_tears_of_joy,non-sarcastic
jaya shree raama jaya shree krrishna nodi nodi nodi,non-sarcastic
"Twitter pe sab experts hai, s#!* ka bhi detailed analysis kar sakte hain log.🤦‍♂️🐦",sarcastic
Pagal ho gaya maulbi beaming_face_with_smiling_eyes beaming_face_with_smiling_eyes beaming_face_with_smiling_eyes,non-sarcastic
Bhai up bale dogle likal gaye crying_face,non-sarcastic
Aren't they like a virus and that also spreads like this thinking_face thinking_face,non-sarcastic
rolling_on_the_floor_laughing rolling_on_the_floor_laughing rolling_on_the_floor_laughing rolling_on_the_floor_laughing वाह क्या सोच हैं रे 'तेरी,sarcastic
na ki gali di utneee meee inkooo dafan kardeta bad m chahe jo ho,non-sarcastic
kya mai apne muslim dost ko tag kr sakta hu kya ?koi vivad toh nahi hoga nah face_with_tears_of_joy,sarcastic
ek bar aur gandhi parivar ko mauka diya jaye sale hindustan sari jameen abhi waqt board ke nam kar di jayegi triangular_flag triangular_flag triangular_flag triangular_flag,sarcastic
please look into the matter & do the needful.... face_with_tears_of_joy,non-sarcastic
maauntena dyoo dara kee maan kee choota.......... face_with_tears_of_joy,non-sarcastic
enhone vot diya he pappu ko to enhe eenka hak milna chahiye vot manga bhi yahi kehkar ab de enko pesa,sarcastic
crying_face crying_face crying_face crying_face it's so sad to watch.,non-sarcastic
tuja gandit ardha bula takla hota mhnun hi as bolti,non-sarcastic
cross_mark cross_mark cross_mark cross_mark cross_mark triangular_flag triangular_flag triangular_flag triangular_flag check_mark_button,non-sarcastic
pak out ho chuka hai aus r kiwi se jeetna namomkin,non_sarcastic
"""Bhagwan ke bharose mat baithiye, kya pata bhagwan hamare bharose baitha ho."" Faith doesn't, Manjhi moves mountains.",sarcastic
hichyaa aaeechee bhoka aaeeghaalee ilaa paathavaa tikade paakistaana laa madorchod salee,non-sarcastic
ina saalo ko meediyaa me kauna bhartee kartaa hai yaara aise loga desha ko bechate hai,sarcastic
Bhaii dhruv ne sitting chief minister bola hai yawning_face yawning_face [ gawaron ko English hi nahi ati hai ] face_with_tears_of_joy,sarcastic
Thy are doing brand promotion face_with_crossed-out_eyes,non-sarcastic
Allah hu akbar green_heart green_heart green_heart fire fire fire fire smiling_face_with_heart-eyes smiling_face_with_heart-eyes smiling_face_with_heart-eyes smiling_face_with_heart-eyes,non-sarcastic
red_heart respect for Ma'am India Mera bharat mahan,non-sarcastic
eeska dna dnaa check karna chiye,non-sarcastic
Khalistani are german shepherd grinning_face_with_smiling_eyes grinning_face_with_smiling_eyes,non-sarcastic
Bhabhiji kuchbhi thinking_face thinking_face thinking_face thinking_face face_with_symbols_on_mouth face_with_symbols_on_mouth face_with_symbols_on_mouth face_with_symbols_on_mouth face_with_symbols_on_mouth,non-sarcastic
eesee ko kahate h pyar m dhokha,non-sarcastic
abba chamache nahee bolenge dhruva raathee deshabhakta hai face_with_tears_of_joy,sarcastic
Mountain dew डर की maa ki chut rolling_on_the_floor_laughing,non-sarcastic
Lauda Lelo mera face_with_tears_of_joy face_with_tears_of_joy face_with_tears_of_joy face_with_tears_of_joy face_with_tears_of_joy,sarcastic
Yeh sab dekhne kay baad newton gravity cross_mark kay sath kon mein chudne chala gaya loudly_crying_face check_mark_button,sarcastic
Vada to Modi ji ne bhi kiya tha vah kyon nahin batate ho aap face_with_tears_of_joy face_with_tears_of_joy,sarcastic
https://www.instagram.com/reel/c7ymh6rs3ge/?igsh=ntrucnvwngrmbg4xoq== ye video sunlo sara proud wala bhoot utar jayega,sarcastic
समोर बसलेले हे ऐकून घेणारे कित्ती मूर्ख लोक असतील face_with_symbols_on_mouth face_with_symbols_on_mouth face_with_symbols_on_mouth face_with_symbols_on_mouth face_with_symbols_on_mouth sheeeeeeee खुप संताप होतो असल्या लोकांना पाहिलं की . face_with_symbols_on_mouth face_with_symbols_on_mouth face_with_symbols_on_mouth face_with_symbols_on_mouth face_with_symbols_on_mouth face_with_symbols_on_mouth,sarcastic
aagar tum log eendia mein aisa karte na hamare tirange ka apman to vah din tumhara aaakhri hota khali sthan murdabad murdabad hamara hindustan jindabad jindabad eendia eendia eendia eendia eendia eendia eendia eendia eendia eendia,non-sarcastic
Kisi ne notice kiya sari aurte musalman hai face_with_tears_of_joy face_with_tears_of_joy face_with_tears_of_joy face_with_tears_of_joy,sarcastic
sharjeel notey kaddu ms talent bhi nahi hai,sarcastic
That's why women lives longer than men face_with_tears_of_joy face_with_tears_of_joy,sarcastic
Marana hai kya be ( Jay shree ram folded_hands ),non-sarcastic
Places of worship act should repel,non-sarcastic
salute madam cross_mark oh sorry salute aunty face_with_tears_of_joy face_with_tears_of_joy check_mark_button,non-sarcastic
Real cross_mark TV serial grinning_face_with_sweat grinning_face_with_sweat,non-sarcastic
grinning_face_with_sweat grinning_face_with_sweat grinning_face_with_sweat grinning_face_with_sweat grinning_face_with_sweat rolling_on_the_floor_laughing rolling_on_the_floor_laughing rolling_on_the_floor_laughing rolling_on_the_floor_laughing face_with_tears_of_joy face_with_tears_of_joy face_with_tears_of_joy face_with_tears_of_joy,non-sarcastic
aare tumhara babar oozbekistan me paida huwa tha na ki ayudha me,non-sarcastic
Sir aap aise ****yio ko apne show me bulate hi kyu ho…,sarcastic
crying_face crying_face crying_face crying_face crying_face crying_face,non-sarcastic
kejariwal ka beta madh*rch*od face_with_tears_of_joy face_with_tears_of_joy face_with_tears_of_joy,sarcastic
RT : 2 - with Kenny bates action producer and Nirav shah DOP at Nehru stadium Delhi .,non_sarcastic
"@Kunal finally home workout routine bana liya hai maine, motivated AF! 💪🏋️‍♂️ #FitnessGoals",non_sarcastic
moai moai moai moai moai moai,non-sarcastic
ek bar mil jae ye bs phir google bhe na khoj paega esko aisa gayab krunga,non-sarcastic
"tum logto ye bhi nahi keh sakte ke ispe ram jee ki kirpa rahi hogi isliye jitgaya , bolo",sarcastic
face_with_tears_of_joy face_with_tears_of_joy face_with_tears_of_joy face_with_tears_of_joy face_with_tears_of_joy cross_mark or dalo vote congress,sarcastic
sahi bat to hai dena chahie khatakhat paise ladisso ko kyon nahin de rahe hain rahul ji ko dena chahie,sarcastic
Transliterated_Comment,sarcasm_label
Gravity is crying in the corner loudly_crying_face broken_heart,non-sarcastic
Ya madarchod Indian media bsdk face_with_tears_of_joy face_with_tears_of_joy,non-sarcastic
face_with_tears_of_joy face_with_tears_of_joy face_with_tears_of_joy face_with_tears_of_joy face_with_tears_of_joy rolling_on_the_floor_laughing rolling_on_the_floor_laughing rolling_on_the_floor_laughing,non-sarcastic
enraged_face enraged_face enraged_face enraged_face enraged_face enraged_face enraged_face,non-sarcastic
I love you Rahul Gandhi face_blowing_a_kiss smiling_face_with_heart-eyes star-struck face_blowing_a_kiss,non-sarcastic
hama kaba taka isa apamaana ko sahenge bhaaee,non-sarcastic
tumhare har plan mein twist zaroor hota hai,sarcastic
Newton in comma for gravity rolling_on_the_floor_laughing,non-sarcastic
Hicha tondat dya re face_with_symbols_on_mouth face_with_symbols_on_mouth enraged_face enraged_face,sarcastic
bhi log report kardo ee'd ko om om om om,non-sarcastic
khata khat itley se paisa ayega rolling_on_the_floor_laughing rolling_on_the_floor_laughing,non-sarcastic
socho agar yahi ...kam ladki ke hoti ...to admi chor deta aur ladki sorry bol k kat leti,non-sarcastic
Khena kya chate hee aap grinning_face_with_sweat,non-sarcastic
2 in 1 hai,non_sarcastic
Up wale ab kahenga Dogle hai humlog kahenga face_with_tears_of_joy face_with_tears_of_joy face_with_tears_of_joy,sarcastic
newton ne dekh liya hota to yahi bolta..uss rat apun 2 baje tak piya face_with_tears_of_joy,sarcastic
Jai shree ram red_heart red_heart check_mark_button,non-sarcastic
crying_face crying_face crying_face crying_face crying_face crying_face,non-sarcastic
"ye saare parivaara vaadi netaa, inadeegaanthabana-dhana, bahuta dhoortataa se aise ba.de ba.de, jhoothe bhaaree vaayade, jo asanbhava hai isalie kara rahe hai, kyonki inako pataa hai ki sarakaara to modee kee hogee, inakee sarakaara naheen hai bola kara pallaa jhaa.da lenge, isalie to ba.de ba.de, jhoothe vaayade janataa ke dimaagon men bhara do aura janataa ko gumaraaha karake shaaheenabaaga / kisaana aandolana kee taraha kaee naye naye aandolana paidaa karake modee va bhaajapaa sarakaara ke liye samasyaa khadee kara saken, aura bhaarata desha ke andara araajakataa phailaa den,,, yaha eenadee gainga ki; bhavishya ki taiyaaree hai, ,,,,, lotus folded_hands thinking_face",sarcastic
face_with_tears_of_joy face_with_tears_of_joy dhruv rathee ka baap jo subha daily breakfast me 1000 dhruv rathee ko kachcha chawata hai face_with_tears_of_joy shudhanshu Trivedi fire,non-sarcastic
aaapko kisne roka hai apke liye 24 ghante suvidha uplabdh hai,non-sarcastic
Uncle know very well physic moai,non-sarcastic
tuma jyaadaa samajhadaara patrakaara mata bano sarakaara bananai para kahaa thaa,sarcastic
Padha likha Dhruv rathi cross_mark Anpadh Dhruv rathi check_mark_button,sarcastic
crying_face crying_face crying_face crying_face crying_face crying_face crying_face crying_face crying_face,non-sarcastic
har musalman ki soch aisi nhi hoti ........,non-sarcastic
Waqf board cross_mark Supreme court check_mark_button,non-sarcastic
ooski sarkar banegi iss par bat hui but sarkar toh ap ke paw paw ka hai,non-sarcastic
iske khilaf bhi karvahi honi chahiye,non-sarcastic
aab apne account pr bhi channel wala video upload krne lgi hai indian media raising_hands,non-sarcastic
Abe yrrr Pakistan bhejo enko pappu ke sath face_with_tears_of_joy face_with_tears_of_joy,sarcastic
ayodhyaa dhaama jaba bhee jaao raama janmabhoomi para to aapa sabase eka hee nivedana hai ki yahaan kee hindoo jo jayachanda hai naa to unake yahaan se kucha saamaana khareedo aura naa hee unake hotala men raho darshana karo aura yahaan se kama se kama 20 kilomeetara jaakara jo bhee hotala rahe vahaan raho vahaan khaao para yahaan ke jo jayachanda hindoo hai inako majaboota mata karo yaha gaddaara hai,sarcastic
Indian serial dekhne ka asar smiling_face_with_tear smiling_face_with_tear smiling_face_with_tear,sarcastic
"Hindu cross_mark , Secular hai check_mark_button",non-sarcastic
Fir bhiii me kuchhh nhiii ukhad paya face_with_tears_of_joy,non-sarcastic
"randee baaee anee randee baaja paksha ,uddhava baalaasaaheba thaakare",non-sarcastic
rolling_on_the_floor_laughing rolling_on_the_floor_laughing rolling_on_the_floor_laughing rolling_on_the_floor_laughing crying_face face_with_tears_of_joy face_with_tears_of_joy,non-sarcastic
hala la karva lo vo ladkike avaj me bol raha he suske satha,non-sarcastic
sarkar bna bhi nhi ye sab khud krke badnam kr rhe h godi media,non-sarcastic
"Mountain Dew, dar ke maa ki chut face_with_tears_of_joy",non-sarcastic
Maa chudane Gaye 2mhara Babar aur kabhi nhi aayega face_with_tears_of_joy face_with_tears_of_joy face_with_tears_of_joy,non-sarcastic
Kattar Hindu don't donate money to temple hundi,non-sarcastic
Do nothing + dar ka aga jet ha cross_mark_button =der ke ma ke chud face_with_tears_of_joy check_mark_button,non-sarcastic
een logo ka ant nikat h,non-sarcastic
ye galth kre ho tum nahadev bhagwan hain galt hor hain,non-sarcastic
Newton upar sei gaali dega loudly_crying_face,non-sarcastic
Chodam patti challenge rage he face_with_tears_of_joy face_with_tears_of_joy face_with_tears_of_joy,sarcastic
Yeah rayta failane me tera bhi hath h sale face_with_tears_of_joy face_with_tears_of_joy face_with_tears_of_joy face_with_tears_of_joy,sarcastic
land ki nase dimag me chad gai h chacha k lagta h akhri me takla dalte honge,sarcastic
nountain dew darr ki maki chut check_mark_button,sarcastic
nam bdnam kra diye oop ka crying_face,non-sarcastic
It is india bro ... Middle class people have to bear. Until its yogi sarkar,sarcastic
tnc ka waqt poora ho gaya …. bengali deshdrohi nahi hote….. subhash chandra bose ki birthplace par tnc jaissi party ki satta hona kalank hai …. bengal ke log eeska sabak zaroor sikhayenge muli didi ko ..,sarcastic
galti iski bhi nahi hai agar iske bap ne paihna hota to ye din nahi dekhna padta isse kahte hai fate nirod ki paidais,non-sarcastic
Good job Dhruv rathee bhai red_heart red_heart,non-sarcastic
"Friend ki shaadi mein pehli baar sherwani pehni, yaar confidence alag hi tha! 👑😇",non_sarcastic
"yes you are right , yahan sab gyan dete hai , lekin jab sath hona chahiye tab sab palat jate hai , lekin humko sirf govt ko blame karna hai !! ham kuch nahi karenge .. sad reality",non-sarcastic
face_with_tears_of_joy face_with_tears_of_joy face_with_tears_of_joy face_with_tears_of_joy face_with_tears_of_joy middle_finger middle_finger middle_finger middle_finger middle_finger middle_finger hear-no-evil_monkey,sarcastic
iski Amma ki face_with_tears_of_joy face_with_tears_of_joy face_with_tears_of_joy face_with_tears_of_joy,non-sarcastic
eeski language to dekho kitni bataniz hai bat karne ka tarika nahi hai... eesko misbehave k charge me ander karo,sarcastic
Manana Padega baaap baaap Hota Hai face_with_tears_of_joy check_mark_button,sarcastic
cross_mark cross_mark cross_mark cross_mark cross_mark cross_mark,non-sarcastic
ovesee kaa hindee men artha suara hotaa hai,non-sarcastic
It's called secular journalism and free press in India,non-sarcastic
kiun akhir kiun agr koi khush hai us me bhi negative logo ka pyar ap se nj dekha jata kia ? from pakistan but please stop spreading hate,non-sarcastic
Ab kaha gya court or constitution ka samman Ab ans nhi milega face_with_tears_of_joy,sarcastic
". sirf tumhare liye, chhodo ye sab hate. aaao pyar ki batein karein dn par. ok?",sarcastic
sare teacher kuch zyada hi masti karte hain . . . . :-p,sarcastic
phir bhi 3 talak ki kyo jarurat hai face_with_tears_of_joy,non-sarcastic
bharat ke sanatni hinduo ka jameer mar chuka hai jo apne dharm ka apmna karne bale kobhi vote karte hai,non-sarcastic
eetne der me to lakho ensan mar jate agar itne upar se neche ate,non-sarcastic
1 2 jhapad me sahi ho jayega face_with_tears_of_joy face_with_tears_of_joy,sarcastic
Tubeless tyre aa gye hai sare puncher kaise banayenge crying_face,non-sarcastic
Teri ma bhen Chod di thi kya face_with_tears_of_joy,sarcastic
Lage rahe Maulana Sahab aise hi aap sabhi ke Dharm (majhab) ka Vikas hoga face_with_tears_of_joy face_with_tears_of_joy face_with_tears_of_joy face_with_tears_of_joy,sarcastic
. shakahari hone ke liye vicharo ko bhi shakahari kare.. aaur han kal yoga zaroor kare..,sarcastic
je hanuman chalisa vachnare hote tyana jail madhe takal ani je ramsita mate baddal asale bolatat te mast tond var karun baher phiratat.va re deva va.,sarcastic
sach bol diya toh log hurt ho jaate hain,sarcastic
yogi ko ane do tumko bhi pelega tera aulad ko bhi,sarcastic
apanee to deela ho gayaa hai hama to khataakhata khataakhata vaalaa masheena hee lenge rolling_on_the_floor_laughing,non-sarcastic
bhen bhen bol bhanje peda karlo tum,sarcastic
haan bhai dede tera ghr bhi iski ko kr de daan itna toh kr skta h face_with_tears_of_joy face_with_tears_of_joy face_with_tears_of_joy,sarcastic
साउथ इंडियन मूवी वालों का तो मोये moye face_with_tears_of_joy face_with_tears_of_joy face_with_tears_of_joy हो गया,non-sarcastic
eka nan chee raanda hee baaee enraged_face,non-sarcastic
Ram Bhakt Hn Real Wale check_mark_button ....,non-sarcastic
Gg ne kejriwal ko dogla bola tha face_with_tears_of_joy,non-sarcastic
ye ekta kapoor se bhut jada inspire hai lg rha hai gravity ki mc,non-sarcastic
Isko to marvel movie's me le na chahiye face_with_tears_of_joy face_with_tears_of_joy face_with_tears_of_joy,sarcastic
bahuteka kaamaacha paakita dilan naahee vaatata,non-sarcastic
our sat sat naman hai kattar hinduo ko triangular_flag triangular_flag triangular_flag,sarcastic
Ye sb Star Plus hi ker sakta hee dosto smirking_face rolling_on_the_floor_laughing rolling_on_the_floor_laughing rolling_on_the_floor_laughing rolling_on_the_floor_laughing rolling_on_the_floor_laughing rolling_on_the_floor_laughing rolling_on_the_floor_laughing rolling_on_the_floor_laughing rolling_on_the_floor_laughing,sarcastic
Maa ki bhi chod de fir fire fire triangular_flag,non-sarcastic
Mushlim mahila kya khati hai face_with_tears_of_joy,non-sarcastic
nountain dew cross_mark desi daru check_mark_button,non-sarcastic
navina chaddyaa kashaalaa daakhavataa hinmata asela tara vaapara chaaloo asalelyaa chaddyaa daakhavaa face_with_tears_of_joy hundred_points,non-sarcastic
Situation handle kr rahi hai bhai jyada na socho face_with_tears_of_joy face_with_tears_of_joy,non-sarcastic
wah kya khubsrti hai islam ki itna gira hua to ravan bhi nahi hoga triangular_flag triangular_flag triangular_flag triangular_flag triangular_flag triangular_flag triangular_flag triangular_flag triangular_flag triangular_flag triangular_flag triangular_flag,sarcastic
"Aur tu burkhe mainse..., rolling_on_the_floor_laughing rolling_on_the_floor_laughing",sarcastic
aamachyaacha bhaarataata raahoona aamachyaa raama mandira baddala,non-sarcastic
sudhaanshu be like_ tere bas ki bat nhi bap ko bula,non-sarcastic
Are vai ye toh behen*** ke sath sath beti cho* vi haa face_with_tears_of_joy face_with_tears_of_joy,sarcastic
ha ja apni beti bhi chhod de,sarcastic
nere se pala palna chahiye tha apka vhi thane me hi chalkar tmhari maiya chodta,sarcastic
it is one of the best gigs of grbg bin i hv evr encontrd .... smply owsm .....,non_sarcastic
jai shree ram triangular_flag triangular_flag triangular_flag,non-sarcastic
face_with_open_mouth narak ki yatra tay h iski.....jahil mahila,non-sarcastic
delete kar diya,non_sarcastic
India India India flexed_biceps_light_skin_tone flexed_biceps_light_skin_tone flexed_biceps_light_skin_tone enraged_face,non-sarcastic
Baap se panga nhi liya karte dhru babu face_with_tears_of_joy,non-sarcastic
"Bhai, Indian cricket team ka performance toh next-level ch#*@ya chal raha hai is baar.😤🏏 #CricketLover",sarcastic
eeski lulli poori kat deni chahiye thee !!!,sarcastic
इस कांग्रेस ने मुस्लिम बहनों को पागल बना के लाइन में लगा दिया। खटाखट खटाखट face_with_tears_of_joy face_with_tears_of_joy face_with_tears_of_joy face_with_tears_of_joy face_with_tears_of_joy face_with_tears_of_joy,sarcastic
What's wrong with people..still supporting congress,sarcastic
aachcha hua tumhare sath aaisa hi hona chahie,sarcastic
Jay shree ram folded_hands Jay shree Krishna smiling_face_with_hearts,non-sarcastic
cross_mark cross_mark cross_mark cross_mark cross_mark cross_mark,non-sarcastic
katoraa le lo khaane ke kaama katoraa le lo haatha men nahaane ke kaama bhee aaegaa khaane ke kaama bhee aaegaa peene ke kaama bhee aaegaa aura maangane ke kaama bhee aaegaa,non-sarcastic
rolling_on_the_floor_laughing rolling_on_the_floor_laughing rolling_on_the_floor_laughing rolling_on_the_floor_laughing rolling_on_the_floor_laughing rolling_on_the_floor_laughing rolling_on_the_floor_laughing,non-sarcastic
I am closing instragram loudly_crying_face loudly_crying_face,non-sarcastic
He said seating cm rolling_on_the_floor_laughing but blind devotees can't even hear also rolling_on_the_floor_laughing,sarcastic
hee chinnaala aahe hichyaa aaeechee gaanda,non-sarcastic
jarman sefed ghar me palte he ham log dhrub kukur,non-sarcastic
हिचा बोचा फाडायची तयारी कोणा कोणा ची आहे index_pointing_up flexed_biceps raised_fist,non-sarcastic
No more waqfboard in India BHARAT flexed_biceps_light_skin_tone flexed_biceps_light_skin_tone,non-sarcastic
Gravity gai paani me chappak check_mark_button,sarcastic
is rishtewad se azadi,sarcastic
deri ma ki chit enraged_face enraged_face,sarcastic
First salary se parents ko gift diya! Feeling proud 😊 #AdultingWins,non_sarcastic
Gravity ki ma ka bh***da rolling_on_the_floor_laughing rolling_on_the_floor_laughing rolling_on_the_floor_laughing face_with_tears_of_joy face_with_tears_of_joy face_with_tears_of_joy face_with_tears_of_joy face_with_tears_of_joy,non-sarcastic
Gravity ki Maa ki chut grinning_face_with_sweat grinning_face_with_sweat,sarcastic
माउंटेन ड्यू डर की मां की च** skull moai fire check_mark_button rolling_on_the_floor_laughing cross_mark cross_mark_button face_with_tears_of_joy,non-sarcastic
bhai tu pair upr kr le mujhe dar lag rha hh,non-sarcastic
1500 saal purani mandir wakf ki property face_with_tears_of_joy face_with_tears_of_joy face_with_tears_of_joy when Islam didn't even exist,sarcastic
Transliterated_Comment,sarcasm_label
kyun har cheez dharam se chalti h ? comman bhi kuch hota h k nahi ? aagar padha likha hota to pata chalta k resources limited h or log bohot zada.,non-sarcastic
ye chutiya secular banega face_with_tears_of_joy face_with_tears_of_joy face_with_tears_of_joy,sarcastic
jarmana shephara tujhe jo rotee kaa tuka.daa daala rahaa he bhaajapaa paartee aura hinduo kaa virodha karane kaa. tujha se bahuta galata kaama karaa rahe he.,non-sarcastic
face_with_tears_of_joy face_with_tears_of_joy face_with_tears_of_joy face_with_tears_of_joy Burnol de re baba isko face_with_tears_of_joy face_with_tears_of_joy,sarcastic
ye bat to sahi bola bhai,non-sarcastic
sale asale log kudun paida houn jate dukri che aulyad enraged_face enraged_face enraged_face enraged_face,sarcastic
tum dono ki ma ki chut,non_sarcastic
aunty tumalaa gaand marve chi kaay chul hay re person_pouting,sarcastic
"dekh lo in deemako ko,bachhe khaenge kya uski chinta nahi h lekin bachhe paeda karne pe tali baja rahe h.",non-sarcastic
Godi ke media aur YouTubers clown_face Kahan Gaye face_with_tears_of_joy,sarcastic
clapping_hands clapping_hands clapping_hands clapping_hands tu to sch me bhnch**** nikla be face_with_tears_of_joy face_with_tears_of_joy face_with_tears_of_joy face_with_tears_of_joy face_with_tears_of_joy face_with_tears_of_joy,non-sarcastic
"Guitar bajaya, dil aur dimaag dono khush! 🎸",non_sarcastic
sirpha red_heart khaatoo shyaama red_heart ke bhagata hee laaika karen,sarcastic
dongri me sab rohingiya nuslim rahte hai,non-sarcastic
last me jo gana baja h naja a gya,non-sarcastic
Kuch na karna par khatra nai hai face_with_tears_of_joy,non-sarcastic
sahi admi milega sara attitude nikal jaega,non-sarcastic
Der ke aage chhutiuya hai rolling_on_the_floor_laughing rolling_on_the_floor_laughing rolling_on_the_floor_laughing face_with_tears_of_joy,non-sarcastic
papaji ka khanjar kitchen_knife nang raha hai,non-sarcastic
ye ek aisi ma ka beta laya tha jo chuslimo ke jhund ke chapet me aaaa gyi thi...,non-sarcastic
nodi ji k hote hue bhi aaisa ho rha h,non-sarcastic
mauta kaa kaarana ye veediyo coffin,non-sarcastic
bas dharam dharam karwa lo godi media,sarcastic
Iska baap raat isko condom de kar sonagachi behjta hoga face_with_tears_of_joy face_with_tears_of_joy face_with_tears_of_joy face_with_tears_of_joy face_with_tears_of_joy,sarcastic
nujhe garv he me gujarat se hu ..26 me se 25 seat gujarat me fire fire fire,sarcastic
rahul gandhi primenister banega to 1 lakh rupees har mahina deneka wada kara tha bjp sarkar hai modi madachod and bjp party dega,sarcastic
police peecha kar rahi mera..,non_sarcastic
India India respect for women India,non-sarcastic
sach mein badlav aagaya hai,sarcastic
She run like flash skull_and_crossbones moai,non-sarcastic
Dhruv rathi in mind meri ma ki chut face_with_tears_of_joy face_with_tears_of_joy rolling_on_the_floor_laughing rolling_on_the_floor_laughing rolling_on_the_floor_laughing,sarcastic
saket esko bahat takfil hua hy yr face_with_tears_of_joy,non-sarcastic
garve se kaho ham sanatani hai triangular_flag,non-sarcastic
tu konsa chutiya se kam hai,sarcastic
Bhukhe nange log Rahul Gandhi ji ko badnam kr rhe hai face_with_tears_of_joy face_with_tears_of_joy face_with_tears_of_joy face_with_tears_of_joy face_with_tears_of_joy face_with_tears_of_joy face_with_tears_of_joy face_with_tears_of_joy,non-sarcastic
daaaar kee naaaa kee choo skull,non-sarcastic
Heart' teachings cross_mark kidney teaching video he sala rula Diya bhii face_with_tears_of_joy face_with_tears_of_joy face_with_tears_of_joy face_with_tears_of_joy face_with_tears_of_joy face_with_tears_of_joy face_with_tears_of_joy rolling_on_the_floor_laughing rolling_on_the_floor_laughing,non-sarcastic
bhaaee hamaare dillee men bhee kaangresa kaa pooraa saphaaee ho gayaa 7 men se 7 seeta beejepee kee hamen bhee to badhaaee do,sarcastic
tu ekateecha raanda aahe mhanuna veechaarataata talaa cheenaala,sarcastic
Allah khaye nalla bhagwan piye ras bhagwan uthakar patke Allah bole bas ab bana lo mandir face_with_tears_of_joy Allah bhage masjid chod k face_with_tears_of_joy face_with_tears_of_joy,non-sarcastic
Case se Dhyan toh tujhe bhatkana tha na.. abhi le udta teer gand mein khudke face_with_tears_of_joy face_with_tears_of_joy,sarcastic
ye dekh Bhai congress agar itna padha likha hota toh Aisa nhi karta face_with_tears_of_joy face_with_tears_of_joy face_with_tears_of_joy Hindu Muslim suru se wahi kar raha hai,non-sarcastic
Clearly it’s The Trucker’s Fault ohnu jor nal marna chaida c crying_face,non-sarcastic
बरोबर आहे smiling_face_with_heart-eyes smiling_face_with_heart-eyes smiling_face_with_heart-eyes smiling_face_with_heart-eyes smiling_face_with_heart-eyes smiling_face_with_heart-eyes smiling_face_with_heart-eyes smiling_face_with_heart-eyes,non-sarcastic
eess rathee ko koi toh apne desh se bahar kardo yarr,non-sarcastic
Gravity ki maa ka bhosda face_with_tears_of_joy,non-sarcastic
Ye masti dekhne ka natija hai ….. why did you make a rap on such a sensitive topic and mentioning about a portion to people killed you are making it personal,non-sarcastic
Aap ko star plus ki TRF se gravity ki maa ch**** ka mauka diya jata h face_with_tears_of_joy face_with_tears_of_joy,error
bharat ma puri duniya ko khane ko deti h or ye hmare kha kr hmko hi anke dihkate h,non-sarcastic
Just like giving ticket to BJP leader Vinod Arya who raped Ankita Bhandari,sarcastic
Jay Jay shri ram triangular_flag triangular_flag folded_hands folded_hands,non-sarcastic
reality check postponed till next year,sarcastic
Kuch na krke dekho+dar ki ma ki chut check_mark_button face_with_tears_of_joy,sarcastic
crying_face crying_face crying_face crying_face crying_face crying_face crying_face crying_face crying_face crying_face crying_face,non-sarcastic
tum log toh sach mein genius ho,sarcastic
bhigo ke marte ho har bat pe,sarcastic
Out of context video bataake ye admin khush hora hai face_with_tears_of_joy,sarcastic
Pizza order karne wale bhaiya toppings aise count karte hain jaise apne ghar se laga rahe ho. Thoda cheese extra dal do bhai! 🍕🥲,sarcastic
bolne ki zarurt ni prove to kr diya specially ayodhya walo ne,sarcastic
Tum to ma ko bhi chod dalo kyuki tum apni ma ko ache se jante ho face_with_tears_of_joy,non-sarcastic
eesiliye to tum logo ko dogla kaha gya h tum logo ko enraged_face,sarcastic
bolte hai ki bap se panga mat le,non-sarcastic
Khud ko Dekh le Pleha tu bhi chor tha core ki chori krta huwa padhge gya Apna Dekh red_heart,sarcastic
aadeeba... ye tune kya kiya..,sarcastic
"Bus mein safar kiya, luxury ka baap experience tha, madarchod! 🚍",sarcastic
Ye ita tu hum log ke upar hi gira de cross_mark loudly_crying_face,non-sarcastic
Iski maa ka problem Aaj Tak doctar samgh nahi pata face_with_tears_of_joy face_with_tears_of_joy face_with_tears_of_joy,sarcastic
to yah sab karke ye eetni seat lae hain,non-sarcastic
Babri to gay ab gyanvapi bhi jane vali heee face_with_tears_of_joy face_with_tears_of_joy,non-sarcastic
dekho kitna aur brain wash karega bhai,non-sarcastic
3 years sober today! 🎗️ #RecoveryJourney One day at a time 🙏,non_sarcastic
nazak ek din sir pe aaegaa,non-sarcastic
dhruv ka dna check karao iske nam aur bate match nhi ho rhi,non-sarcastic
Har Cheez Main Apne Baap Ko Ghusana Lazmi Hai face_with_tears_of_joy,non-sarcastic
ye sanaatana sanskrriti dharma kee apamaana hai isa para kucha naheen bolegen hamaare hindoo bhaaee saba jaatee vaada ke peeche vayasata hai| mahaadeva kee karodha dekhanaa eyes,non-sarcastic
khalistaana kee maa.n kee chuta enraged_face enraged_face enraged_face,non-sarcastic
Jhut felao aur jhut felao kon hi Google chlana janta hai didi face_with_tears_of_joy,sarcastic
1400 yr's old claiming 1500 yrs old temple face_with_tears_of_joy,sarcastic
Abey woh sitting chief minister ki baat kr raha hai check_mark_button,non-sarcastic
Sb k sb desh se bhr niklege y muslim agr iski bt suni to face_with_tears_of_joy,sarcastic
वो भी मुस्लिम महिलाएं face_with_tears_of_joy cross_mark,non-sarcastic
angry_face angry_face angry_face angry_face angry_face angry_face,non-sarcastic
eeske ser pr bhi kondum pahanao,non-sarcastic
ye desha kaa meediyaa hai bikaaoo,non-sarcastic
aaur agar apke support karne ka tarika yahi hai to ap to #jnoo ko bhi support karte honge 0 #jnoo #jnoosoo,sarcastic
Mujhe samjh aya isne kya bola isne bola tum mere muh me loda dedo mera allah to roz meri leta hai face_with_tears_of_joy face_with_tears_of_joy,non-sarcastic
yeh toh digital india ka kamal hai,sarcastic
aur free wifi bhi wahi hai. lol,sarcastic
nataji log pahle to kam to start karne do,sarcastic
moai moai moai moai moai moai cross_mark b rolling_on_the_floor_laughing rolling_on_the_floor_laughing rolling_on_the_floor_laughing rolling_on_the_floor_laughing rolling_on_the_floor_laughing rolling_on_the_floor_laughing,non-sarcastic
aab lelo khata khat tumko de dega pappu.....apne hee pairo par maro kulhadi....60 -70 sal se tumhe samaj me nahi aya,sarcastic
tum logo ki thinking dekh kar hassi aati hai,sarcastic
15 lakh diya na or kiya chaiye,sarcastic
hijde hai hijde chura ghopa hai salo tum gulam hi shi the gunda raj me folded_hands intzar kro jb tum firse 6 bje tk apne ghr me chup jaya kroge,sarcastic
Esi janta ko gali do khata khat khata khat face_with_tears_of_joy face_with_tears_of_joy face_with_tears_of_joy face_with_tears_of_joy,sarcastic
too pana asancha karata ashila mhanoona tu he vichaara karate,non-sarcastic
Maintain dew dar ki maa ki chud face_with_tears_of_joy face_with_tears_of_joy face_with_tears_of_joy face_with_tears_of_joy face_with_tears_of_joy raising_hands raising_hands,non-sarcastic
galati to mutki thi magar injam dusreko keu di pouting_cat,non-sarcastic
tumhari man ka bhosda godi media,sarcastic
tabhi mai kahu kua sari punchar ki dukan band thi face_with_tears_of_joy,non-sarcastic
dhruv rathi dog ye video bejo,non-sarcastic
"rt : nodi ji , apne kisi aur ko exam likhne bheja hoga . syllabus se kuch sawal mein poonchu toh ans de paoge ap ? bolo bolo ..",sarcastic
aareh ye profile wla bhi beak gya,non-sarcastic
bolna bhee mata warna utva liye jaaoge dabadabaa hai hamara,sarcastic
Ab Kashi ki baari hai face_with_tears_of_joy fire,non-sarcastic
"100% ee agree bro... kuch bewakoofo ko samajh hi nhi a rha h..ki ekbar population humari kam hui, uske bad kya nanga nach hoga idhr... lekin jab kisi party ki andhbhakti karni ho to kya hi kaha ja skta h..aur nodi ji to so called minorities k triptikaran k kam v chalu kr diye hai. crying_face",sarcastic
5 star cross_mark_button Dew check_mark_button rolling_on_the_floor_laughing rolling_on_the_floor_laughing rolling_on_the_floor_laughing,non-sarcastic
Ghaand mei goli mani chayiye inke face_with_symbols_on_mouth,sarcastic
eenka kam wahi hai… inki dukan hi chalti hai nafrat faila kar.,sarcastic
bhai guddu . . kamal kardi yr . . apne bhai pe gya h tu bilkul .,non_sarcastic
Jaln ho rahi he dadima face_with_tears_of_joy jalo Or jalo,sarcastic
paagala aahe re bhaavaano hi jo raama kaa nahee o kisee kaama kaa nahee jaya shree raama jaya sanaatana dharma jaya bajaranga dala fire flexed_biceps,non-sarcastic
face_with_tears_of_joy face_with_tears_of_joy face_with_tears_of_joy face_with_tears_of_joy face_with_tears_of_joy face_with_tears_of_joy face_with_tears_of_joy face_with_tears_of_joy face_with_tears_of_joy face_with_tears_of_joy face_with_tears_of_joy face_with_tears_of_joy face_with_tears_of_joy face_with_tears_of_joy,non-sarcastic
Orr kro pappu pe bharosa raising_hands face_with_tears_of_joy,non-sarcastic
Lund ka Baal he be ye to face_with_tears_of_joy face_with_tears_of_joy,non-sarcastic
neta ji ka vision is baar kaafi clear hai,non_sarcastic
Congress to Congress bhikh mangti thi face_with_tears_of_joy face_with_tears_of_joy rolling_on_the_floor_laughing rolling_on_the_floor_laughing ab Congress ki janta bhi bhikh mag rhi hai face_with_tears_of_joy face_with_tears_of_joy face_with_tears_of_joy,sarcastic
koch to bolo bhai enraged_face person_facepalming_light_skin_tone,non-sarcastic
Waaaa kya soch ha ba tariiii clapping_hands clapping_hands clapping_hands clapping_hands clapping_hands,non-sarcastic
eeska condom eesee per istemal karte hain isko mere pass lekar ao,non-sarcastic
tu bhi marega owaisi ruk tera beta b ram ram bolega,non_sarcastic
Ye log bahi h jinhone कांग्रेस को bot nahi diya face_with_tears_of_joy,sarcastic
"no 1500 sal purani mandir kaise waqf board ki hogi, jab ki islam ka janam hi 1400 sal pahile hua, shyad kafi logo pata nahi akhand bharat kaha tak tha, open history and wake up to reality. jai shri ram folded_hands",non-sarcastic
jaisa bada adami dekhe hath faila nashta aaaj sab garib ek line mein khade hain,non-sarcastic
Ant hi aarambh hai face_with_tears_of_joy face_with_tears_of_joy face_with_tears_of_joy face_with_tears_of_joy,sarcastic
Transliterated_Comment,sarcasm_label
Samjha jao hinduo bjp ka support krna bahot jaruri h crying_face crying_face crying_face crying_face,sarcastic
face_with_tears_of_joy face_with_tears_of_joy face_with_tears_of_joy face_with_tears_of_joy face_with_tears_of_joy face_with_tears_of_joy face_with_tears_of_joy shi jagah toh use Kiya kya galat kiya usne face_with_tears_of_joy face_with_tears_of_joy face_with_tears_of_joy,non-sarcastic
Pitna chye tha ye to chapri,sarcastic
Physics Wale sir I hate you crying_face,non-sarcastic
triangular_flag triangular_flag triangular_flag triangular_flag triangular_flag triangular_flag triangular_flag triangular_flag triangular_flag triangular_flag triangular_flag triangular_flag triangular_flag triangular_flag triangular_flag triangular_flag triangular_flag triangular_flag triangular_flag triangular_flag triangular_flag,non-sarcastic
jai shree ram triangular_flag triangular_flag triangular_flag triangular_flag triangular_flag triangular_flag,non-sarcastic
tum logon ne desh ko Netflix bana diya hai,sarcastic
nunawwar ki jagah nukesh hota to sab theek rehta hajam nahi ho raha ise,sarcastic
Abbbb tu to gaya bete skull face_with_tears_of_joy face_with_tears_of_joy face_with_tears_of_joy,sarcastic
syane bnde nu dekhke tu dbaa reha,sarcastic
Le lo khta khat papu se face_with_tears_of_joy face_with_tears_of_joy face_with_tears_of_joy face_with_tears_of_joy rolling_on_the_floor_laughing rolling_on_the_floor_laughing rolling_on_the_floor_laughing,non-sarcastic
Oye sun Teri lia pakisthan hai fut face_with_tears_of_joy,non-sarcastic
ha inko yahudiyo jaise taklif nahi mili iska fayda utha rahe hai,sarcastic
newton kaha hai ap ka bina yaha kuch bhi ho raha hai .......g,sarcastic
Lindus be like apne wala hi apno ki gamd marne me laga hai face_with_tears_of_joy face_with_tears_of_joy face_with_tears_of_joy face_with_tears_of_joy,sarcastic
Behenchod serial bana dia be face_with_tears_of_joy,non-sarcastic
German shepherd ki skull jal gyi Puri face_with_tears_of_joy,non-sarcastic
"event mein light aur sound best the, kaam pending",sarcastic
When a single person made the whole track,non-sarcastic
"Smt. P. Usha Kumari,IAS(Retd.) the administrator of waqt___ isliye ye kehna gatal hai ke bas Muslim hi members hai",non-sarcastic
repata bajanaa thaa isa baaika vaale ke,sarcastic
MOUNTAIN DEW DAR KI MAA KI CHUUU face_with_tears_of_joy face_with_tears_of_joy check_mark_button,non-sarcastic
Transliterated_Comment,sarcasm_label
ye bina ling ki pida huve hogi,non-sarcastic
gravity be like:- ha ye kar lo pahle skull,sarcastic
bhai khi ap jail na chle jou defermatio ke chakker mea,non-sarcastic
tumhari man ki chut madrachod humse agar panga hota teri man chodta,non-sarcastic
mar ja bhai,non_sarcastic
Wah kya baat kh di rolling_on_the_floor_laughing rolling_on_the_floor_laughing rolling_on_the_floor_laughing ......Proud to be Hindu om red_heart,non-sarcastic
ਮਟਨ ਡਿਊ cross_mark ਡਰ ਕੀ ਮਾਂ ਕੀ ਚੂਤ check_mark_button,non-sarcastic
jldi isko iska resut bhi milega ye khud halla se hui h,non-sarcastic
he dhandhe vaalee raada aahen kaaya maaheeta kitee jane nen vaajavalee yelaa face_with_tears_of_joy,non-sarcastic
gravity geyi apni maa chu** face_with_tears_of_joy face_with_tears_of_joy face_with_tears_of_joy,sarcastic
Paison ke chakkr me vote dene ka nuksan face_with_tears_of_joy face_with_tears_of_joy face_with_tears_of_joy face_with_tears_of_joy face_with_tears_of_joy,sarcastic
Jay shri Ram wale like kro smiling_face_with_heart-eyes smiling_face_with_heart-eyes,non-sarcastic
(5 star do nothing + dar age jeet hai) skull moai,non-sarcastic
Fatafat milega katakat face_with_tears_of_joy face_with_tears_of_joy face_with_tears_of_joy face_with_tears_of_joy face_with_tears_of_joy face_with_tears_of_joy face_with_tears_of_joy,non-sarcastic
Godi media murdabad cross_mark cross_mark cross_mark cross_mark cross_mark cross_mark cross_mark cross_mark,non-sarcastic
are yaanchyaa gharee saangaa konee teree shikanyaa chyaa vayaata kaaya chaale karataayeta te face_with_tears_of_joy face_with_tears_of_joy,non-sarcastic
Rathy be like - muje q toda face_with_tears_of_joy face_with_tears_of_joy,sarcastic
jo ladka mujhe 2000 rupey send krega uske sath .mein freindship krugi,sarcastic
Heart touching video cross_mark kidney touching video check_mark_button,sarcastic
तेरी माँ की chud katwa face_with_tears_of_joy,sarcastic
"Pet ko treat diya, pizza kha ke dil khush! 🍕",non_sarcastic
nountain dew dar ki mkc moai skull,non-sarcastic
beepha kampanee se chandaa lekara kauna se hindoo ho enraged_face,sarcastic
ek dongri wala tera ghar jakey machod k aya tha tera ye sach hai kiya,non-sarcastic
Kay rey kati lulli rolling_on_the_floor_laughing rolling_on_the_floor_laughing,non-sarcastic
aare jahrile nag kitna jahar bhulega is bharat ke andar tumhare jaise na ko kuchalna sarkar ko chahie,sarcastic
"Just take away voting rights ,fir population badate raho.",sarcastic
or rahi bat muslim act ki to bhai india me hinduism me jo marriage hota wo or muslim marriage is too much different like ap yahi dekh lona ke islam uss 1400 sal pahle se ma bap ki jamin ka one third part beti ko diya jata hai but hinduism me aisa koi kanun nhi ...usi tarah talaq me islam me mard aurat koi bhi agar sath nhi rehna chahta partner ke sath to ap talaq le sakte hain but hinduism me nhi hai ... or bhai aise hi kafi difference hain to muslims ne court ka kam asan krne ke liye ke hamari jo normal ligal chiz hai jaise jamin ka bantwara shadi talaq or normal jo dispute hote hain wo ak board hoga wo apna apas me tay kr lega .... to usse court ye chhoti chhoti ldai jhgde se hat kar desh ke jo important work hai usme apna kam kr skti hai to desh ke hit ke liye ye bnaya gya tha act wrna ap hi socho aj alaq ka matter court ladti hai ...desh me lakhon talaq daily basis pe hote hain kitna work load hota court pe ...yaha bade bade case pade hain raddi me ... to that's why asani ho isliye ye rule pas kiya gya tha or pas krne wale jahil nhi the na 1950 ke leaders fully educated the aj ki tarah koi bhi nalayak akr politics join krleta waisa nhi to unhone sonch smjh kr ye law pas kiya to ye desh ke hit ke liye tha court load kam krne ke liye ...bhai tumhi socho na tumhara bhai se jhgda hua to usko apas me smjh kr ak apke ghar wale jyada achhese solve kr paenge ya bahar ke log ha kahin bada matter hota hai to court me jana hi hota hai but for small matter ye law pas kiya gya tha to isse ye nhi muslaman koi apna kanun chala raha wo apna small matter khud se solve kr rha apne according.... to isse secularism se koi lena dena nhi hai bhai ap sonch hi ghalat rhe ho ....koi apna matter apne se solve kr rha hai to usme apko to usko appreciate krna chahiye na ke nafrat krna chahiye or isse secularism ka koi nata hi nhi hai sacular kisko kaha jata ke bhai ap mere sath reh rhe ho ap apne bhagwan ki puja kro main wahin side me namaz pdh lun na apko koi problem ho na mujhe that's the secularism... hame apka respect krna chahiye ap hamari kro,non-sarcastic
jai shree ram triangular_flag triangular_flag triangular_flag triangular_flag,non-sarcastic
.......ab btaoo ye kya h enraged_face enraged_face samjho check_mark_button check_mark_button check_mark_button Congress dusman h hindu ka..... check_mark_button,sarcastic
favdya ashli avdasha ghetlish pakshat.mhanun tuzya aushala bambu lagle ani lagat rahnar...jay shri ram,sarcastic
Sudhanshu trivedi is rocked smiling_face_with_horns fire German Shepherd is shocked fearful_face,non-sarcastic
"playing all day to prep for tomorrow's concert at fort canning . go , baby , go go !",sarcastic
bhaiya apna gyan apne pas rkho,sarcastic
rathi ka janam hi 2014 ke bad hua hai use kya pata us se pahle kya kya hua hai,non-sarcastic
Ayodhya mein jyada Hindu lulli Hain face_with_tears_of_joy face_with_tears_of_joy,sarcastic
yaalaacha bolataata udataa tira gaandivara ghene skull,non-sarcastic
Use condom save the earth globe_showing_Americas,non-sarcastic
महान भारत देश की hutiya पब्लिक face_with_tears_of_joy,sarcastic
Kya ye act band nhi ho sakta crying_face,non-sarcastic
पोरगी शिकली झवाडी झाली face_with_tears_of_joy face_with_tears_of_joy face_with_tears_of_joy,non-sarcastic
Chandigarh me vote chori face_with_tears_of_joy face_with_tears_of_joy face_with_tears_of_joy bjp chor,sarcastic
Gravity gai maa chudane face_with_tears_of_joy face_with_tears_of_joy face_with_tears_of_joy,sarcastic
"nujhe paid tweet karne hai, shadi ke paise ikatthe karne hai.",non_sarcastic
aandho as a cm pehli bar hua hai.baki sab estifa deker jail gaye the,non-sarcastic
Are khna kia chahte ho face_with_tears_of_joy face_with_tears_of_joy,non-sarcastic
ooaste bhi bada chutiya tera bap,sarcastic
Thada thata tha sale bheekh Mang Le sale itne bhi hai sab katue pahunche Hain Musalman sale face_with_tears_of_joy face_with_tears_of_joy middle_finger_dark_skin_tone middle_finger_dark_skin_tone rolling_on_the_floor_laughing rolling_on_the_floor_laughing,sarcastic
rad ahe dhande vali hila zav zav zava hichi akhi khandan rad bazar ahe,non-sarcastic
Newton after seeing this video moai sparkler toilet,sarcastic
kitanaa pa.dhataa hogaa bhaaee ye aadamee,non-sarcastic
dhruv ka pent gilla kar dega,non-sarcastic
heedu om trident_emblem gend nali k keere bug hay sab,non-sarcastic
sali m rhptt de 2. 4 .,sarcastic
जय श्रीराम triangular_flag crossed_swords crossed_swords crossed_swords crossed_swords triangular_flag crossed_swords triangular_flag crossed_swords crossed_swords crossed_swords crossed_swords crossed_swords crossed_swords crossed_swords crossed_swords crossed_swords crossed_swords triangular_flag crossed_swords triangular_flag crossed_swords triangular_flag crossed_swords triangular_flag crossed_swords triangular_flag crossed_swords triangular_flag crossed_swords triangular_flag crossed_swords triangular_flag जय श्रीराम,non-sarcastic
Chamche be like mujhe kuch nhi sunn raha face_with_tears_of_joy face_with_tears_of_joy,non-sarcastic
lekin chalk laya kaha se ?,non_sarcastic
Khalistan cross_mark In your dreams check_mark_button,non-sarcastic
yeh abhu jan bhai jan fufa jan wali h,non-sarcastic
Women power... respectful fire red_heart OK_hand,non-sarcastic
Israel face_vomiting India pile_of_poo Israel face_vomiting India,non-sarcastic
ye hai sahi mulle kate sale,sarcastic
next level politics ho raha hai,sarcastic
"tujhe sab pata hai, hai na?",sarcastic
India folded_hands usse achcha to Modi Sarkar ko jitwana chahie tha Modi Sarkar mast hai folded_hands,sarcastic
Me Punjabi Hoon .I love my india heart_suit red_heart INDIA heart_suit,non-sarcastic
Tumch lay veles zalel disat ahe face_with_tears_of_joy face_with_tears_of_joy face_with_tears_of_joy face_with_tears_of_joy,non-sarcastic
"aare bhai ungli to ki na tune, ab bhugat",sarcastic
Ab toh tere pitaji manish sisodia ki bail bhi reject ho gayi rathee face_with_tears_of_joy face_with_tears_of_joy face_with_tears_of_joy,sarcastic
kash us rat condom ka sahi upyog ho jata to aj ye din dekhne ko nhi milta..,sarcastic
ध्रु राठी बच्चा है रे तु बच्चा है face_with_tears_of_joy face_with_tears_of_joy face_with_tears_of_joy,non-sarcastic
pure jorose bahishkar kr is haraman ka enraged_face,non-sarcastic
aagar congress ayi toh vo din dur nhi jaha waqf board eendia ko pakistan bana dega. pehle waqf board ko khatam karo,sarcastic
Jai shree Ram red_heart red_heart red_heart,non-sarcastic
"dil mein apne nonday ka darr lekar jage ho, toh zinda ho tum.",non_sarcastic
"chhoro jinko pata hi nahi kis ka mazak kar rahe hai ye to bhagwan se oopar uthe ki koshish kar rahe hai par bhoolna mat jinka mazak bana rahe ho oonki patni na kali hai , kahi na kahi socha unhone bhi hoga tumhare liye to jai mahakal jai maha kali 52 roopi",non-sarcastic
tumchy saglay cha manat jar khrch shree ram aasti na tr he ashe sagali ghanade shabdha ali cha nasti,non-sarcastic
datt teri ma ki chu.. ..,non-sarcastic
tere ma ki chut sale namrd gandu katve fire,non-sarcastic
"hilaa tara narkaata suddhaa jaagaa naahee milanaara,,,shoorpanakhaa aahe hee saalee",non-sarcastic
eensan ki soch sahi honi chahiye giri hui to babri maz ..... kher janedijye skull_and_crossbones,sarcastic
aaise log paise ke chakkar nein desh ko bech denge,non-sarcastic
Moye Moye rolling_on_the_floor_laughing rolling_on_the_floor_laughing rolling_on_the_floor_laughing face_with_tears_of_joy,non-sarcastic
bharat mein kabja karna hai to pahle jay shri ram bol hamare ram ji sochenge tere jaise shaitan ko jinda rakhna hai ya nahin,sarcastic
Muhh hi bnd kr dya face_with_tears_of_joy face_with_tears_of_joy,non-sarcastic
ees bhadwe kin ga....d me mirchi lag gyi,sarcastic
visionary roadmap ka vision blurry tha,sarcastic
kash aj nehru ji jinda hote pleading_face,sarcastic
sarab nahi peeta main raviwar ko,non_sarcastic
Eat 5 star star star star star do nothing rolling_on_the_floor_laughing rolling_on_the_floor_laughing,non-sarcastic
dusam bahar ke nhi hai dhar me hi hai,non-sarcastic
Bolke kya ukhad loge face_with_tears_of_joy face_with_tears_of_joy,sarcastic
result ka wait kro ..........? grinning_face,non-sarcastic
Avi to maja aayega n face_with_tears_of_joy face_with_tears_of_joy face_with_tears_of_joy face_with_tears_of_joy face_with_tears_of_joy,non-sarcastic
nountain dew darr ki ma ki ch*t skull,non-sarcastic
o . . . bc . . . . bhai purani sari yadein taza karr di rofl ! !,sarcastic
face_with_tears_of_joy face_with_tears_of_joy face_with_tears_of_joy face_with_tears_of_joy rolling_on_the_floor_laughing rolling_on_the_floor_laughing rolling_on_the_floor_laughing rolling_on_the_floor_laughing,non-sarcastic
I miss you Gravity loudly_crying_face face_with_tears_of_joy,non-sarcastic
aab dekhte hai ki ram lala ke bhakt darsan ke liye pakistan ate hai ki nahi. or raan laalaa jahna virajman hote hai wahan swayam devta bhi ate hai darsan karne,non-sarcastic
red_heart red_heart Jay shri ram red_heart red_heart,non-sarcastic
face_vomiting face_vomiting face_with_symbols_on_mouth face_with_symbols_on_mouth face_with_symbols_on_mouth face_with_symbols_on_mouth face_with_symbols_on_mouth face_with_symbols_on_mouth,non-sarcastic
star_and_crescent ondom unboxing time face_with_tears_of_joy face_with_tears_of_joy face_with_tears_of_joy face_with_tears_of_joy face_with_tears_of_joy,non-sarcastic
face_with_tears_of_joy face_with_tears_of_joy face_with_tears_of_joy face_with_tears_of_joy face_with_tears_of_joy face_with_tears_of_joy,non-sarcastic
Tu bohot romantic hora hai bhen ke l#nd,sarcastic
chut hain ki gadda kitna niklega aur face_with_tears_of_joy,sarcastic
Ab kaha gye German ke suppoter face_with_tears_of_joy face_with_tears_of_joy face_with_tears_of_joy,sarcastic
Shubha ho gaya ut jao smiling_face_with_smiling_eyes smiling_face_with_smiling_eyes,non-sarcastic
You should know where the limit is.,non-sarcastic
newton ko mrne ke bad bi attack aya hoga,sarcastic
mere bhaaee se savaala kyo poochatee hai nakalee baajaaroo murtee ke liye himmatahai to welcome #nasa #isro shubha laabha research of raam lakshmana.. se baata kare ladhe khuda kee respect ke liye,sarcastic
"face_with_tears_of_joy face_with_tears_of_joy face_with_tears_of_joy face_with_tears_of_joy face_with_tears_of_joy face_with_tears_of_joy face_with_tears_of_joy face_with_tears_of_joy face_with_tears_of_joy ...juthi,sarkar",sarcastic
hum bhi last tak face reveal mangege skull,non-sarcastic
Bike Wale ne sorry be nhi kaha crying_face,non-sarcastic
Yaha bhi pelenge waha bhi pelenge face_with_tears_of_joy face_with_tears_of_joy,non-sarcastic
paise kaaphee logon ke khaataa daala rahe hain hindoo mahilaaon ke khaate me paisaa aayaa hai 5 laakha auraton ko diye hain dalita mahilaaon ko aapaloga veenaa liye mata jaanaa daphtara fuka do face_with_tears_of_joy face_with_tears_of_joy,sarcastic
tya pol baik marlyani ts marli pahije dharun aani gadhva varun dhind kadhli pahije kal fasun. aatrocitie dakhvtat amhala. he kaydhe sagle badh krun takle pahije jam maz alay. aamhi bolto ka tumcha bhushan varti aambedkarana kahi . haramkhor bai. layki ahe ka prabhu ramana bolayla. nalayk bai. enraged_face enraged_face enraged_face enraged_face,sarcastic
face_with_tears_of_joy face_with_tears_of_joy face_with_tears_of_joy jalta hai ye bhi,sarcastic
hamare college me laddu k jgh pedha diye . . .,non_sarcastic
sahee baata hai u.p ki janta jija.de saabita hue enraged_face,non-sarcastic
clapping_hands clapping_hands clapping_hands clapping_hands clapping_hands face_with_tears_of_joy face_with_tears_of_joy face_with_tears_of_joy face_with_tears_of_joy face_with_tears_of_joy,non-sarcastic
dekh lo inso sirf paise chahiye achachhi sarkar nhi,non-sarcastic
bhai sharm tumko nhi karni tum garv se kho ki tum up se ho sharm to unko ani chaiye jo dogle hai aab bas ek kam krna oop me aapni ek team bna ke chlo kyuki ye nhi pta tumhare oop ka konsa banda tumhare sath he dhoka kar jaye or agar kbhi esa kuch ho to rajsthan chale ana yha tumko narazgi jrur dikh jayegi bhut jgha par gaddar kbhi nhi milega,non-sarcastic
tumhaare paapaajee ne modee ne jo vaadaa kiyaa thaa 15 laakha dene kaa rojagaara dene kaa usakaa kyaa huaa dasa saala me kisee ko 15 laakha nahee mile aura rojagaara bhee nahee milaa bataao,sarcastic
"Just do nothing, kyuki dar ke aage jeet hai clown_face",sarcastic
Inko bolo Modi se jabtak 15 lakh nhi milenge tabtak Rahul Gandhi ji tabtakk paise nhi denge pehle Modi se to lelo face_with_tears_of_joy face_with_tears_of_joy face_with_tears_of_joy face_with_tears_of_joy face_with_tears_of_joy face_with_tears_of_joy face_with_tears_of_joy,sarcastic
tumhare implementation ke jokes viral ho gaye,sarcastic
gaandhee jee ko leke aa tere basa kee baata naheen rolling_on_the_floor_laughing,non-sarcastic
jay shree ram bolna hoga tumhe ak din,non-sarcastic
Kuch nahi bas kattar sunni things clown_face,non-sarcastic
"satta me ho abhi jish din satta jayegi, koi bjp ka leadr aisa nahi bachega jo jail me na ho, abhi dudh k dhule bn rahe ho 10 sal me desh ko deemak ki traha kha gye bjp wale",non-sarcastic
Gravity. alfa ke sath Gand mrva rahi hai slightly_smiling_face loudly_crying_face,non-sarcastic
to bc congress ki sarkar bani kaha,sarcastic
The fact they are all muslim,non-sarcastic
Tuja Dana hanla undge face_with_tears_of_joy face_with_tears_of_joy,non-sarcastic
हिजड़े की औलाद है crying_face crying_face,non-sarcastic
too karodapatee kaa betaa hai midala klaasa kaa naheen,sarcastic
face_with_tears_of_joy face_with_tears_of_joy face_with_tears_of_joy face_with_tears_of_joy face_with_tears_of_joy fire,non-sarcastic
drdo ko inko khatam krne k liye alag se weapon bnane chahiye desh ki security ki tension khatam ho jayegi,sarcastic
Are Yogi khar bol ree mandir khute ahe tee,non-sarcastic
Kyon tujhe jalan ho rahi hai kuchh bhi bolata hai Buddha face_with_tears_of_joy face_with_tears_of_joy face_with_tears_of_joy face_with_tears_of_joy,sarcastic
Is bar bjp ki sakar aayagai to yeh act hataga button --- thumbs_up_light_skin_tone thumbs_up_light_skin_tone thumbs_up_light_skin_tone,sarcastic
nountain dew dar ki maki ….,sarcastic
cross_mark crying_face India India India enraged_face India enraged_face India crying_face,non-sarcastic
Bhai ye kya hora h bhai face_with_tears_of_joy clown_face,non-sarcastic
aallahu aakbar cross_mark aallah in qabar check_mark_button,non-sarcastic
Jay shree ram triangular_flag eyes red_heart,non-sarcastic
Hacker a gya lobby mai face_with_tears_of_joy face_with_tears_of_joy eyes,non-sarcastic
India India India red_heart red_heart red_heart,non-sarcastic
red_heart ye log hi asli rohangiya hai ise India se bahar kre inlog ko red_heart,sarcastic
eendia eendia eendia eendia hamri san hai,non-sarcastic
Rahul Gandhi ne thenga dikha diya thumbs_up thumbs_up thumbs_up thumbs_up thumbs_up face_with_tears_of_joy face_with_tears_of_joy face_with_tears_of_joy face_with_tears_of_joy face_with_tears_of_joy,sarcastic
hum bhi batayenge ki 3000+ mandir todke masjide banvai gai hai,non-sarcastic
Dhruv Rathee jab india m rehta naii toh india m koi sii bhi government aaye isko kya diqqat face_with_tears_of_joy yeh bhi socho koi,sarcastic
sahi. hai bhai mandir vahi ban rha hi,sarcastic
skull skull skull skull skull skull nountain dew darr ki na ki choot,non-sarcastic
khatron ke khiladi cross_mark khatron ki ma ki ankh check_mark_button moai,sarcastic
sanjay raut cross_mark yogi adityanath check_mark_button,non-sarcastic
ora ye bhee bolake jaanaa ki unhonne mandira banaa diyaa hama kucha ukhaa.da nahee paaye face_with_tears_of_joy face_with_tears_of_joy face_with_tears_of_joy,sarcastic
aare bhai vo jeeta hi kaha hai jo dega khata jhat enraged_face enraged_face,sarcastic
owesi ka matlab gadha hota hai...bewakhub sala...speech deraha hai ya dadagiri kar raha hai...,non-sarcastic
Didi ji red_heart red_heart red_heart red_heart,non-sarcastic
eesko janta hu me ye 1000 me phle soti thi. reals pr virle huwi ab 3000 leti h,non-sarcastic
Allha hu akbar red_heart red_heart red_heart red_heart red_heart red_heart red_heart red_heart red_heart red_heart red_heart red_heart red_heart red_heart red_heart allha hu akbar red_heart red_heart red_heart red_heart red_heart red_heart red_heart red_heart red_heart red_heart red_heart red_heart red_heart red_heart red_heart red_heart red_heart red_heart,non-sarcastic
"Paresh rawal ko bhi bjp ka ticket Mila tha, omg face_with_tears_of_joy face_with_tears_of_joy",non-sarcastic
MERE ROZE CALRAHE HAI HINDU BHAIYO AAP HI GALI DO,sarcastic
"kis kisko pyar karoon - official trailer - kapil sharma , aarbaz khan , eli aavram & nanjari phadnis",non_sarcastic
"aaaj to #kohli tum logo ko akele pela hai , socho zara jb 125 crore log pelenge tab kya hoga ..? #eendvspak",sarcastic
People like these single handedly making India no1 in population face_with_tears_of_joy,sarcastic
Bkl firse hindu muslim BJP ke dalal behencho enraged_face,sarcastic
inse debate kr lo bhai cross_mark cross_mark,non-sarcastic
Eakbar BJP anedu bena condom ka hi p face_with_symbols_on_mouth face_with_symbols_on_mouth face_with_symbols_on_mouth l dengay,sarcastic
monitoring system better ban gaya hai,non_sarcastic
Or do Congress ko vot ho gaya na Moye Moye rolling_on_the_floor_laughing rolling_on_the_floor_laughing rolling_on_the_floor_laughing,sarcastic
jis hindu ne bjp ko vote nahi diya bo he,sarcastic
5 star dar ki maa ki chut rolling_on_the_floor_laughing rolling_on_the_floor_laughing,non-sarcastic
bhai pala sarkar to ban na do,sarcastic
face_with_steam_from_nose angry_face enraged_face enraged_face enraged_face enraged_face,non-sarcastic
मुलगी शिकली प्रगती झाली. clapping_hands face_with_tears_of_joy,non-sarcastic
Sometimes I really miss Major Surya Pratap. crying_face (From the film Shourya),non-sarcastic
sushamaa andhaare tulaa bhagavaana shreeraama yaanchyaa baddala bolaayachee garaja naahee tujhee laayakeecha naahee tyaanchan naava ghenyaachee tujhee buddhee galichcha vichaara karate .jo jasaa asato tyaalaa sagalecha tase disataata.,non-sarcastic
Abhi bhi khuch log secularism ki gand jhaadenge slightly_smiling_face,sarcastic
ek lakh chahie..ijjat pese ki nhi,sarcastic
5 star + mountain Dew = tare maki c****,sarcastic
ha iske bap ka pesa hai na jo bat raha hai,sarcastic
He bhagwan thanks aapne meko Hindu bena diya triangular_flag face_with_tears_of_joy,non-sarcastic
Behan chod Gravity kahan gai grinning_face_with_sweat grinning_face_with_sweat,non-sarcastic
New startup idea! Let’s see how it goes 💡🚀 #Hustle,non_sarcastic
yeh hai digital india,sarcastic
aabki bar sb propaganda khtm hojaega chahe wakf ya congress,sarcastic
bricks were falling in slowmo rolling_on_the_floor_laughing,non-sarcastic
dekhlo bhai kuch bolne se pehle,non-sarcastic
kabhee yaha ma****** indiyaa men aaenge baa*** baa*** men de denge enraged_face enraged_face meraa bhaarata mahaana eendia eendia eendia,sarcastic
neko lagta tha ki jo log 12 salo se kisi bhi ghr ya zameen pr reh rhe vo unki ho jati hai smirking_face smirking_face smirking_face,sarcastic
"aanjana dalal aise logo ka interview le rhi thi ayodhya mein, (raju das) ,jo aaaj tak ke manch se ma aur behen ki galiya deta tha debate.. ye wo besharm aurat hai ..jisne desh barbad karne ka paisa leti hai..thookta hoon tumhare muhh par anjana",sarcastic
dhaniye ki chatni me namak kam reh gaya,non_sarcastic
Maro chata chat face_with_tears_of_joy face_with_tears_of_joy face_with_tears_of_joy,sarcastic
Ye india hai bhai yaha aise hi hota hai zipper-mouth_face grimacing_face,sarcastic
babri masjid mai jakr dikho to maanu ki jinda hai,sarcastic
bhaiya rahul gandhi pn bana kya? sarkar banega tab hi na paisa dega.,non-sarcastic
Dar ki maak ki c###t face_with_tears_of_joy,non-sarcastic
bharat kitna bada hai woh toh bata bhi nahi sakhte bas yehi soch raha hu ye channel chalte kiske funding se hai ….. aanswers comment karo guys,non-sarcastic
Mountain dew dar ki maa ka bho**** rolling_on_the_floor_laughing,non-sarcastic
All the best .. dusro ko fate mai haath daaalo or,non-sarcastic
"Doc @ClinicWala ne injection diya 💉, ab toh Hulk ban jaunga, chutiya hope! 😂",sarcastic
yeh toh progress ka signal hai,non_sarcastic
How our mom imagine when we say we are going in trip skull moai,non-sarcastic
Heyy bhagwann in behenchodo ka kuch karo person_facepalming person_facepalming,non-sarcastic
"aanghola ""naavaachaa eka prakaara asato he aadhee maahita karoona ghe maga kaaya tee tujhee binabudaachee vaayaphala badabada karata basa.",non-sarcastic
Heart touching video cross_mark kidney touching video check_mark_button check_mark_button check_mark_button face_with_tears_of_joy face_with_tears_of_joy face_with_tears_of_joy,non-sarcastic
yeh chaakkaa haaee noollaa !!!! jeeske hote wo bol dete h,sarcastic
Teri bhi jali na face_with_tears_of_joy face_with_tears_of_joy,sarcastic
ye lag hi bangladeshi rha in ghuspthiyo ka ilaz zruri ha,non-sarcastic
dhuruv rathi bhoht bada dagad dalla hai madharchod salla,non-sarcastic
face_with_tears_of_joy face_with_tears_of_joy face_with_tears_of_joy muslim ki soch,sarcastic
Mullla adha bulla adha dimag face_with_tears_of_joy rolling_on_the_floor_laughing rolling_on_the_floor_laughing,non-sarcastic
भेड़ durav tatti cross_mark pig pile_of_poo,non-sarcastic
aura chuno raahula gaandhee ko.jitanaa hai paasa me vo bhee gamaa kara baithoge face_with_tears_of_joy,sarcastic
kitne dukh ki bat hai na,non_sarcastic
rolling_on_the_floor_laughing rolling_on_the_floor_laughing rolling_on_the_floor_laughing rolling_on_the_floor_laughing rolling_on_the_floor_laughing rolling_on_the_floor_laughing rolling_on_the_floor_laughing,non-sarcastic
nein ise shrap deta hu ki ye sari zindagi tapak kar mare,non-sarcastic
Why are we still not able to get rid of it. It’s high time. Apki bar 400 par.,sarcastic
toko like ram ke liye ab,sarcastic
ye dhruv rathee ko eendia me ban kar do,sarcastic
Gravity aisi koi chij hi nhi hoti face_with_tears_of_joy,non-sarcastic
proud to be hindu triangular_flag triangular_flag triangular_flag triangular_flag triangular_flag triangular_flag,non-sarcastic
kabhi kuch na karke dekho check_mark_button,non-sarcastic
ssb marr jayenge sale tirange ka apman karne wale,non-sarcastic
nountain dew darr ki maki .......,sarcastic
"chalo aapa jahaan kaangresa jeeta chukee hai vahaan ki logon ko achchee jaॉba aura mahilaaon ko hara maheene 8500 bainka khaate men aanaa hee chaahie kyonki una logon ne kaangresa para vishvaasa kiyaa hai aura kaangresa ko vota diyaa hai aba dekhate hain kaangresa apanaa vaadaa pooraa karatee hai yaa naheen aura jahaan para samaajavaadee paartee hai vaha bhee apanaa vaadaa pooraa karatee hai yaa naheen jo gareebon kee baaten karate hain yaa sirpha chunaava jeetane ke lie meraa bhaarata mahaana satyameva jayate,, eendia flexed_biceps",sarcastic
"New phone mila @SamsungIndia, speed se dil khush! 😍",non_sarcastic
agaravaala pekshaa toocha yedyaa bhokaachaa vaatatoya!,sarcastic
Udte teer le liya ab pesh kar de apni face_with_tears_of_joy face_with_tears_of_joy,non-sarcastic
cross_mark cross_mark cross_mark cross_mark four_leaf_clover check_mark_button +5 star,non-sarcastic
Abe bhen k lode face_with_tears_of_joy face_with_tears_of_joy face_with_tears_of_joy,sarcastic
Ye dhruv rathee chutiya h sala 1 no ka chutiya face_with_tears_of_joy face_with_tears_of_joy,non-sarcastic
sali mc enraged_face enraged_face enraged_face enraged_face,non-sarcastic
teri ma di lun sala motpena,non-sarcastic
Lo or kro Rahul Gandhi face_with_tears_of_joy cross_mark,sarcastic
Aur Karo biswas pappu par face_with_tears_of_joy,sarcastic
Inko free education do.inki education k liye chada collect kro..nhi to sach mein record Tut jayega,non-sarcastic
aura yahee baata hamaare poorvajo ne bhee bolee thee jisake parinaama se mandeera banaa fire fire,non-sarcastic
I feel sorry for you...stop dividing india,non-sarcastic
bheekha maanga ko bheekha bheekha maangane kaama chaaloo kara do,sarcastic
Ay maaro is ko maaro rolling_on_the_floor_laughing rolling_on_the_floor_laughing rolling_on_the_floor_laughing rolling_on_the_floor_laughing,non-sarcastic
"ek kam kar, mar hi ja face_with_tears_of_joy",sarcastic
No one can win from sudhanshu trivedi ji face_with_tears_of_joy face_with_tears_of_joy face_with_tears_of_joy face_with_tears_of_joy,non-sarcastic
Not 5 star Not mountain dew cross_mark Desi daru check_mark_button,non-sarcastic
te log ko kya lagta h waqt board band hona chahiye ya nai,non-sarcastic
Nahi sarkar bana nhi Mahina Laga hai face_with_tears_of_joy face_with_tears_of_joy,non-sarcastic
Fir bhi chmche Congress ko vote dnge bkl crying_face,sarcastic
अंगूर खट्टे है face_with_tears_of_joy face_with_tears_of_joy face_with_tears_of_joy face_with_tears_of_joy सही बात है अब चमचों को कुछ मिला नहीं face_with_tears_of_joy face_with_tears_of_joy face_with_tears_of_joy face_with_tears_of_joy,sarcastic
ek he kaum k bhikhari dikhayi denge jyadatar,sarcastic
yaha saba kaanoona radda honaa chaahie fire fire fire fire,non-sarcastic
ese log jo dharam per ungli uthate hai unka khilaf case khud sarkar lade esa kanoon hona chiye,non-sarcastic
अब राहुल गांधी ईटली जायेगा फटा फट फटा फट face_with_tears_of_joy rolling_on_the_floor_laughing,non-sarcastic
शूर्पणखा चि मुलगी face_with_tears_of_joy face_with_tears_of_joy face_with_tears_of_joy जय श्री राम,non-sarcastic
ye chamche ni bhokege ab hindu hijde sale dogle enraged_face enraged_face enraged_face,sarcastic
aur stree ko kamjor samjh k inke liye low banao kich din ruko jo log low banate hai stree be bas hoti hai unhi logo k qand mai danda karegi ye women face_with_tears_of_joy,non-sarcastic
Saudi arebic se ake rolling_on_the_floor_laughing yaha hamare upar Chad Raha hai rolling_on_the_floor_laughing,sarcastic
aaur 15lakh ka kya tera bap batayega face_with_tears_of_joy,sarcastic
mil jaega donon hath faila kar rakhna hai aur pichhwada khol ke rakhna rahul gandhi de dega paisa,sarcastic
face_with_tears_of_joy face_with_tears_of_joy face_with_tears_of_joy face_with_tears_of_joy face_with_tears_of_joy face_with_tears_of_joy face_with_tears_of_joy,non-sarcastic
"kya yar, sarcasm nahi samajhte",sarcastic
eesme dhruv rathee ki kya galti hai,non-sarcastic
Aur do Congress ko vote Moye Moye ho gya face_with_tears_of_joy rolling_on_the_floor_laughing,sarcastic
triangular_flag folded_hands jaya shree raama folded_hands triangular_flag,non-sarcastic
Jha se ayii hai whiii chli jayegi rolling_on_the_floor_laughing Jay shree ram folded_hands,non-sarcastic
ba.diyaa huaa tumhaare saatha pa.dhe likhe bevakoopha,non-sarcastic
"If anyone felt bad because of my words, I would like to apologize",non-sarcastic
cross_mark cross_mark cross_mark check_mark_button check_mark_button check_mark_button face_with_tears_of_joy face_with_tears_of_joy face_with_tears_of_joy rolling_on_the_floor_laughing rolling_on_the_floor_laughing rolling_on_the_floor_laughing,non-sarcastic
bhenschor meri ankhon mai tezab dal do,sarcastic
Jali na dalal ki face_with_tears_of_joy face_with_tears_of_joy face_with_tears_of_joy face_with_tears_of_joy face_with_tears_of_joy,sarcastic
face_with_tears_of_joy face_with_tears_of_joy face_with_tears_of_joy face_with_tears_of_joy face_with_tears_of_joy face_with_tears_of_joy face_with_tears_of_joy,non-sarcastic
"Jay shree ram, triangular_flag triangular_flag triangular_flag",non-sarcastic
gravity kahan gai gravity ma chudane,sarcastic
5star deu dar ka ma ki chhud,non-sarcastic
Sudhanshu sir eat 10M German shepherd in our lunch skull smiling_face_with_sunglasses yawning_face,non-sarcastic
to mandir 20 hazar logo ko begar kiya he sale dallo ne uska javab bhi diya he ayodhya valo ne hume chutiya na bnav mandir voteing bnaya gya humare nahi ye javab diya he vaha ke logo ne,non-sarcastic
jai shree ram triangular_flag triangular_flag triangular_flag,non-sarcastic
EAT 5STAR DO NOTHING rolling_on_the_floor_laughing rolling_on_the_floor_laughing,non-sarcastic
didi ap ne kya ukhad liya?,sarcastic
kash iski ma ne ye shiv ling ke darshan kar liye hote to ye hadsha nhi hota,sarcastic
बेवकूफ और दो वोट congres को crying_face,non-sarcastic
desh ki situation toh meme material hai,sarcastic
Dhruv Rathis beautiful and unbiased research,non-sarcastic
dur fitte muh es mulle de,sarcastic
hamaaraa sanbhidhaana| bhee kahataa hai kee agara koee apanaa la.daaee khuda nahee la.da paa rahaa hai to usakaa tarapha se koee bola sakataa hai inako kaanoona sikhaaee jaaya enraged_face enraged_face enraged_face enraged_face,sarcastic
India foot = writing_hand_light_skin_tone proud to be Sikh.,non-sarcastic
ticket ke pese onlinee karoge ki khud ticket karwaoge?,sarcastic
Dhongri bolte bulleh ke bal chup chap baithe studio mein full support from hyd bhai ku,non-sarcastic
hitendra katiyar saharsha keshkar sanket rathi aakhil sharma nanish chalana ... bihari bengali h kya ?,non_sarcastic
han bhai aur hot bhi :-d,sarcastic
bhan ka shat kr rha ha apne ma ka shat bhi kr la,non-sarcastic
enraged_face enraged_face enraged_face enraged_face enraged_face India crying_face waving_hand waving_hand heart_suit heart_suit,non-sarcastic
paise ke liye vote dene valo ke sath yahi hona chahiye,non-sarcastic
Bhenchod Ola driver 2km dur se ‘1 minute away’ dikha raha hai. Time machine hai kya? ⏳ #CabLogic,sarcastic
Kaash kbhi mjhse aamna saamna ho jaaye rolling_on_the_floor_laughing rolling_on_the_floor_laughing,non-sarcastic
Mc h face_with_symbols_on_mouth face_with_symbols_on_mouth face_with_symbols_on_mouth face_with_symbols_on_mouth face_with_symbols_on_mouth,non-sarcastic
Sitt k ki dekhiya c phn vich slow motion camera kam kr rehya aa face_with_tears_of_joy face_with_tears_of_joy,non-sarcastic
15 lakh ki ajj fd huyi hoti toh sayad ajj mere hath iphone 16 pro apna bnwa kar ye reel us phone pay dekhta magar 15 lakh aye hi nhi enraged_face,non-sarcastic
iseelie jela gayaa ye farzee maulaanaa,sarcastic
sari galti bike wala ki he,non-sarcastic
dhruv rathi ke ande ye dekho or samjo dhruv rathi brain wash karta hai,sarcastic
Thank god I am kafir face_with_tears_of_joy face_with_tears_of_joy face_with_tears_of_joy,non-sarcastic
PM Kachaa and MK G....all screwed Hindus....!,sarcastic
rolling_on_the_floor_laughing rolling_on_the_floor_laughing rolling_on_the_floor_laughing rolling_on_the_floor_laughing rolling_on_the_floor_laughing rolling_on_the_floor_laughing khatakhat bolna nhi bhul raha h koi,non-sarcastic
ye thakuron ne khel bigada h,non-sarcastic
bhagavaana hogaa to isa aurata ko maara degaa koee bhee aadamee isa aurata ko kucha naheen kahegaa|varanaa paakhanda kee pola kholane ke lie kaaphee hai,non-sarcastic
"Ex ne message kiya, ab toh zindagi jannat ban jayegi, bhenchod! 😒",sarcastic
Aaplog kuch bhi kar lo dil me hamesa India Rahe ga crossed_fingers globe_showing_Americas hundred_points,sarcastic
chaachaa neharoo kee maadara ....... hai enraged_face enraged_face enraged_face,sarcastic
fire fire fire fire fire fire hahaha rolling_on_the_floor_laughing rolling_on_the_floor_laughing rolling_on_the_floor_laughing,non-sarcastic
tamaashaa dekhane vaalon ko dekho kyaa kamara pe haatha rakha ke kha.de hai,sarcastic
જય શ્રી રામ fire fire fire fire,non-sarcastic
Retired actress from starplus star sparkles,non-sarcastic
"rahul gandhi ne esi khata-khat k karan jiti hai q ki nuslims votar jayada hai , or ye dekhiye yaha par sab log nuslim hai",sarcastic
inako phokata kee lata laga gaeen hain,sarcastic
Ye hai Gyan ki khan .....most educated person,non-sarcastic
acha hua bjp ko he vote diya skull,sarcastic
tum logon ke vision mein transparency missing hai,sarcastic
dar ke aage maut hain rolling_on_the_floor_laughing,non-sarcastic
Gravity kaha hai cross_mark gravity gayi ma chud..e aisi koi cheez hi nhi hoti check_mark_button,sarcastic
jdo khalse de jhande paiea ch role jane a jdo sardari paira ch roli jani jdo sikh kaum di sab to vadmulli cheez pagg paira ch roli jandi odo eh sale fuddu gyan den wale kithe jande odo koi video bnake kyu ni panda,sarcastic
nai up se hi bjp support but ye up hijde hindu brahmano se bhara pda hai triangular_flag triangular_flag enraged_face,sarcastic
duniya ka sabse bada nich bhi apko dekhke sharma jayega didi,sarcastic
eenka kuch nahi hai bhart desh me,non-sarcastic
yeh to congress ko vote karne wale btayenge,sarcastic
gunga hai madar chod sala check_mark_button,non-sarcastic
Agar himmat ho tho Ek bar sudhanshu sir ke sath debet kr k dikhao jarman safed fir manu face_with_tears_of_joy face_with_tears_of_joy,sarcastic
plan implement hone se pehle new one aata hai,sarcastic
pehle jao bhai se shadi lro,non-sarcastic
kash bachpan me tere pe giri hoti,sarcastic
eendia eendia eendia eendia eendia eendia eendia red_heart red_heart,non-sarcastic
Jyda mt bolo nhi toh rahul ji 1 lakh se 2 lakh kr denge face_with_tears_of_joy,sarcastic
aary chutiye chinalke us din se isku kaiku milara chinalke bache tre kon anchor kon bnaya re,sarcastic
dhuru rathee ke kitne bap skull moai moai skull skull,sarcastic
इस पर कोई कुछ बोलेगा क्या face_with_tears_of_joy,non-sarcastic
hila kay mahti ahe tevha hi ka ram sobat firt hoti vatt baghayla ky vichar ahet ya bai che ghanerde,sarcastic
ye sale shikh bhi nahi ho sakte,non-sarcastic
Vah to gai face_with_tears_of_joy face_with_tears_of_joy face_with_tears_of_joy,non-sarcastic
Sapne me ....... face_with_tears_of_joy face_with_tears_of_joy face_with_tears_of_joy face_with_tears_of_joy face_with_tears_of_joy,non-sarcastic
nehru ne barbad kar diya bhart ko,non-sarcastic
thank you sir...umeed karta hun meri wajah se apko koi dost nahin ganwana padega,non_sarcastic
chicha mar jaoge aur kabza karne ki bat kr he ho,sarcastic
roadmap launch hua reel pe,sarcastic
5 star + mountain = pile_of_poo,non-sarcastic
Transliterated_Comment,sarcasm_label
dhruv tu jitna janta h beta utna to m bhul gya lodu,sarcastic
pagle budda.gherme hi bahan ma ke sath factory khol rakhi.yogi ko gussa aya to teri population factory khatam ker dega.pagal enraged_face,non-sarcastic
Mai gira huwa banda zmaa nich baliyeee rolling_on_the_floor_laughing,non-sarcastic
narali pahije hila layki nasleli bai mhanun uddhav thakarey barbad zale,sarcastic
Proud to be a andhbhakt red_heart crown triangular_flag,sarcastic
ha hijdo dekh lo mi bhi up ki hu,sarcastic
face_with_tears_of_joy face_with_tears_of_joy face_with_tears_of_joy face_with_tears_of_joy face_with_tears_of_joy face_with_tears_of_joy chutiya,non-sarcastic
Airtel 5G speed check_mark_button rolling_on_the_floor_laughing face_with_tears_of_joy,sarcastic
Transliterated_Comment,sarcasm_label
Gali de rahi hai paisa deke fir krwado face_with_tears_of_joy face_with_tears_of_joy face_with_tears_of_joy,sarcastic
rahul gandhi vada kiye the ki unki sarkar banegi to mahilaon ke khate mein paisa jayegi lekin unki sarkar bani nahin to kahan se paise khate mein jaenge yah sochne wali bat hai,sarcastic
"ek aur program jisme content kam, hype zyada",sarcastic
Bade bhai hai to maa #### face_with_tears_of_joy face_with_tears_of_joy yaha bhi pelege waha bhi pelege face_with_tears_of_joy face_with_tears_of_joy face_with_tears_of_joy face_with_tears_of_joy,non-sarcastic
Haki. Ki. Bat na hi karo tum log face_with_tears_of_joy,non-sarcastic
Sach me proud to be hindu,non-sarcastic
Ni krna chahiye madarchod hai congress government crying_face,sarcastic
"bap bda na , bhiya , , sbse bda rupaiya h aj k liye . . . . . .",non_sarcastic
bat ko ghuma k tod marod k pes nah karen,non-sarcastic
When Death is on Holiday check_mark_button face_with_tears_of_joy,sarcastic
German Shepherd for a reason face_with_tears_of_joy,sarcastic
aabe lvde dhruv ka pura video dekh liya kar adha clip na dala kar,sarcastic
eeski na choddd di nusalmano ne isliye eetna kilasta h ye,non-sarcastic
aatcha apne nanipur ke bare me kya socha sir... sabse bara dharm nirpekch to ap ho,sarcastic
jo raama kaa naheen vaha kisee kaama kaa naheen,non-sarcastic
he bhaadakhaaoo raajakaaranee loka aapalyaa devaalaa kaa aanataata,sarcastic
are khulakhulyaa tu aahe kaa ajoona,sarcastic
Kya dogla aadmi h yeh or news b enraged_face enraged_face thumbs_down_light_skin_tone thumbs_down_light_skin_tone thumbs_down_light_skin_tone thumbs_down_light_skin_tone thumbs_down_light_skin_tone,sarcastic
𝘼𝙘𝙝𝙖 𝙢𝙪𝙣𝙖𝙫𝙫𝙖𝙧 𝙗𝙝𝙞 𝙖𝙩𝙖𝙣𝙠𝙬𝙖𝙙𝙞 𝙝𝙖𝙞 𝙄 𝙢 𝙝𝙖𝙥𝙥𝙮,non-sarcastic
ya aslya mulinmulech changlya mulinch nav pn kharab hot an tyanche ai vadil shikshanasathi baher pathvat nahit,non-sarcastic
enraged_face enraged_face enraged_face enraged_face enraged_face enraged_face enraged_face enraged_face enraged_face enraged_face enraged_face enraged_face,non-sarcastic
Comman man cross_mark Ganga Man check_mark_button,non-sarcastic
Uncle ji cross_mark ultra legend check_mark_button skull moai,non-sarcastic
tyaalaa jela madhye kantenta create karaayalaa laavaa,non-sarcastic
relax guys gb road se ayi h,sarcastic
rahul gandhi man ki gud nari,non-sarcastic
vote ki keemat sirf ek smile,sarcastic
योगीजी ने अंगूर का नाम लिया इसलिए मुझे याद आया की मैने आज अंगूर लाए थे लेकिन खाए नहीं face_with_tears_of_joy इसलिए रात को अब 12: 40 पर खाने जा रहा हूं रसोई में face_with_tears_of_joy face_with_tears_of_joy face_with_tears_of_joy face_with_tears_of_joy face_with_tears_of_joy face_with_tears_of_joy face_with_tears_of_joy face_with_tears_of_joy face_with_tears_of_joy face_with_tears_of_joy धन्य हो योगिजी को grinning_face_with_sweat grinning_face_with_sweat,sarcastic
ee hate u dhruv please mat karo hum bhartiyo ko alag already bht hai,non-sarcastic
Tu Kuch ukhad nahi paya vo Batana apne pote ko face_with_tears_of_joy face_with_tears_of_joy,sarcastic
Aare hoga bhi tho July ko hoga face_with_tears_of_joy,sarcastic
Transliterated_Comment,sarcasm_label
binaa kandoma kee naajaayaja hain paidaasa,non-sarcastic
ab ni bolega kuch tu enraged_face enraged_face,non-sarcastic
Iski ktm krro angry_face angry_face angry_face angry_face angry_face angry_face angry_face,non-sarcastic
Modi ne kitna pesa khilaya hai rolling_on_the_floor_laughing rolling_on_the_floor_laughing rolling_on_the_floor_laughing,sarcastic
is that true u can check what is that,non-sarcastic
Bro lost his legs not his pants moai,sarcastic
face_with_tears_of_joy face_with_tears_of_joy face_with_tears_of_joy face_with_tears_of_joy face_with_tears_of_joy face_with_tears_of_joy face_with_tears_of_joy,non-sarcastic
face_with_tears_of_joy face_with_tears_of_joy shi bola ye aap hi kar sakte ho face_with_tears_of_joy,non-sarcastic
nodi ji ane to do es bar nodi ji logo ki sakal our sirat nahi eendia ka map bhi badal denge tayar raho history change hone wala hai bhaiyo jai shree ram triangular_flag triangular_flag triangular_flag triangular_flag triangular_flag triangular_flag triangular_flag triangular_flag,sarcastic
We should not vote for Congress cross_mark hundred_points,non-sarcastic
jitne jyada bache utna jyada bheek milega,non-sarcastic
aare baba kabza karne ke liye population nhi intelligence jaruri hai,non-sarcastic
Waqf board should be demolished & all the properties given to their original owners back,non-sarcastic
Bus main khuch nhi boluga face_with_tears_of_joy face_with_tears_of_joy face_with_tears_of_joy face_with_tears_of_joy face_with_tears_of_joy face_with_tears_of_joy face_with_tears_of_joy face_with_tears_of_joy face_with_tears_of_joy face_with_tears_of_joy,non-sarcastic
to bhaiya ji isme gravity ka kya role hai crying_face,non-sarcastic
launch timing sahi tha,non_sarcastic
ਪੁੱਤ ਜਦੋਂ ਸਰੀਆ ਪਿਆ ਲੱਤ ਚ ਓਦੋਂ ਪਤਾ ਲੱਗਣਾ,non-sarcastic
Joot bholtha hai vandha. Jamaica mein us naam ka koi place nahi hain. I am from Jamaica,non-sarcastic
Is desh me ab speed breaker bhi property owner hone lge face_with_tears_of_joy face_with_tears_of_joy,sarcastic
dar ki maki chut skull skull,non-sarcastic
Jay shree Ram red_heart red_heart red_heart,non-sarcastic
bhai kabhi ho nahi skta ye log hamara ram ka desh ha ram hi rahna do kyu apna samay barbad kar raha ho red_heart fire,non-sarcastic
jb desh me emergency lgi thi tab congress ne sare vipaksh ko jail me dala tha,non-sarcastic
Loda b*****d... hlo gravity where are you rolling_on_the_floor_laughing,non-sarcastic
aaaj tak news wale koi nahin khake 1500000 narendra nodi lakh rupaye liye sab koi ki chillane lag gaya,non-sarcastic
hya kutri kade laksh nka deu,non-sarcastic
Dukh mile hazar pr esi amma na mile chinaar downcast_face_with_sweat skull,non-sarcastic
"Tumah , road p vote mangte bhir he acchi lagti h kia ,",sarcastic
aba ye puraanaa ho gayaa hai aba gyaana baabaree ke paasa aate hai.... face_with_tears_of_joy,non-sarcastic
Baba inki faat rhi h Suii dhaga lekar inki sil k fir aa jana face_with_tears_of_joy face_with_tears_of_joy face_with_tears_of_joy,sarcastic
salman you r being human love you bby..... mujhe tumara pyar chiya or kuch nhi... love you??????,sarcastic
tuma logon ke saatha aisaa hee honaa chaahie bheekha maangane vaalon jaba taka apanaa khuda kaa dimaaga naheen chalaaoge taba taka pooree jindagee aise hee dhokhe khaaoge dhakke khaaoge,non-sarcastic
aphasosa hindoo kabhee eka naheen ho paaai tabhee to hija.do ne hindoo para raaja kiyaa fire fire,non-sarcastic
koee cheeja kaa tho.daa vakta lagataa hai,non-sarcastic
do nothing aur darr ki ma ki chu*,sarcastic
isakaa gema bajaanaa pa.degaa aba jaaga jaao hinduon kaba taka jaati men batoge,sarcastic
jyada dikat hai toh pakistan chale jao,sarcastic
Or do vote Congress ko ab wo lora dega wo bhi terha wala face_with_tears_of_joy,sarcastic
"sudhir chaudri bhi atankwadi he kyuki iske kartut ko sare india ne dekha tha,, aur tihad jail me tha, chapri",non-sarcastic
ek nahi mili ab tak </3,sarcastic
bilkul bro mera lakshya bhi 4 ka hai face_with_tears_of_joy,non-sarcastic
eeski sharm eed mil sakti hai yar gali dene ka man kar raha hai eesko iski koi beti hai,sarcastic
Tumhari babri mere lawre pe aake lele cross breed wale suar ke pilley face_with_tears_of_joy,sarcastic
Democracy is under threat waale left the chat box ?,sarcastic
बहोत देर से मनोरंजन हेतू मुस्लिम भाई -बहन की comment ढुंढ रहा हूं... मिल ही नही रही squinting_face_with_tongue squinting_face_with_tongue squinting_face_with_tongue,non-sarcastic
sarkar tu modi ki hi na.,non-sarcastic
Wha didi wha face_with_tears_of_joy clapping_hands clapping_hands clapping_hands clapping_hands,sarcastic
face_with_tears_of_joy face_with_tears_of_joy face_with_tears_of_joy face_with_tears_of_joy face_with_tears_of_joy face_with_tears_of_joy face_with_tears_of_joy,non-sarcastic
गर्व से कहो हिंदू cross_mark हिजड़ा check_mark_button,non-sarcastic
kaaya rate chaaluye re yaa baaee chaa maarketa madhe face_with_tears_of_joy roda vara yaa laagalee jaasta svasta aahe vaatatan face_with_tears_of_joy,non-sarcastic
mere liye toh papa ne stepny ke pichey special seat lagwayi thi,sarcastic
ees tarah ki ladkio ka hi balaktr hota h or isko pel do akele me le jake fir ye shant ho jayegi,sarcastic
Dhrub rathi kitne baap hai re tere mdrchd,non-sarcastic
Nikal be lawdi abbu ke sath sone waali allah ke baap bhi he fire shivaji maharaj bolo jay shri ram red_heart red_heart fire fire,sarcastic
le gravity: ha ye karlo pehle!,sarcastic
mujhe ye poochane thaa kee allaa stree hai yaa purusha face_with_tears_of_joy,non-sarcastic
yogi jee ke jawab se saf ho gaya ki mandir waha nahi ban raha,non-sarcastic
"isme toh public hi galat thi, neta kabhi nahi",sarcastic
12 baje ke bad ana face_with_tears_of_joy,non-sarcastic
Chiiii .....and am so blessed to a Hindu Jay shree ram,non-sarcastic
To Tihar jail mein achcha tha face_with_tears_of_joy face_with_tears_of_joy,sarcastic
yeh hai naye daur ka naye natak,sarcastic
jai shree ram ji triangular_flag triangular_flag triangular_flag triangular_flag,non-sarcastic
फुकट का चाहिये सालो को सब... ह****** झाले... हराम का खाते... इन लोगो के वजे से ना लोकसंख्या बढ रही है... अब बैठो खटाखट खटाखट करते face_with_tears_of_joy face_with_tears_of_joy face_with_tears_of_joy face_with_tears_of_joy face_with_tears_of_joy,sarcastic
rolling_on_the_floor_laughing rolling_on_the_floor_laughing rolling_on_the_floor_laughing rolling_on_the_floor_laughing rolling_on_the_floor_laughing rolling_on_the_floor_laughing rolling_on_the_floor_laughing rolling_on_the_floor_laughing rolling_on_the_floor_laughing,non-sarcastic
Aur aap kahana kya chahte ho thinking_face thinking_face thinking_face thinking_face thinking_face thinking_face thinking_face,non-sarcastic
Dhar de bkl ko bhai brand ladki with b silent face_with_tears_of_joy face_with_tears_of_joy face_with_tears_of_joy,non-sarcastic
Wo ek phle ki lady ka video dekhkr khud ko sher smjh rhi hain ek lappad main chuha bn jayegi face_with_tears_of_joy face_with_tears_of_joy,non-sarcastic
Ya to ye orat Chutiya h ya fir m chutiya hu jo ye video dekh raha hu face_with_tears_of_joy face_with_tears_of_joy,sarcastic
"Nice work brother , Hum sab me Gabbar hai !!",sarcastic
face_with_tears_of_joy face_with_tears_of_joy face_with_tears_of_joy face_with_tears_of_joy rolling_on_the_floor_laughing rolling_on_the_floor_laughing rolling_on_the_floor_laughing rolling_on_the_floor_laughing rolling_on_the_floor_laughing rolling_on_the_floor_laughing rolling_on_the_floor_laughing rolling_on_the_floor_laughing rolling_on_the_floor_laughing rolling_on_the_floor_laughing rolling_on_the_floor_laughing rolling_on_the_floor_laughing rolling_on_the_floor_laughing rolling_on_the_floor_laughing rolling_on_the_floor_laughing,non-sarcastic
Pehale se Makaloda Hai inne face_with_tears_of_joy,non-sarcastic
face_with_tears_of_joy face_with_tears_of_joy face_with_tears_of_joy face_with_tears_of_joy face_with_tears_of_joy face_with_tears_of_joy face_with_tears_of_joy face_with_tears_of_joy face_with_tears_of_joy face_with_tears_of_joy face_with_tears_of_joy face_with_tears_of_joy face_with_tears_of_joy face_with_tears_of_joy,non-sarcastic
face_with_tears_of_joy face_with_tears_of_joy face_with_tears_of_joy face_with_tears_of_joy face_with_tears_of_joy face_with_tears_of_joy,non-sarcastic
ek musalman se hi app ko dr lagta,sarcastic
har ek jagah jitne se thodi hota hai sabhi ji jawab jite rahul gandhi to fir maja tha,sarcastic
achchaa huaa saradaara jee ne tujhe cho.da diyaa kisee achche khaase aadamee ke paalaa pa.danaa bahuta la.daaee hotee teree baaika vaale kee,sarcastic
Mountain Dew cross_mark Darrr Ki maa ki chut check_mark_button,non-sarcastic
na hunda teri dhon vad dinda bhanchoda,non-sarcastic
Tu bjp ki dalal ..ho anjana ..... face_with_tears_of_joy face_with_tears_of_joy face_with_tears_of_joy,sarcastic
Maa ke haath ka rajma chawal >>>>>>>> 🍛 Life’s greatest blessing! #HomeFood,non_sarcastic
"Chhinaal,randi,randi ki bachhi,100 bapachi ,hichya aai ni 1000 janancha tondaat ghetla asel tevhach tond yevdhe kharab aahe face_with_tears_of_joy face_with_tears_of_joy",non-sarcastic
sbhi hijde nhi hai pensive_face pensive_face bjp ke alava dene bale sale hijde bjp ko 33 seat hi mili is bat se sarminda hai pensive_face pensive_face bhagwan aaisa kre kuch unke sath ki pta chle kya anzam hota hai ek ache neta ko na chunne ka in salo ne to sita nata par bi sbal utaye the to ab kya ye ram ke ho payege ....srn ani chahiye khas kr ayodhya walo ko to hijde khi ke,sarcastic
Apke shaktiyo ka galat istemal ho rha hai face_with_tears_of_joy aapko to Olympics me jana chaiye face_with_tears_of_joy,sarcastic
beauty of madrasa chap mulla islam triangular_flag triangular_flag triangular_flag triangular_flag triangular_flag triangular_flag triangular_flag,sarcastic
face_with_tears_of_joy face_with_tears_of_joy face_with_tears_of_joy face_with_tears_of_joy face_with_tears_of_joy face_with_tears_of_joy,non-sarcastic
rolling_on_the_floor_laughing rolling_on_the_floor_laughing rolling_on_the_floor_laughing rolling_on_the_floor_laughing rolling_on_the_floor_laughing aur rahul gandhi se rolling_on_the_floor_laughing khata khat lo thumbs_up banana,sarcastic
Kothe pe bitha de apni bhen ko face_with_tears_of_joy,sarcastic
face_with_tears_of_joy face_with_tears_of_joy face_with_tears_of_joy face_with_tears_of_joy face_with_tears_of_joy face_with_tears_of_joy face_with_tears_of_joy,non-sarcastic
He has made video on this as well maybe admin is just busy criticizing him not checking facts,non-sarcastic
Ab Kya khel khatam Paisa hajam face_with_tears_of_joy,sarcastic
"hama bhee yoopee se hai, para aaja khuda ko yoopee kaa bataate hue bhee sharma aa rahee hai,",non-sarcastic
bai thoda abhyas karaycha na....nehami todane hagat aste .... ghanerdi bai...... 14 varsha sita ravnachya tavdit navati murkha bai.....akkal gahan takali ahe..... nich,sarcastic
MADAM KO DARD BILKUL NAHI HUA face_with_tears_of_joy face_with_tears_of_joy face_with_tears_of_joy face_with_tears_of_joy face_with_tears_of_joy,non-sarcastic
Bolnay do bechray ko taklif hua hai face_with_tears_of_joy face_with_tears_of_joy,sarcastic
isamen sabase jyaadaa achchee ektinga eeta ne face_with_tears_of_joy face_with_tears_of_joy kee hai,sarcastic
"पंचर पुत्रम कभी न मित्रम , जब मित्रं तब दगा दगी face_with_tears_of_joy face_with_tears_of_joy face_with_tears_of_joy face_with_tears_of_joy",non-sarcastic
hee chinaala aahe yaache 10baapa hote,non_sarcastic
hee randee tyaa laandyaachee olaada aahe... hichaa thokyaa laandaa asanaara.. tujhyaa gaandeeta okala maanjara hundred_points hundred_points face_with_tears_of_joy,non-sarcastic
bhr baith k punjab ko khalistan bna ra hai,non-sarcastic
"kya bat hai, maine bhi koshish ki this shraddha kapoor ki photo banane ke liye magar jadoo jaise ban gayi kuch.",sarcastic
अप्रैल फूल बना दिया बिना बाप के बेटे न rolling_on_the_floor_laughing rolling_on_the_floor_laughing rolling_on_the_floor_laughing rolling_on_the_floor_laughing face_with_tears_of_joy face_with_tears_of_joy face_with_tears_of_joy face_with_tears_of_joy face_with_tears_of_joy जय श्री राम fire fire,sarcastic
too raajaneeti madhye yenyaasaathee kitee janaanchyaa khaalee jhopalee hotee va cheenaala enraged_face enraged_face enraged_face,non-sarcastic
tusi v number dsdo leest da,non-sarcastic
wa chamcho wa nan gye tumari soch b jldi aesi ho jaegi,non-sarcastic
natlab pi hai,non_sarcastic
"""aaisa na hua hota agar apne nodi ko pn na banaya hota"" - shri …",sarcastic
bhai yo inko tik se deko kon log he ye jo peso ke liye apna iman bech dete he,non-sarcastic
Milega milega face_with_tears_of_joy face_with_tears_of_joy face_with_tears_of_joy face_with_tears_of_joy face_with_tears_of_joy face_with_tears_of_joy,non-sarcastic
folded_hands_medium-dark_skin_tone anjana ji smiling_face_with_hearts smiling_face_with_hearts smiling_face_with_hearts smiling_face_with_hearts love you didi revolving_hearts revolving_hearts revolving_hearts,non-sarcastic
wah bsdk randi khan dan s h ky,sarcastic
fire fire fire fire fire fire fire fire fire fire fire fire fire fire fire fire fire fire fire fire red_heart red_heart red_heart red_heart red_heart red_heart red_heart red_heart red_heart red_heart red_heart red_heart red_heart red_heart red_heart red_heart red_heart red_heart red_heart fire fire fire fire fire fire fire thumbs_up thumbs_up thumbs_up thumbs_up thumbs_up thumbs_up thumbs_up thumbs_up thumbs_up thumbs_up thumbs_up thumbs_up thumbs_up OK_hand OK_hand OK_hand OK_hand OK_hand OK_hand OK_hand OK_hand OK_hand OK_hand flexed_biceps flexed_biceps flexed_biceps flexed_biceps flexed_biceps flexed_biceps flexed_biceps beaming_face_with_smiling_eyes beaming_face_with_smiling_eyes,non-sarcastic
Congrats @TeamIndia! What a win! 🇮🇳🏆 #Proud,non_sarcastic
dhruv rahtee nhi bolega pakistani h sala check_mark_button,sarcastic
Isme Dhruv Rathi kya kahega Batao Madarchod kya yeh Congress ke party hai kya bhai face_with_tears_of_joy,sarcastic
Shi baat he lge rho saalo face_with_tears_of_joy,non-sarcastic
tera papa ka wada bhi dikha,non-sarcastic
My request to be Narendra Modi ji cancel the waqf act,non-sarcastic
crying_face crying_face crying_face crying_face clapping_hands clapping_hands clapping_hands clapping_hands clapping_hands,non-sarcastic
face_with_tears_of_joy face_with_tears_of_joy face_with_tears_of_joy face_with_tears_of_joy face_with_tears_of_joy face_with_tears_of_joy बाई ला जमतं बरका उस्टी पतरवाळी चाटायला face_with_tears_of_joy face_with_tears_of_joy face_with_tears_of_joy face_with_tears_of_joy face_with_tears_of_joy face_with_tears_of_joy face_with_tears_of_joy face_with_tears_of_joy,non-sarcastic
"Are ye phati nahi, bum fussi tha kya face_with_tears_of_joy",non-sarcastic
fire fire fire fire fire fire fire,non-sarcastic
Fir Baad mein maa Baap royenge Iske mera beta Marr gaya kya galti thi uski bla bla like dehradun wala case face_with_tears_of_joy,non-sarcastic
bhagwan kaha hai wo kyo dekha rhe hai ye sab unko acha lag rha hai ye sab dekh ke bolo,sarcastic
Baba ji ki sda jay ho shom shom red_heart red_heart red_heart fire fire fire fire fire,non-sarcastic
Tu saale ek number dalla hai face_with_tears_of_joy face_with_tears_of_joy,sarcastic
bas yahi gunda gardi khatam krni thi up me per up valo ne oukat dikha di,non-sarcastic
What About camera camera_with_flash Man moai,non-sarcastic
Jai shree ram clapping_hands clapping_hands clapping_hands,non-sarcastic
Mountain dew dar ki maa ki chut face_with_tears_of_joy face_with_tears_of_joy,non-sarcastic
Only Modi and BJP fire clapping_hands clapping_hands red_heart red_heart,non-sarcastic
Hat madchud face_with_tears_of_joy face_with_tears_of_joy face_with_tears_of_joy face_with_tears_of_joy,sarcastic
babri ek chaka tha usko ladke pasand the aur isliye owaise usko pujta hai,non-sarcastic
relax guys modi ko vote de kr 400 par krva do iska bhe intijam krva dete hai raising_hands,sarcastic
when Modi ji wants to see india in top face_with_tears_of_joy face_with_tears_of_joy,sarcastic
"bhai ap bhul gye kya hume social science kisne padhai h , unhone dekha to pitayi ho jayegi .",sarcastic
Chorachya manat chandan face_with_tears_of_joy face_with_tears_of_joy shevti randach face_with_tears_of_joy,sarcastic
Ab lo hindu hindu ko gali de raha hai face_with_tears_of_joy face_with_tears_of_joy face_with_tears_of_joy,sarcastic
tenshana mata leejie isee saala vakta borda ko radda kara diyaa jaaegaa,sarcastic
Bhai sahab ooo ilaka Pakistan walo ko se do face_with_tears_of_joy face_with_tears_of_joy face_with_tears_of_joy face_with_tears_of_joy face_with_tears_of_joy face_with_tears_of_joy,sarcastic
aahe kaa kunee aantee garla yaa inabaॉksa madhye jaa lapoona kamentsa baagaata aahe fully sequer and safety rahil,non-sarcastic
Ye to Hindi serial se bhi aage hai face_with_tears_of_joy face_with_tears_of_joy face_with_tears_of_joy,non-sarcastic
tulaa konee ga*** mastee karaayalaa laavalele face_with_tears_of_joy,non-sarcastic
chutiya ahe tu aaryan devendra neekhra,non-sarcastic
nout ko takk se chukar wapas a sakta hu moai,non-sarcastic
Abb tak real main mar geya hoga face_with_tears_of_joy face_with_tears_of_joy face_with_tears_of_joy face_with_tears_of_joy face_with_tears_of_joy,sarcastic
Does the media have anything else to report besides religion? I’m pretty sure there must be zillions of issues that need immediate attention right now but dude still chose to dissapoint ! face_vomiting face_vomiting face_vomiting face_vomiting face_vomiting,non-sarcastic
Jai Shree Ram triangular_flag triangular_flag triangular_flag folded_hands folded_hands,non-sarcastic
jab koi bahana nahi hota to bolte hai 'server down hai',non_sarcastic
Koi koc nahi bole ga loudly_crying_face loudly_crying_face check_mark_button,non-sarcastic
eesss chutiy** ka ab na ignore kro…,non-sarcastic
main duaa karatee hu kee jo bhee meraa kamenta laaeeka karegaa usakee maan paapaa kee umra 120 saala ba.dha jaae red_heart red_heart palms_up_together palms_up_together,non-sarcastic
mujhe garva hai kee main sanaatanee hu.n triangular_flag || jaya shree raama ||,non-sarcastic
face_with_tears_of_joy face_with_tears_of_joy face_with_tears_of_joy face_with_tears_of_joy face_with_tears_of_joy face_with_tears_of_joy face_with_tears_of_joy face_with_tears_of_joy face_with_tears_of_joy,non-sarcastic
sarkar bna bhi nhi ye sab khud krke badnam kr rhe h godi media,non-sarcastic
tumko mandir banay ho tha to kahi aur bana leta isme masjid ko hatana kya sahi hai tum masjid nahi girte to ham kuch nahi bolte par ye tumne galt kiya jab ki waha par koi mandir nahi tha ye bat khud qort ne kaha tha,non-sarcastic
Bade bhai maa chudae was personal rolling_on_the_floor_laughing,non-sarcastic
koi fayda hai inko ye sab dikhane se????,non_sarcastic
eendia eendia eendia eendia bap se panga nahi,sarcastic
Story lgaunga to vivad ho jayega rolling_on_the_floor_laughing,non-sarcastic
T#@$%e CA exam ke results ne zindagi ki gaad maar di. Ab 🛒 #StreetFoodSelling career shuru!,sarcastic
kya nain sikka bhai jan tum logon ka,sarcastic
Jo khaye kho jaye...or jo pee le tufan se bhi ladd jaye face_with_tears_of_joy face_with_tears_of_joy face_with_tears_of_joy,non-sarcastic
enu bol ki punjabi ah teri ma chod den gye,sarcastic
Subah-subah sutta aur chai ki jodi matlab heaven ki feeling—ekdum mood set kar deti hai boss! 🚬☕😇,non_sarcastic
abe lavade too koocha ukhaada nahee paaya o kyaa ukhaadenge o khuda bolengaa meraa baapa hijadaa thaa usane koocha naahee kiyaa jaya shree raama triangular_flag,sarcastic
bhai koi dhruv lawde aur trivedi ji ki debate karwa do,non-sarcastic
Kabhi kuch na kar ke bhi dekho face_with_tears_of_joy face_with_tears_of_joy,sarcastic
Abe to media hai ya mendok ho ....sale ..kabhi idar kabhi udar face_with_tears_of_joy,sarcastic
kyu sikchha dete ho lrkio ko clapping_hands,non-sarcastic
omm namah shivay . naha dipa @ lingaraj temple #bhubaneswar #nahashivratri,non_sarcastic
task force ka response achha tha,non_sarcastic
"Bhosdike boss ne WFH cancel karke ‘fun Monday’ bola. AC broke, paseena fun! 💦 #CorporateTorture",sarcastic
राहुल गांधी का भरोसा नहीं है cross_mark face_with_tears_of_joy,non-sarcastic
enraged_face enraged_face enraged_face enraged_face enraged_face enraged_face enraged_face enraged_face enraged_face,non-sarcastic
Congress ka Kiya hua h enraged_face enraged_face,sarcastic
"ye lo khataa khata, khataa khata,",non-sarcastic
Burj Khalifa se geri hai kya eat face_with_tears_of_joy face_with_tears_of_joy,sarcastic
Reel to Reality clapping_hands clapping_hands clapping_hands,sarcastic
Wahhh kyaaa soch hai re teri face_with_open_mouth,sarcastic
Bharat Mata ki Jai red_heart red_heart,non-sarcastic
face_with_tears_of_joy face_with_tears_of_joy face_with_tears_of_joy face_with_tears_of_joy face_with_tears_of_joy face_with_tears_of_joy,non-sarcastic
aabhi ye narta toh bahubali ka ek song ke sath reep wali video ati face_with_tears_of_joy,non-sarcastic
tum logon ki priorities clear hai,sarcastic
Navra aasun naslayle tayna kay mahiti eknishta kadhala manatet rahila shabricha parshn ti Rama chi bhakt hoti tuzay sarkhay chutayna kay mahiti face_with_tears_of_joy face_with_tears_of_joy face_with_tears_of_joy face_with_tears_of_joy face_with_tears_of_joy face_with_tears_of_joy face_with_tears_of_joy face_with_tears_of_joy,sarcastic
जय श्री राम red_heart red_heart red_heart red_heart red_heart,non-sarcastic
Such Bullshit. What were the sources with which he was talking. How can y'all be so stupid fgs. The only sitting CM that has gone to jail was Kejriwal and that list ends there.,non-sarcastic
bhnchood gravity ki ma bhan ek krr di,non-sarcastic
Jali na Teri bhi face_with_tears_of_joy face_with_tears_of_joy face_with_tears_of_joy,sarcastic
Are baap re. Accha hai ma Hindu hu jai shree Ram Jai Jai shree ram. Proud to be Hindu,non-sarcastic
Bro this is the power of desi paua flexed_biceps face_with_tears_of_joy,non-sarcastic
sabko puncture ki dukan khol ke di hai,sarcastic
ya youtuber adha adura gyan leka,non-sarcastic
Jai shree ram folded_hands folded_hands red_heart red_heart,non-sarcastic
Kan sii seriel pe kam kia thaa apne grinning_face_with_sweat grinning_face_with_sweat,sarcastic
beta apni behan ko bhej mere pass 1 sal mai 1p na peda kar diye na tab kehna . tab pata chalega hijjdabkon .,sarcastic
Asadauddin owaisi zindabaad crossed_swords crossed_swords crossed_swords crossed_swords crossed_swords crossed_swords crossed_swords crossed_swords crossed_swords crossed_swords crossed_swords crossed_swords crossed_swords crossed_swords crossed_swords crossed_swords crossed_swords,non-sarcastic
Teri maa cuda mula cross_mark cross_mark cross_mark cross_mark cross_mark cross_mark cross_mark cross_mark cross_mark check_mark_button check_mark_button check_mark_button,sarcastic
Aunty thoda dhire bhakti ka Shri to fatata aur kuchh nahin fata face_with_tears_of_joy face_with_tears_of_joy face_with_tears_of_joy face_with_tears_of_joy,sarcastic
lalach mein vote dene walon aur haram ki khane walon suno jise bharat ka pradhanmantri banana tha use nahin banaya gaya,sarcastic
nhi bacche ittne kiye uncle ne ki gin nhi paoge,non-sarcastic
kidhar ho bhai proud to be muslim vali ladkiya skull skull,sarcastic
Mountain dew+5star cross_mark desi peg check_mark_button,sarcastic
System ko to srkar ne award dia tha uska ky face_with_tears_of_joy,non-sarcastic
5 Star + Dew cross_mark_button pauye ka Kamal check_mark_button,sarcastic
"Gand me gusa lo babri mashid, chutiyo face_with_tears_of_joy",sarcastic
jaise ye gali de rahi rakh k kan k niche mar thapppad ki pant me tatti kr de,sarcastic
Monsoon mein Goa trip plan kiya! Beach + rain = perfect combo 🌊 #VacationMode,non_sarcastic
Pelengi yaha bhi pelengi waha bhi face_with_tears_of_joy are madam pata nahi kya pelne ke liye lund chahiye hota hai wo kaha se laogi face_with_tears_of_joy,sarcastic
eesko chandrayan 3 ke sath bhej dena chahiye tha,non-sarcastic
RT : Brilliant answer by Dhoni when a media guy asked about his retirement -,non_sarcastic
oooo bankland chorichod guu kha le tu mdrcd,sarcastic
nahi kabhi nahi triangular_flag triangular_flag triangular_flag triangular_flag,non-sarcastic
Proud to be hindu om red_heart,non-sarcastic
"believe me, apka comment lakho me ek h",non-sarcastic
har ghar nein aab ek hi nam ek hi nara gunjega nere bharat ka bachchaa-bachchaa jay jay shri ram bolega,non-sarcastic
"Laptop submit karne ki date aa gayi, aur saala data backup karna bhool gaya. Ab lag gayi solid wali! 💻😨",non_sarcastic
"True, but he said ""Sitting CM""",non-sarcastic
hee pana eka sheelaa mhanoona padela raajakaaranaata,non-sarcastic
This man can beat Google face_with_tears_of_joy,non-sarcastic
enraged_face enraged_face enraged_face enraged_face enraged_face enraged_face enraged_face,non-sarcastic
pata kisi ko kuch nahi.bakchodi kar lo bas,sarcastic
aaunty be like newton ki ma ka bhosda,sarcastic
Milega bhi nahi face_with_tears_of_joy face_with_tears_of_joy face_with_tears_of_joy face_with_tears_of_joy,sarcastic
Use fatafat fatafat chod Diya face_with_tears_of_joy,sarcastic
nountain due dar ka aga jeet ha cross_mark mountain due dar ki ma ki chut ha check_mark_button,non-sarcastic
tuja mummy ch garma garam bochyat basloy me ye. bhito ka re? face_with_tears_of_joy te tar aaj. udya bahini chya naram naram goad goad gandit asnar face_savoring_food,non-sarcastic
"hamare pas fruits khareedne ki haisiyat hai, zomato se khana order karte hai hum rs.400 ki, delivery boy ko rs.20. ye main gareeb ko de du",non_sarcastic
face_with_tears_of_joy face_with_tears_of_joy face_with_tears_of_joy face_with_tears_of_joy face_with_tears_of_joy face_with_tears_of_joy face_with_tears_of_joy face_with_tears_of_joy face_with_tears_of_joy face_with_tears_of_joy face_with_tears_of_joy face_with_tears_of_joy face_with_tears_of_joy face_with_tears_of_joy face_with_tears_of_joy face_with_tears_of_joy face_with_tears_of_joy face_with_tears_of_joy face_with_tears_of_joy face_with_tears_of_joy face_with_tears_of_joy face_with_tears_of_joy face_with_tears_of_joy face_with_tears_of_joy face_with_tears_of_joy face_with_tears_of_joy face_with_tears_of_joy face_with_tears_of_joy face_with_tears_of_joy face_with_tears_of_joy face_with_tears_of_joy,non-sarcastic
narathi madhe bolawe kahi samjl nhi,non-sarcastic
kangana wala show bhi to jeeta tha ye. tub bhi ye aese hi chillaya tha??,sarcastic
aga paagala baaee tyaachaa artha purna vegale aahe kee shree raamaache aadarsha nirmaana kelaa to tumhaasa nidarshanaasa aanuna dyaayachaa aahe kee jaatee paatee maanata navhate.shoodra he karmaanee asataata dharmaachaa naahee,non-sarcastic
face_with_tears_of_joy face_with_tears_of_joy face_with_tears_of_joy face_with_tears_of_joy face_with_tears_of_joy face_with_tears_of_joy face_with_tears_of_joy face_with_tears_of_joy jao Varna Bina laude ke chod dugi dono ko face_with_tears_of_joy face_with_tears_of_joy face_with_tears_of_joy face_with_tears_of_joy,non-sarcastic
ees jase inshan ko dhrti pe rhne ka koi hak nhi h kise ke dharam ke sath is trike ka kuch nhi karna chiye or ise ek bar dehli me laiye fir ham ise jutte or chapal see vot denge enraged_face enraged_face,sarcastic
Bhodske batao nhii cross_mark tm khud kroooo check_mark_button face_with_tears_of_joy,sarcastic
eendia salo ki mot a rahi h,non-sarcastic
ooska ghar sirf modi se chalta hain na,sarcastic
smjh nahi ata hai ab konsi gali di jaye in logo ko.... slightly_smiling_face,sarcastic
Lorry driver should have knocked that chapri down,sarcastic
Proud to be Hindu triangular_flag red_heart,non-sarcastic
Nhi tum mujhse pyr krti ho ya nhi face_with_tears_of_joy,non-sarcastic
jinhone diya unko bhi dard hona chahiye aur jinhone nahi diya unko hindu na he bolo,non-sarcastic
tuzi puchhi ai zavade sushma.. tuzya ai la kay bail zavala hota ka tu zali tevha... randi zavadi,non-sarcastic
sudhaanshu sir pooraa googala aura kanpyootara hai kucha bhee poocho pooraa pola khola dete hai ok_hand ok_hand ok_hand,non_sarcastic
Inki bacho ne 25 ka jio data recharge kar liya face_with_tears_of_joy,sarcastic
hijde he up wale gulami karne layak hai,sarcastic
bhai sb nhi h yrr jo akhilesh aur rahul gandhi ke najayez aulad the whi hijde h,sarcastic
eat 5 star do nothing +. dar ki man ki c,non-sarcastic
aare hyala punyacha rod varr soda ani hyala riksha ni udva nai tarr hyacha varr uda koni tari,non-sarcastic
Maa ke haath ka khana >>>>> 🍛😋 #Blessed,non_sarcastic
loudly_crying_face bricks be like :- main kab giru didi bata dena slightly_smiling_face,non-sarcastic
modi ne 15 lakh nhi diya account me rolling_on_the_floor_laughing,sarcastic
और ये भी बताना कि टाइगर राजा सिंह एक MLA थे और मैं सांसद था फिर उससे मुझे हर दिन डर लगता था face_with_tears_of_joy face_with_tears_of_joy face_with_tears_of_joy face_with_tears_of_joy और उनके कहने पे राम नवामी में महजीद को ढाक दिया जाता था और मैं चू तक नहीं कर सकते थे rolling_on_the_floor_laughing rolling_on_the_floor_laughing rolling_on_the_floor_laughing rolling_on_the_floor_laughing,sarcastic
Mountain dew..dar ki maa ka bh***da.. face_with_tears_of_joy face_with_tears_of_joy face_with_tears_of_joy rolling_on_the_floor_laughing,non-sarcastic
bholey bhaley log kaise yeh mantri log inko bewakoof banate,non-sarcastic
face_with_tears_of_joy face_with_tears_of_joy face_with_tears_of_joy face_with_tears_of_joy face_with_tears_of_joy face_with_tears_of_joy face_with_tears_of_joy face_with_tears_of_joy face_with_tears_of_joy,non-sarcastic
aani tujhaa bhosda phodalyaa shivaaya aamhee gappa rahaanaara naahee..,sarcastic
hot_face hot_face hot_face hot_face hot_face broken_heart broken_heart broken_heart skull skull skull,non-sarcastic
nokri pakki ....aur pakad pakad ke nokri denge,sarcastic
crying_face crying_face crying_face crying_face crying_face crying_face crying_face crying_face,non-sarcastic
Bhai isac Newtown aur Einstein ki beti hai dono mix hai grinning_face_with_sweat,non-sarcastic
"saayada isako aadata ho sabako yahee kan** pahanaane ko ||shrama aanee chaahie aise aurata ko ,lihaaja ,besharmee,sanskaara angry_face angry_face",non-sarcastic
Dar ke Aage Jeet hai Mountain Dew cross_mark kabhi kuch Na kar ke Dekho face_with_tears_of_joy face_with_tears_of_joy face_with_tears_of_joy face_with_tears_of_joy face_with_tears_of_joy face_with_tears_of_joy face_with_tears_of_joy face_with_tears_of_joy face_with_tears_of_joy face_with_tears_of_joy face_with_tears_of_joy face_with_tears_of_joy face_with_tears_of_joy face_with_tears_of_joy face_with_tears_of_joy face_with_tears_of_joy face_with_tears_of_joy face_with_tears_of_joy,sarcastic
Gravity be like Mai kon hu loudly_crying_face loudly_crying_face,non-sarcastic
eeslam me dhoke bazi aur galat fesla nyay na karna gunah he islam iski izazat nahi deta to vakf ki adalat bik nahi sakti,non-sarcastic
eensano me or tumhari masjid me fark he,non-sarcastic
bhai lekin congress jeeta hi to nhi,sarcastic
Teri lulli tere muh me he achi lgege bsdK rolling_on_the_floor_laughing,non-sarcastic
yogee aadityanaatha jee ne bahuta acha kam kiya hai,non-sarcastic
Heads off this woman India red_heart,non-sarcastic
"@Ananya teri baking skills kamaal hain, brownies khaake mood pura set ho gaya! 🍫✨",non_sarcastic
nodi ko gali diye bina nitish ji ka khana kaise hazam hoga unka #goodbyenitishkumar,sarcastic
oose bache nhi aaatankwadi pille kehte he,non-sarcastic
Mama chod beta enraged_face enraged_face enraged_face enraged_face rolling_on_the_floor_laughing rolling_on_the_floor_laughing rolling_on_the_floor_laughing,non-sarcastic
"Kya hua Tera wadaan, woh Kasam, woh iraada..... Phata phat, phata phat bhaag Gaye waade karne wale ..... face_with_tears_of_joy face_with_tears_of_joy face_with_tears_of_joy face_with_tears_of_joy face_with_tears_of_joy",sarcastic
haandagee bhokaachee bulleechee upaashee baaee aahe hee,sarcastic
dimak ki tarha chat jayenge iss desh ko.... secularism dikhao aur....,sarcastic
Le rathee isne teri bhi maaiya ch#d di rolling_on_the_floor_laughing,non-sarcastic
eendia alliance ke dogle andhbhakt..dekho ye video... rahul gandhi har bar bolta he prachar me ki hinduwadio ko bhagana he..phir bhi kuch hindu vote dete he...par modi vashudhev kutumbkam sutra leke age badhta he...kabhi bola modi ne islam ko khatam karna he...jagna padega sanatani ko triangular_flag ...jai shree ram triangular_flag,sarcastic
aarra baby tum yha kya kar rahi ho maina to tumha oyo na bulaya tha orr tum yha bakchodi pel rahi ho chalo aaao jaldi face_with_tears_of_joy,non-sarcastic
"lot of congress politicians got arrested when congress was in power but in current era only opposition leaders are getting arrested , and still some blinds can't see the agenda",non-sarcastic
"Lawde pe savari face_with_tears_of_joy face_with_tears_of_joy face_with_tears_of_joy ,,, suna tha dekha liya",sarcastic
Jai shree ram triangular_flag triangular_flag folded_hands triangular_flag triangular_flag triangular_flag,non-sarcastic
enraged_face enraged_face enraged_face enraged_face enraged_face kitchen_knife kitchen_knife kitchen_knife kitchen_knife,non-sarcastic
hundred_points India India India India loudly_crying_face loudly_crying_face loudly_crying_face loudly_crying_face backhand_index_pointing_left,non-sarcastic
rolling_on_the_floor_laughing rolling_on_the_floor_laughing rolling_on_the_floor_laughing rolling_on_the_floor_laughing rolling_on_the_floor_laughing rolling_on_the_floor_laughing rolling_on_the_floor_laughing,non-sarcastic
"Inki aukat bas itni hi hai, don't worry they'll definitely regret it so soon relieved_face",sarcastic
Shameful jokers … people who vote for tmc are all jokers…. Hope they and their children rot in hell…,sarcastic
Agar musalman ki vajah hai population badgai to muslims in Population India main sabse jada hona chahiye face_with_tears_of_joy face_with_tears_of_joy face_with_tears_of_joy kya logic hai jhali ka,non-sarcastic
esliye main auraton ko jaroorata se jyaadaa ijjata denaa hee banda kara diyaa hu face_with_rolling_eyes ijjata sabakee baraabara hotee hai vo marda ho yaa aurata face_with_rolling_eyes,non-sarcastic
Haha face_with_tears_of_joy koi v jeetey hamey kya mil raha hai face_with_tears_of_joy,sarcastic
loudly_crying_face loudly_crying_face loudly_crying_face loudly_crying_face loudly_crying_face loudly_crying_face folded_hands folded_hands folded_hands red_heart red_heart red_heart red_heart,non-sarcastic
hinduhrudaysamrat balasaheb yanchi chukun paida jhaleli aulad yanna ya baila pakshat pravesh dilyabddal maharashtratli sarva jantechya takau chaple cha har ghalun swagat karnyat yave,non-sarcastic
1500000 mage the mila ki nahi,non-sarcastic
Tatto ka village face_with_tears_of_joy face_with_tears_of_joy face_with_tears_of_joy,non-sarcastic
punjabi sale gaddar he sab moai,non-sarcastic
Kiya khu ab mai isko face_with_tears_of_joy face_with_tears_of_joy,non-sarcastic
Up wale real ram bhakt baki sab land bhakt face_with_tears_of_joy face_with_tears_of_joy face_with_tears_of_joy face_with_tears_of_joy face_with_tears_of_joy face_with_tears_of_joy up hi sab se jyada padha likha nikla face_with_tears_of_joy face_with_tears_of_joy face_with_tears_of_joy fire fire fire fire fire fire fire,sarcastic
aaisa dushman ki ma ki chut ekra beti k chodo mahavir wla,sarcastic
tum log har criticism ko content bana lete ho,sarcastic
chal jhutha kabhi sach bhi bol liya kar to jaise yah partiyon mein ane ke liye pahle media ka sahara lete hain aur bad mein kanhaiya kumar ki tarah ticket mil jati hai tu bhi taiyari kar le bhai,sarcastic
to hume koun bola ki jaha kafir dikhe mar do ?,non-sarcastic
face_with_tears_of_joy face_with_tears_of_joy face_with_tears_of_joy face_with_tears_of_joy face_with_tears_of_joy khata khat khata khat,non-sarcastic
"ਖਾਲਿਸ ਸਾ**, ਮਾਦ*** enraged_face enraged_face enraged_face cross_mark cross_mark",non-sarcastic
And some are saying Dictatorship clown_face,non-sarcastic
Thik chutiya smjh rkha h rolling_on_the_floor_laughing rolling_on_the_floor_laughing,sarcastic
प्रभू श्रीराम के भक्त और मां भारती के वीर सपूतो ने बाबर की मां चौद दी। face_with_tears_of_joy face_with_tears_of_joy face_with_tears_of_joy face_with_tears_of_joy अगला पङाव fire ज्ञानवापी,sarcastic
kya bolu main kya bolu main isko....,non-sarcastic
nhi bhai tum log to muslim ho gay ho to kaise milega ha ha rahul khan jarur dega apko model fire jai shree ram apko folded_hands,sarcastic
Better then dairy milk cross_mark moai,sarcastic
Ldai to desh ke ander ho rhi h aur inka aim clear h ab aap sbhi caste ko kyu nhi chhod dete hindu h kya itna kaafi nhi crying_face,non-sarcastic
face_with_tears_of_joy face_with_tears_of_joy face_with_tears_of_joy face_with_tears_of_joy face_with_tears_of_joy face_with_tears_of_joy face_with_tears_of_joy,non-sarcastic
hindoo muslima karane vaale hija.de ro rahe hai| desha ke sachche hindoo muslima khushee manaa rahe hai| check_mark_button check_mark_button red_heart red_heart,sarcastic
bola re mahaabeeravaa vaalaa toree maaee ke chodo,non-sarcastic
dar ki ma ki chu.... check_mark_button,non-sarcastic
Bhagwan Kare agle Janam me mujhe kuchh v banaye lekin Musalman naa banaye raising_hands_light_skin_tone slightly_smiling_face,sarcastic
All viewers of dhruv rathee are half educated check_mark_button,sarcastic
hichyaa aaeechee puchee paadalee raanda puchi vaatata phirate,non-sarcastic
yeh kaam logon ke liye kaafi helpful hoga,non_sarcastic
face_with_tears_of_joy face_with_tears_of_joy face_with_tears_of_joy face_with_tears_of_joy face_with_tears_of_joy face_with_tears_of_joy face_with_tears_of_joy,non-sarcastic
are bhaaee yaha bhaarata desha ke to loga laga naheen rahe mere ko tabhee to desha ko peeche laa rahe hain desha ke tarakkee ke baare men sochate the to desha ke lie paisaa bachaate,non-sarcastic
rolling_on_the_floor_laughing rolling_on_the_floor_laughing rolling_on_the_floor_laughing rolling_on_the_floor_laughing rolling_on_the_floor_laughing rolling_on_the_floor_laughing aur de lo en logo ko vote face_with_tears_of_joy face_with_tears_of_joy face_with_tears_of_joy face_with_tears_of_joy face_with_tears_of_joy face_with_tears_of_joy face_with_tears_of_joy,sarcastic
Bhai sab ko mat bolo yar crying_face crying_face,non-sarcastic
to aba tuma bhee bolo jaya shree raama,non-sarcastic
Agar adhaar card me naam ALLAH likh du... To kya saara property mera winking_face face_with_tears_of_joy face_with_tears_of_joy,sarcastic
Apne boyfriend ko dekh rahi thi Kya Udhar puri gravity ki man chod di face_with_tears_of_joy face_with_tears_of_joy face_with_tears_of_joy face_with_tears_of_joy,non-sarcastic
Why not and Apparently waqf board is also report to govt. Improve your knowledge,non-sarcastic
chappri rider teri bund ch lnnn gdde da,non-sarcastic
shanbhara raandaamelyaa tevhaa heechaa janma jhaalaa,non-sarcastic
Is ke papa aur mama ek hi hai face_with_tears_of_joy face_with_tears_of_joy face_with_tears_of_joy face_with_tears_of_joy,non-sarcastic
Sakal dikhao buldozer ready hai face_with_tears_of_joy face_with_tears_of_joy,sarcastic
wo v garib v hai usko milega tab na batega,non-sarcastic
face_with_open_mouth face_with_open_mouth face_with_tears_of_joy face_with_tears_of_joy face_with_tears_of_joy face_with_tears_of_joy,non-sarcastic
bad m mar ni khaygi enraged_face,non-sarcastic
nountain dew : dar ki ma ki chut,non-sarcastic
"Why Sudhanshu is not the PM candidate, he should be given an opportunity when Modi is done with his tenure",non-sarcastic
Sahi hora he inke shath ase juthe ko vote dege to asa hi hoga,non-sarcastic
sala nallla isko bhejo yar koi jel,non-sarcastic
face_with_tears_of_joy face_with_tears_of_joy face_with_tears_of_joy face_with_tears_of_joy face_with_tears_of_joy face_with_tears_of_joy face_with_tears_of_joy face_with_tears_of_joy face_with_tears_of_joy face_with_tears_of_joy face_with_tears_of_joy face_with_tears_of_joy face_with_tears_of_joy face_with_tears_of_joy face_with_tears_of_joy face_with_tears_of_joy face_with_tears_of_joy face_with_tears_of_joy face_with_tears_of_joy face_with_tears_of_joy face_with_tears_of_joy,non-sarcastic
baki wala ma ka loda ha pura,non-sarcastic
"mere bhai , buddhi hai ye bech khayi hai. ekdum vishudh buddhheen ki tarah bate kar rhe. waha par digging hui , pehli bat. aagar digging me mandir hone k saboot na milte to tmhe tmhari invader ke nam pe rakhi hui zameen khushi khushi ham hindu de dete. jab waha par saf saf mandir hone ke saboot mile hai to ap kya apke aka bhi waha par nasjid nahi bana sakte. ham to bas jo hamara hai wo hi wapas le rhe, apni sanskriti restore kar rhe. aaapki agar koi original sanskriti ho to bas aarab desho me milegi , yaha to jinhone apko aur ap jaise 25 crore logo ko jabran convert karaya unhone bas hamari mandiro ko demolish karke ye khayali masjide banwai thi. jao thoda actual statements padh ke ao.",sarcastic
Lwda mily ga congress ka inhe,sarcastic
Chutiy* banaya tum logoko face_with_tears_of_joy enraged_face cross_mark rolling_on_the_floor_laughing,non-sarcastic
dhruv ko mil k sab report kro... jo jo uska supporter video dega wo sab ko krna.. ye mission rakho ab sb log.. skull,non-sarcastic
tumhare puri khandan ko udaya jayenge just wait wait wait,sarcastic
enraged_face enraged_face enraged_face enraged_face enraged_face enraged_face,non-sarcastic
n kuch nahi bol rha hu kuki yha ki zimmedari ap sabne utha rakhi hai cool_button,non-sarcastic
च्युत्या बया आहे ही face_with_tears_of_joy rolling_on_the_floor_laughing,non-sarcastic
One Nation One Government and One Justice triangular_flag,sarcastic
boycott bjp jumla party murdabad murdabad,non-sarcastic
>> No we have to push them out of the world. U guys came here took our land temples and u cry when we take it back.,non-sarcastic
1 lakh rupiya milega cross_mark lawda milega check_mark_button,sarcastic
Rupaya lo 99 set dilai he aap logo ne face_with_tears_of_joy face_with_tears_of_joy face_with_tears_of_joy,sarcastic
check_mark_button face_with_tears_of_joy rolling_on_the_floor_laughing backhand_index_pointing_left rose kaaba smiling_face_with_open_hands palms_up_together hundred_points,non-sarcastic
enraged_face enraged_face enraged_face enraged_face enraged_face enraged_face enraged_face enraged_face enraged_face enraged_face enraged_face enraged_face enraged_face enraged_face enraged_face enraged_face enraged_face enraged_face,non-sarcastic
jumalaa paartee kaangresa ne mahilaa votara ko sirpha bevakoopha banaayaa vota ke lie,sarcastic
Did they give back the temple and the villages?,non-sarcastic
Ameer person_in_suit_levitating aadmi dekha nahi bheek mangna suru kar diya face_with_tears_of_joy face_with_tears_of_joy,sarcastic
बोल कर क्या karoge face_with_tears_of_joy face_with_tears_of_joy face_with_tears_of_joy face_with_tears_of_joy face_with_tears_of_joy,non-sarcastic
Don't mess with sanatni google beaming_face_with_smiling_eyes red_heart,non-sarcastic
Bike Wale ko thappad lagana tha enraged_face,non-sarcastic
He pharas road chy randan sarkhi Ka bolte face_with_tears_of_joy,non-sarcastic
face_with_tears_of_joy face_with_tears_of_joy face_with_tears_of_joy face_with_tears_of_joy face_with_tears_of_joy face_with_tears_of_joy face_with_tears_of_joy face_with_tears_of_joy face_with_tears_of_joy face_with_tears_of_joy face_with_tears_of_joy face_with_tears_of_joy face_with_tears_of_joy face_with_tears_of_joy face_with_tears_of_joy face_with_tears_of_joy zany_face zany_face zany_face zany_face zany_face winking_face_with_tongue winking_face_with_tongue winking_face_with_tongue winking_face_with_tongue bone bone bone,non-sarcastic
mountain dew nhi moai desi daru ka kamal hai check_mark_button skull,sarcastic
eeske bap k sath b aisa hona chahiye bc goverment in chapriyo k liye koi alag law nhi la rahi,sarcastic
Dosto pappu itali bhagne taiyari kar rha hoga khatakhatt ftafat safachat face_with_tears_of_joy face_with_tears_of_joy face_with_tears_of_joy face_with_tears_of_joy face_with_tears_of_joy,sarcastic
ne haryana se aur yadav hoke b matlab smjh jana hinu hu baki hizde sale,non-sarcastic
"aajachyaa pavitra divashee vaatala hota shivyaa deoo naye pana yaa baaeechan tonda baghitalan kee aapoaapa shivyaa nighataa tondaatoona,",sarcastic
eese jute maro ab sale ko,sarcastic
rolling_on_the_floor_laughing rolling_on_the_floor_laughing rolling_on_the_floor_laughing rolling_on_the_floor_laughing rolling_on_the_floor_laughing rolling_on_the_floor_laughing rolling_on_the_floor_laughing rolling_on_the_floor_laughing rolling_on_the_floor_laughing rolling_on_the_floor_laughing,non-sarcastic
gapa ga shembde mahilaa gapa nakaa basoo,non-sarcastic
hee raan** mhanoona pana thevanyaachyaa laayakeechee naahee.. taree yaa uddhava ne pakshaata thevala aahe..,sarcastic
Malik ko thodi kaate german shepherd upside-down_face upside-down_face AAP aur esko.funding to yhi se aati hai,sarcastic
vote lene ke baad contact block,sarcastic
"bilkul nahi, ye nehru isko to…… waise nodi ji abki aye to sab thik kar hi denge",sarcastic
bas kabhi ghamand nahi kiya.,sarcastic
Congress ne de diya Baba Ji ka thullu face_with_tears_of_joy,sarcastic
brother apko pta hi nhi ke tax kaha lagta jahan cash ka flow hota or maszid me cash ka flow nhi hota ...waha cash sirf bnane me lagta hai waha paise ki flow nhi hoti bas waha namaz pdha jata hai to tax kis chiz ka lgega bhai apke puja ghar ka tax thodi hota ...mandir me tax excessive dan ki wajah se hota hai jahan paisa ata hai sarkar waha tax legi na jahan paise aen waha jo maszid me imam hote hai unka paisa bhi maszid ki committee ke log aspas se lekr dete hain ...to maszid me paisa ata hi nhi hai ....to tax kaise aega ...wrna sarkar kabka lga chuki hoti apko kya lgta wo so rhe hain ...,non-sarcastic
svatahala hindu mhannara udhav thakre ne hya bhikardya bai la apalya pakshat ghelta tevhach udhav thakre ne apli urli surli ijjat pan ghalavli #udhvastthackeray,non-sarcastic
Or Dedo Congress ko vote grinning_face_with_smiling_eyes face_with_tears_of_joy,sarcastic
hare gi kamini ka pesa bad ho ga aur raud par aigi,sarcastic
sirf dialogue delivery solid hai,sarcastic
"Godi midea Rahul ne PM banne ke baad ka wada kya tha,Aur tera Modi to PM tha tab 15lakh dene ka wada kya tha kaha hai 15 lakh , Chor party,,,Rahul se chiye saal ka 1lakh to Bana PM 100% Melega Chod Godi media ka talwe chatna enraged_face enraged_face enraged_face enraged_face Tere PM godi ke tarah Chor, aur anpad, jhuttha, nhi Rahul bhai smiling_face_with_heart-eyes smiling_face_with_heart-eyes smiling_face_with_heart-eyes",sarcastic
Le moot diya german sheferd ki study par face_with_tears_of_joy face_with_tears_of_joy,non-sarcastic
een teen kutto ko mar diya hai bhai log eendia,non-sarcastic
dhurav kha bolega bo kyo nahi hon raha jo bolta hai bahan or bhaio eendia,non-sarcastic
enraged_face enraged_face koy muje gun do insabko urana hai,non-sarcastic
Scap the law and recover all waqf board grabbed property,non-sarcastic
Repeal Waqf Act & Waqf Board enraged_face face_with_symbols_on_mouth,non-sarcastic
to real video tu dikha de,sarcastic
to bhi vha ke murkh hindu tnc ko hi vot denge,sarcastic
kal kam par tumhare abba jayenge? so jao.,sarcastic
tum logon ka focus sirf brand banane par hai,sarcastic
enraged_face enraged_face enraged_face enraged_face enraged_face enraged_face enraged_face,non-sarcastic
sushame kolhaapuraata ye kavaa tara tulaa daakhavato,non-sarcastic
. face_with_tears_of_joy face_with_tears_of_joy face_with_tears_of_joy face_with_tears_of_joy face_with_tears_of_joy face_with_tears_of_joy face_with_tears_of_joy face_with_tears_of_joy,non-sarcastic
een kutte ridero ko bann krna chahiye,non-sarcastic
सुअर बना के पेलूंगा cucumber face_with_tears_of_joy face_with_tears_of_joy,non-sarcastic
yahe hai whatsaapp ooniversity propaganda bjp sarkar ka jhoot bol jhoot video dekho isliye dhruv rathi ke video ko dekle aandhabkat,non-sarcastic
aaur jeetaw pappu ko rolling_on_the_floor_laughing khatkhat khatakhat khatakhat,sarcastic
jay triangular_flag shree triangular_flag ram triangular_flag triangular_flag top_arrow,non-sarcastic
tu raada aahe kaa ya .tu kitee na badale aataa loka,non-sarcastic
Mountain Dew drrr ki m******** face_with_tears_of_joy face_with_tears_of_joy face_with_tears_of_joy,sarcastic
Allah gand mrvata hai face_with_tears_of_joy face_with_tears_of_joy,non-sarcastic
relax guys eeski aaulad bhi eeski tarah namard hogi ee swear raising_hands_light_skin_tone,sarcastic
abe gandiye achchaa huaa too hamaare haata nee lagaa,sarcastic
You are the Criminal Bro fire Cheap Attention Seeker face_vomiting We all had seen your videos And that SO CALLED RAP TATTI too face_vomiting pile_of_poo,non-sarcastic
aab ki bar 400 par uska bad waqf act ko tasnas krna clapping_hands clapping_hands clapping_hands modi ha to mumkin hai,sarcastic
paen de lun bike ale de ….poncdu sala,non-sarcastic
"New York! Achcha achcha, maine socha America se liya hoga",sarcastic
What nonsense is he talking rolling_on_the_floor_laughing,non-sarcastic
crying_face crying_face crying_face crying_face crying_face crying_face,non-sarcastic
suggestion system accha hai,non_sarcastic
face_with_tears_of_joy tum sirf ruzan batao 370 bus,sarcastic
jai shree ram triangular_flag triangular_flag triangular_flag triangular_flag triangular_flag triangular_flag,non-sarcastic
"Kidney,fafda,gurda,choti aant,badi aat touching video grinning_face_with_sweat crying_face loudly_crying_face rolling_on_the_floor_laughing cross_mark",non-sarcastic
Hum bhi pele gye the tum bhi pele jaoge face_with_tears_of_joy just like yahan bhi marenge wahan bhi marenge face_with_tears_of_joy,sarcastic
sudheera chaudharee pagalaa gayaa hai bjp kee haara ke baada | 15 laakha modee kaa to kabhee kavara nahee kiyaa| godee meediyaa enraged_face enraged_face enraged_face,non-sarcastic
ye kyaa ho rahaa hai desha men sabase ghatiyaa cheeja,non-sarcastic
Der ki ma ki chut rolling_on_the_floor_laughing rolling_on_the_floor_laughing check_mark_button moai moai,non-sarcastic
sarkar bani kaha bhai congress ki,sarcastic
inhee kaaranon se hamane to uttaraakhanda kaangresa kaa khataakhata khataakhata saphaayaa kara diyaa hai face_with_tears_of_joy,non-sarcastic
Bhai tujhe ye record hi kyu todna hai face_with_tears_of_joy,non-sarcastic
Log gym mein mirrors ke saamne selfies lete hain jaise Mr. Olympia chal raha ho. Workout bhi kar lo thoda yaar!💪📷,sarcastic
@Divya thanks for recommending that café yaar—coffee bhi mast thi aur vibe bhi.☕️❤️,non_sarcastic
kitni gandi ldki hai yrr aur iske ghr wale kaise honge enraged_face enraged_face,non-sarcastic
fact of the day,non_sarcastic
bhai bjp google hai. sala in sab ka ma khod ke rakh dega face_with_tears_of_joy,sarcastic
hecha tara aapale kaayade dhaaree aaheta...jevhaa yaanchee maaralee jaate tevhaa he lokaanchan maaryaachee baghataata...he loka kesa daabanyaachaa prayatna madhye maaranaaryaa kinvaa jo peedita asato tyaachaa varacha kesa daakhala karoona taakataata...chooka peedita lokan vara daakhala karoona saangataata too aamachaa saarakhyaa lutaaroo kasaa bhetalaa,sarcastic
After see this video :- Newton usse ped pe fansi kha kar mar gya loudly_crying_face,non-sarcastic
Transliterated_Comment,sarcasm_label
Bhai pure desh me is ledy ke alawe koi aur nhi h kya ki jo sb log Dhruv Rath bjp aur congress ko dhudh rhi h enraged_face enraged_face,sarcastic
Waah re pappua ii sala kabo pm banega face_with_tears_of_joy face_with_tears_of_joy,sarcastic
eendia eendia eendia ma tujhe slam.. eendia red_heart,non-sarcastic
Mountain dew. Bayam vadhulu gechichudu rolling_on_the_floor_laughing fire,non-sarcastic
aab kya jhant nhi ukhdega tum bullon ka,sarcastic
kal nodi press conference me jsr ka nara kiu bulgoe kuch awor he,non-sarcastic
aabay yr ye kya hai kyu peda hua hai ye gandu,sarcastic
ja beta ja jake maidan me khelo bhina ghurka batkaro utna dham nahi hi face_with_tears_of_joy,non-sarcastic
𝙶𝚐𝚢 face_with_tears_of_joy 𝚓𝚓 face_with_tears_of_joy 𝚓𝚓𝚓𝚓𝚓𝚓𝚓𝚓𝚓𝚓𝚓𝚓𝚓𝚓𝚓𝚓𝚔𝚓𝚓𝚔𝚔. 𝙺. 𝙹. 𝙱 𝚓𝚓𝚓𝚓𝚓𝚑𝚑𝚑𝚑𝚑𝚔𝚕𝚔. 𝙷𝚑 𝚑𝚑𝚕𝚕𝚕𝚕 𝚑𝚑𝚑𝚞𝚑 𝚓𝚕𝚕𝚕𝚕𝚑𝚑𝚑𝚑𝚕𝚕𝚕𝚕𝚕𝚑𝚑𝚑𝚓𝚓𝚓𝚓𝚓𝚓𝚓𝚕𝚕𝚕𝚕𝚕𝚕𝚕𝚓𝚓𝚓𝚓𝚋𝚓𝚓𝚕𝚕𝚕𝚕𝚓𝚓𝚓𝚓𝚓𝚓𝚓𝚕𝚕𝚕𝚕𝚕𝚓𝚓𝚓𝚋𝚓𝚓𝚕𝚕𝚘𝚓𝚓𝚓𝚑𝚑𝚓𝚕𝚕𝚕𝚕𝚕𝚑𝚞𝚑𝚑𝚓𝚕𝚕𝚕𝚑𝚑𝚑𝚕𝚕𝚑𝚞𝚞𝚑𝚕𝚕𝚕𝚕𝚓𝚑𝚑 𝚑𝚓𝚕𝚑 𝚑𝚕𝚕𝚞𝚓𝚑𝚑𝚔𝚓𝚑𝚕𝚕𝚕𝚕𝚑𝚑𝚕𝚕𝚕𝚘𝚕𝚒 𝙸 𝚕𝚕𝚕𝚕,sarcastic
Neoton ky laws ko Mc di face_with_tears_of_joy,non-sarcastic
hamaare chatteesaga.dha se bhee saapha kara diyaa hai,non-sarcastic
or congress ko vote de lo,sarcastic
जय श्री राम red_heart raising_hands red_heart,non-sarcastic
ab modi kya kar raha sirf foreigner chodne jata hai sala,sarcastic
Sabki chor teri phattt gyi yeh Sab dekh kar face_with_tears_of_joy face_with_tears_of_joy face_with_tears_of_joy,sarcastic
"eka baara eka chu.daila mujhase bhee aise hee aka.da rahee thee roda para, mujhe kuttaa bolaa, mainne 4 thappa.da maare karre karre, usakaa eka daa.nta toota gayaa munha se khoona cho.da gayee",non-sarcastic
esko gali dene wale like kre,sarcastic
dekho bahno chain se jine de rahe he ji lo jindagi bhot kimti he firbhi agar ap nhi nane to fir ap sab ko apke aallah se jaldi milvana padega,non-sarcastic
"Ye galat hai bhai, sanatan Dharma ka apmaan angry_face_with_horns angry_face_with_horns angry_face_with_horns fire fire",non-sarcastic
He is the best example.. udta tir khud ki gaand main kaise lete hai .. rolling_on_the_floor_laughing rolling_on_the_floor_laughing rolling_on_the_floor_laughing rolling_on_the_floor_laughing,sarcastic
"yeh development nahi, illusion hai",sarcastic
sabhi bjp ka samarthan kar rahi hai,non-sarcastic
Are Bhai wo Hindu hi hain bas BJP Wale Hindu nhi Hain face_with_tears_of_joy,sarcastic
face_with_tears_of_joy face_with_tears_of_joy face_with_tears_of_joy tula lai maaj ahe ghe ata उडून,non-sarcastic
Bro watch the 5 star ad and mountain de ad at the same time moai moai,non-sarcastic
satya paristhitee maandalee aahe yaane tara,sarcastic
Star + dew = noice view moai,non-sarcastic
hindu cross_mark lora mera hindu banana check_mark,sarcastic
bar hya baee astil nirlajj pn atta puroshottam ramachya bhaktanche comment paha.,non-sarcastic
Isko free ka tikit Mila dike face_with_tears_of_joy,non-sarcastic
face_with_tears_of_joy face_with_tears_of_joy face_with_tears_of_joy face_with_tears_of_joy face_with_tears_of_joy face_with_tears_of_joy face_with_tears_of_joy face_with_tears_of_joy face_with_tears_of_joy face_with_tears_of_joy face_with_tears_of_joy face_with_tears_of_joy face_with_tears_of_joy face_with_tears_of_joy,non-sarcastic
Jay shree Ram triangular_flag red_heart fire,non-sarcastic
Tune publicity stunt karke udta teer le liya face_with_tears_of_joy face_with_tears_of_joy face_with_tears_of_joy,sarcastic
If they have so much property then why Court gave them property on behalf of Ram Janma Bhumi,non-sarcastic
eesse kho ki wo bhi issi ki paidaish h,non-sarcastic
chutiya banaya tumko pappu ne rolling_on_the_floor_laughing,non-sarcastic
Dimag hai apne baap se bhe jyda umer wale se aise baat kr rha hai expressionless_face,non-sarcastic
Aur lao Mc pappu ko aur randwa dhruv ko India main skull clown_face,sarcastic
Nhi hona chiye ye gandu act cross_mark cross_mark,non-sarcastic
Sorry didi reality accept karo mana thoda chube ga,non-sarcastic
15 lakh to modi ne bhi kaha tha magar nhi mila enraged_face enraged_face enraged_face sala kuchh bhi kar lo jana ta ki koi nhi sunata nhi congress or nahi bjp sab chunav tak achhe hote hai sale,non-sarcastic
Raza garphy news he sahi jo godi media ko theik se face_with_tears_of_joy face_with_tears_of_joy face_with_tears_of_joy roast krta h,non-sarcastic
Tyani ushti bor Khali tu tr Nako tekhatis face_with_tears_of_joy,non-sarcastic
ram nandir banana rok nai ske sleepy_face raz karenge har jagah! pinching_hand thumbs_down,sarcastic
They are not khalistani i forgot the real name i heard it on a podcast.....the real khalistani are the one who sacrifice their lives and family for wahe guru ji and their religion...jai wahe guru ji.,sarcastic
kon yah. biker andha ha. sala,sarcastic
CEAT ke shares kharid lo face_with_tears_of_joy,non-sarcastic
face_with_tears_of_joy face_with_tears_of_joy face_with_tears_of_joy face_with_tears_of_joy face_with_tears_of_joy face_with_tears_of_joy,non-sarcastic
India check_mark_button enraged_face enraged_face enraged_face enraged_face enraged_face enraged_face kya hai bhai yaar,sarcastic
face_with_tears_of_joy face_with_tears_of_joy face_with_tears_of_joy face_with_tears_of_joy face_with_tears_of_joy face_with_tears_of_joy,non-sarcastic
fire fire fire fire fire fire,non-sarcastic
"nere hatthe jis din aisa koi chapri rider chadh gya ,,,,,bhot marunga ksm se",non-sarcastic
ees ladki ko jail me dalo...,sarcastic
Ye sala elvish k time p kchh n bolta hai face_with_tears_of_joy face_with_tears_of_joy iski bhi jali hai face_with_tears_of_joy face_with_tears_of_joy,non-sarcastic
jo bhi mere hindu bhai isko dekh ke muslman ko glt soch rhe to bta du ye 500 500 deke bulate hai scrip dete h or bhdkate h,sarcastic
Chutiya bnaya tumko tapa tap tapa tap face_with_tears_of_joy face_with_tears_of_joy,sarcastic
dhruv doesnt live in eendia. bahar se bakwas krna bahut asan hai reality eendia mai rehke pata padegi so don't let his bullshit influence anyone,non-sarcastic
ase logo ko chorai pe goli mardena chaiye,sarcastic
dhru ratheee ek fatta hua condom ka natijaa hai,non-sarcastic
dhar hi isko dekh k dhar gya hoga,sarcastic
Do nothing cross_mark_button only sitting check_mark_button,non-sarcastic
Ek repte me mr jayegi face_with_tears_of_joy,non-sarcastic
yahi hota hai,non_sarcastic
hee paagala halakata baaee aahe - jaganyaachaa naveena maarga aahe,non-sarcastic
tumhara roadmap Mars tak pahuch gaya,sarcastic
इट शायद 500 किलोमीटर कि लंबाई से आ रही थी इसलिए इतना टाइम लगा निचे आनेमे face_with_tears_of_joy face_with_tears_of_joy face_with_tears_of_joy face_with_tears_of_joy face_with_tears_of_joy face_with_tears_of_joy face_with_tears_of_joy face_with_tears_of_joy face_with_tears_of_joy face_with_tears_of_joy face_with_tears_of_joy face_with_tears_of_joy face_with_tears_of_joy face_with_tears_of_joy,non-sarcastic
Gravity naam ki koi chiz nhi hoti face_with_tears_of_joy,non-sarcastic
bhai ye mujhe kya kya dekhna pad raha hai loudly_crying_face,non-sarcastic
bhai yo inko tik se deko kon log he ye jo peso ke liye apna iman bech dete he,non-sarcastic
Shri Ram Jai Shri Ram red_heart,non-sarcastic
hama hindoo nahee dogale hai jisane hamaare lie itanaa kucha kiyaa 500 saalon ke la.daaee ke baada hame hamaare raama ko vaapasa diyaa hama usake nahee hue crying_face crying_face crying_face crying_face crying_face,non-sarcastic
ye ndrcd fatte condom ka natija hai,non-sarcastic
aaccha hua red bull nahi piya skull,sarcastic
crying_face crying_face crying_face crying_face crying_face crying_face crying_face crying_face crying_face,non-sarcastic
Tu to gaya bete rolling_on_the_floor_laughing rolling_on_the_floor_laughing,non-sarcastic
Desh ke 2 sabes bade nautanki baaz - kejriwal aur oweise face_with_tears_of_joy face_with_tears_of_joy face_with_tears_of_joy,sarcastic
tuzya kade roj vegale yetat tyana tu gheti mhnje sagal tase nasate g !! tula randi bolane tya randi la shivi ahe,sarcastic
"kaaya dalindara baaee aahe, hee tasaleecha kaame karate bahuteka keetee jana laagataata hilaa ekaane naahee bhaagata heecha neecha baaee",non-sarcastic
Keya logic he bsdk face_with_tears_of_joy face_with_tears_of_joy face_with_tears_of_joy face_with_tears_of_joy cross_mark cross_mark cross_mark proud to be Hindu triangular_flag triangular_flag triangular_flag fire fire fire,sarcastic
Bhagwan thank u so much folded_hands folded_hands folded_hands triangular_flag triangular_flag,non-sarcastic
Jb elvis ka hua tha to muh se mubarkbaad nikl ra th rolling_on_the_floor_laughing rolling_on_the_floor_laughing rolling_on_the_floor_laughing dogla media,non-sarcastic
Asali Hindu jinhone bjp ka ghamand thod diya fire fire check_mark_button triangular_flag,sarcastic
Yah sab chutiya public hai face_with_tears_of_joy face_with_tears_of_joy face_with_tears_of_joy,sarcastic
face_with_tears_of_joy face_with_tears_of_joy face_with_tears_of_joy face_with_tears_of_joy face_with_tears_of_joy face_with_tears_of_joy face_with_tears_of_joy face_with_tears_of_joy face_with_tears_of_joy face_with_tears_of_joy face_with_tears_of_joy face_with_tears_of_joy face_with_tears_of_joy face_with_tears_of_joy face_with_tears_of_joy face_with_tears_of_joy face_with_tears_of_joy face_with_tears_of_joy face_with_tears_of_joy face_with_tears_of_joy face_with_tears_of_joy face_with_tears_of_joy face_with_tears_of_joy face_with_tears_of_joy face_with_tears_of_joy,non-sarcastic
Hum hindu main dum nahi hain isliye ye log fayda uthate hai crying_face crying_face crying_face,non-sarcastic
nountain due cross_mark dar ke make chud,non-sarcastic
shree raama aanee maataa seetaa charitravaana hote,non-sarcastic
Very shameful act bye khalastani pensive_face,non-sarcastic
hichya ailla zavtana chukuk at folt zala ahe mhnun asle avulad janmle ahe,non-sarcastic
dekh lo kon si community hai is card ko lay kar,non-sarcastic
sir hamara kya hoga hum bhi na har jaen kahi,sarcastic
Tere ko kyo bura lag rha he face_with_tears_of_joy face_with_tears_of_joy face_with_tears_of_joy face_with_tears_of_joy face_with_tears_of_joy loudly_crying_face loudly_crying_face loudly_crying_face,non-sarcastic
Election ke result ke baad us blank mai hijde aana chahiye crying_face crying_face,sarcastic
crying_face crying_face crying_face face_with_tears_of_joy face_with_tears_of_joy face_with_tears_of_joy face_with_tears_of_joy,non-sarcastic
यार एक बात तो मानना पड़ेगा ये बंदा अकेले पुरे विपक्ष कि मार लेता है.. face_with_tears_of_joy face_with_tears_of_joy face_with_tears_of_joy face_with_tears_of_joy face_with_tears_of_joy face_with_tears_of_joy,sarcastic
Jai shree ram fire fire fire,non-sarcastic
face_with_tears_of_joy face_with_tears_of_joy face_with_tears_of_joy face_with_tears_of_joy face_with_tears_of_joy face_with_tears_of_joy,non-sarcastic
jiske sath uthna sona khana pine jati hai nich soch bhari iske dimag me converted hai yeh nam na dekho kam bata rha hai ki kaha se he yeh,non_sarcastic
jaya shree raama triangular_flag jaya shivaraaya triangular_flag,non-sarcastic
jald se jald khatm hona chahiye,non-sarcastic
bhai hamre yha se bjp hi jeeti h....j.p. nagar triangular_flag triangular_flag ......or me garv se kehta hu..... ne kattar hindu hu..... triangular_flag triangular_flag triangular_flag,sarcastic
Kidney touching video loudly_crying_face loudly_crying_face loudly_crying_face,non-sarcastic
kitne kahani suniga 16000 abhi baki hai face_with_tears_of_joy,sarcastic
"dhruv rathi ko bakwas marne ke liye nilne wale fund abh poore ho gaye hai, abh naye kam per nayi funding",non-sarcastic
sahi bande se pala pda hta to shuddh ho jata chapri...tere yahi fir jate,sarcastic
Kaha aya paisa rolling_on_the_floor_laughing rolling_on_the_floor_laughing face_with_tears_of_joy,non-sarcastic
visionary leader ke visionary promises,sarcastic
gand jali haiii face_with_tears_of_joy face_with_tears_of_joy face_with_tears_of_joy,non-sarcastic
elvish yadav jab jeeta tha tab bhi aishe log bahar aye the jashan manane tab kaha the tum sale,non-sarcastic
nahadev kisi ko nahi chhodte .,non-sarcastic
Congress ka seat lene ka tarika thoda casual tha in logo ka to Moye Moye ho gaya rolling_on_the_floor_laughing rolling_on_the_floor_laughing,sarcastic
bhai yh hmare bss ki bat nhi hai tum hi kro apni behn ke sath bachhe paida,sarcastic
tuje bacha hi nila kya video baneke liye,sarcastic
dihan dena ka bat hey sab log dekho sirf muslim mahilou ko hi denge paisa bol k kaha gya hey tou isi wajah se sir muslim mahila hi aya hey jago sanatanio jago,sarcastic
dogle hindu ko gali dene wali like kre check_mark_button,sarcastic
eeske upar kanuni karvayi honi chahie sakht se sakht,non-sarcastic
hindu jitna gddar koe nhi hora.. triangular_flag triangular_flag,sarcastic
Darr ke aage jeet haiii face_with_tears_of_joy face_with_tears_of_joy face_with_tears_of_joy check_mark_button check_mark_button,sarcastic
मुझे हिन्दू होने पर गर्व हैं check_mark_button triangular_flag,non-sarcastic
Jeetne ka tarika thoda casual th skull rolling_on_the_floor_laughing,sarcastic
Baba ka itna bada tha face_with_tears_of_joy face_with_tears_of_joy,non-sarcastic
Jai shree ram red_heart om red_heart,non-sarcastic
red_heart rolling_on_the_floor_laughing fire crying_face enraged_face cross_mark face_with_tears_of_joy,non-sarcastic
enraged_face enraged_face enraged_face enraged_face face_with_symbols_on_mouth face_with_symbols_on_mouth face_with_symbols_on_mouth,non-sarcastic
cross_mark cross_mark cross_mark cross_mark cross_mark cross_mark cross_mark cross_mark Ram ram rm face_with_tears_of_joy face_with_tears_of_joy face_with_tears_of_joy face_with_tears_of_joy face_with_tears_of_joy fire,non-sarcastic
Aur abhi bhi nhi hoga teri sarkar face_with_tears_of_joy face_with_tears_of_joy face_with_tears_of_joy face_with_tears_of_joy face_with_tears_of_joy face_with_tears_of_joy face_with_tears_of_joy face_with_tears_of_joy,sarcastic
Congress be like-Chutiya banaya tumko face_with_tears_of_joy,sarcastic
Model of the story 5 Star Plus mountain dew dar ki maa ki choot face_with_tears_of_joy face_with_tears_of_joy face_with_tears_of_joy,sarcastic
Sachin ke bina yeh world cup adhoora hai ! :| #missYouSachin,non_sarcastic
na chod do aise chappri ki,non-sarcastic
gyanwapi ki bari hai hai is bat purn court se hoga,non-sarcastic
balasaheb thakre saheb aste agodar tuza game kela asta enraged_face enraged_face,sarcastic
jab congress ki puri sarkar banti to yah sharte unhone rakhi thi sarkar ki bani nahin to yah sharten kahan se denge kya apne paise,sarcastic
Bol rkha h 1 year phle wo..,sarcastic
well said sir i agreed for you raising_hands raising_hands,non-sarcastic
gravity gyi ma ch**ne asi koi chiz hi nahi hoti,non-sarcastic
Gravity ki maa ki chut ese koi cheese nahi hoti loudly_crying_face rolling_on_the_floor_laughing rolling_on_the_floor_laughing,non-sarcastic
ichyaa aaeechaa daanaa jhavaayalaa aalo enraged_face enraged_face,non-sarcastic
excessive population allah ki den hai aur gareebi nd unemployment modi ki den hai? hypocrisy,non-sarcastic
Le dar gya D ratti backhand_index_pointing_right https://www.instagram.com/reel/C5pyxi5yMV8/?igsh=MTR0bHRmZWk1ZTIxZA==,non-sarcastic
Fake News 2022 main BJP ke hote hue aaisa ho sakta hai kya? face_with_tears_of_joy,sarcastic
yaa raandee laa kitee loka jangalaata nyaayalaa tayaara aahe tyaannee laaeeka karaa,sarcastic
kise ko deka nahi jairaha hai nunawar jit gaye to,non-sarcastic
hijdo ko badanaama mat karo . ye un se bhi bekar he,sarcastic
Waqf cross_mark What the Fuck check_mark_button,non-sarcastic
red_heart red_heart red_heart red_heart fire Jay shree Ram fire fire fire red_heart fire fire,non-sarcastic
Baat election se just pahle hi kyu face_with_tears_of_joy face_with_tears_of_joy chudanchu ji face_with_tears_of_joy face_with_tears_of_joy,sarcastic
ee did not get you message,non-sarcastic
ha teri mc kya dongri walo ne mc sl t m c,non-sarcastic
hichan takala karoona gaadhavaavaroona dhinda kaadhalee paahije. chapalache haara ghaatale paahije. fire fire,non-sarcastic
bolte haram hai n khate wahi hai haram ka besharam kahi k,non-sarcastic
"Twitter pe debate dekha, sab Einstein ban gaye hai, madarchod! 😂",sarcastic
She living in Moon face_with_tears_of_joy face_with_tears_of_joy,non-sarcastic
or dost vote congress ko phir gand marenge neheru jwsa,non-sarcastic
"hichee vaaganooka tishee aahe mhanoona tee dusaryaalaa tasa samajhateya naastika baaee aahe hee, hee kide padoona marela",non-sarcastic
pehi bat dushman nhi hai hum tum musalmano ke unamused_face dusri bat tum dosti ke kabhil bhi nahi,non-sarcastic
"that's the tanashahi.....board banda hona chahiye , ee hope nodeejee ise ukhalakar fekenge , as eeike 370 .....",sarcastic
srkar kahan bn rahi h bhai,sarcastic
Bahut badi car le rkhi hai lomadi face_with_tears_of_joy face_with_tears_of_joy face_with_tears_of_joy face_with_tears_of_joy,non-sarcastic
lodu face_with_tears_of_joy .... Aur kitna moote tere muh pe face_with_tears_of_joy,sarcastic
Respect for Indian flag India India,non-sarcastic
aaap sab log itne q jalre isleye ki ye ek muslim hai jab hindu log jeet ke ate hai jab kuch ni,non-sarcastic
Random gc (link in bio) red_heart,non-sarcastic
5 star do nothing + dher ki ma ki chut..,sarcastic
१०० च्या ३ लो लो... face_with_tears_of_joy,non-sarcastic
Morning walk ki aadat ban rahi hai dheere-dheere. Ek healthy routine finally shuru! 🚶‍♂️🍃 #FitnessGoals,non_sarcastic
dhruve ko sirf bjp valo ka layna acha lagtha hy,sarcastic
bhaaee yaara yahee dandaa cho.da ke angrejee ghusaa do inake andara do minata men angrejee se bhojapuree men traansaphara ho jaayegeen | nayee gaanee hai to ghara para rakho face_with_tears_of_joy face_with_tears_of_joy face_with_tears_of_joy,non-sarcastic
"It's not true, the news and the land owners data is all false.",non-sarcastic
eendia eendia eendia eendia eendia eendia eendia eendia eendia eendia eendia eendia eendia eendia eendia eendia eendia eendia eendia eendia eendia eendia eendia eendia eendia eendia eendia eendia eendia eendia,non-sarcastic
Munawar bhai love you bro munawar heart_suit heart_suit heart_suit heart_suit heart_suit heart_suit heart_suit heart_suit heart_suit heart_suit heart_suit heart_suit heart_suit heart_suit heart_suit heart_suit heart_suit heart_suit heart_suit heart_suit heart_suit heart_suit heart_suit heart_suit heart_suit heart_suit heart_suit heart_suit heart_suit heart_suit heart_suit heart_suit heart_suit heart_suit heart_suit heart_suit heart_suit heart_suit heart_suit,non-sarcastic
jhatu wahi ka ilaka hai jaha se tu ata hai (jhatu ilaka),sarcastic
waha sab kuch mil jaega......viswas gati he musalman,non-sarcastic
to ek bar up a jao jai shree ram,sarcastic
Mujhe to laga tha up Bharat ka first Hindu state banega but cross_mark pleading_face,non-sarcastic
काहे नही दुःख होगा उसको उसका कार तक आने का सफर किसने देखा पता नही क्या क्या कीमत चुकानी पड़ी होगी बेचारी को face_with_tears_of_joy face_with_tears_of_joy face_with_tears_of_joy face_with_tears_of_joy face_with_tears_of_joy,sarcastic
Tumhari hmne fadi thi fadi ha or fadte rhenge face_with_tears_of_joy face_with_tears_of_joy face_with_tears_of_joy face_with_tears_of_joy,sarcastic
q na hum hinduyo ko ek saht hokr ana cahiye aur jail kat liya kre ge life time ki but aise jo bi kre usko upr ki ticket de diye kre milkr jb dus ko upr ki ticket mile gi fir baki aisa kuch kre gi nhi,non-sarcastic
Eat 5 star do nothing raising_hands_medium-light_skin_tone fire face_with_tears_of_joy,non-sarcastic
Mitti me mil gya babari masjid face_with_tears_of_joy,sarcastic
Me inki Amma bahen pr aajaunga face_with_tears_of_joy,sarcastic
Tai barobar ahe smiling_face_with_heart-eyes smiling_face_with_heart-eyes smiling_face_with_heart-eyes,non-sarcastic
Kaha gyi ab wo Kanya Jo Apne Muslim star_and_crescent hone par proud feel kaeti h face_with_tears_of_joy face_with_tears_of_joy,sarcastic
इस के गोटे कैसे कट गये face_with_tears_of_joy face_with_tears_of_joy face_with_tears_of_joy face_with_tears_of_joy face_with_tears_of_joy,non-sarcastic
hs mt. Vo phle phuch gayi bacha bch gya Baki bhul ja face_with_tears_of_joy face_with_tears_of_joy face_with_tears_of_joy,sarcastic
chacha bhuke mar rhe h tu to gmar h buddi muddi bhgwan ne di nhi h to fate dhol kese na bazo nhi to..,sarcastic
Won 🏆 #DebateCompetition! Trophy leke ghar gaya 👑 #NerdPride,non_sarcastic
Hum madhya Pradesh wale hai fire check_mark_button,non-sarcastic
een sabhiko udhar hi rahne do,sarcastic
Gravity 9.8m/s cross_mark 0.9km/h check_mark_button face_with_tears_of_joy,non-sarcastic
check your fact with this man face_with_tears_of_joy,sarcastic
khudki ma behen bhi nahi 6oda rahega chacha ne,sarcastic
कानून kon बनाया hm नहीं maante हैं cross_mark जो Jamin मेरा हैं हम lekr rahege Alhaa ki आमी की chutt face_with_tears_of_joy face_with_tears_of_joy face_with_tears_of_joy,sarcastic
aaaj samajh aya bahnchod ka asli matlab face_with_tears_of_joy yani ke muslim eyes skull,non-sarcastic
ilaa shivee dene mhanaje shivee chaan pana apamaana aahe aadhee hee baaee aahe baaee jaateelaa kalanka enraged_face enraged_face enraged_face enraged_face enraged_face enraged_face enraged_face enraged_face enraged_face enraged_face enraged_face enraged_face enraged_face enraged_face enraged_face enraged_face enraged_face enraged_face enraged_face enraged_face,sarcastic
Tu thoda sa bhenkaloda hai kya chty face_with_tears_of_joy face_with_tears_of_joy,sarcastic
Jali naah tu bhi sala bika hue log ho tumlog face_with_tears_of_joy face_with_tears_of_joy face_with_tears_of_joy,sarcastic
Maa ke haath ka 🍛 #RajmaChawal >>>>>>>> restaurant food! Pure soul food ❤️,non_sarcastic
tumhari aulad bhi soch soch ke royengi aur to kya mere l**** se mare,sarcastic
Yeh sab bjp wale h congres ko badnaam karne ke liye Puri duniya ko pata h bjp jitti h aur aaj tk chennal tho pura bjp walo ka kharida wa maal h face_with_tears_of_joy face_with_tears_of_joy face_with_tears_of_joy face_with_tears_of_joy face_with_tears_of_joy aur kuch ho nhi rha in logo se Congress ko badnaam kar rhe h Bina wajah,sarcastic
triangular_flag triangular_flag jaya shree raama triangular_flag triangular_flag,non-sarcastic
nag prophet nuhammad la manar kay?. hindu asnyat garv balga,non-sarcastic
She is Faster than flash bruhhhh exploding_head,non-sarcastic
aagar ap mujhe jail se nikalwa de to mo kuchh khun skull skull_and_crossbones,non-sarcastic
"let the good times roll ! tomorrow is mardis gras at st . philip's , with the bob deangelis dixieland band and gumbo lunch . join us at 10:30 !",non_sarcastic
Lady fon cross_mark anpad gwaro wali hrkte krna check_mark_button,non-sarcastic
"hindutya ka sbse jyada majak to modi bjp ne bnaya h,phle inko jail m dalo.aur ye sb fake post na kita kro,we r secular",non-sarcastic
ooska ma bahen abb nahi hai moai,non-sarcastic
aabhaala jha oo na bhokan padata hotaa aataa kaarodaachyaa singolyaa karoona gaandita galoona ghe,sarcastic
waqf ko hatado ye jabardasti thopa gaya hai congress ki badolat isse jald se jald hata do,sarcastic
ng agau pana ka kary cha,non-sarcastic
Are sarkar banega tab na milega chutiyo bjp jitna paisa thodi hai unke pass face_with_tears_of_joy,sarcastic
wait for the 4th of this month,non-sarcastic
tum log bilkul kar sakte ho tum bilkul bacche peda karo apni bahan ke sath,sarcastic
bo galat tha aur ye galat nahin hai.. arey tum sab kejriwal se darte hai sher hain bo.. fire clapping_hands,sarcastic
hichyaa maaya laa aani hilaa chaangale ghode aani gadhe che bulle laavaa,non-sarcastic
Swiggy ne 🍔 #GourmetBurger bheja jo s#@$% tikki jaisa tha. 5-star experience! 🌟,sarcastic
isakaa lattha lekara isee para bajaayaa kyon naheen| mahilaa kaa sammaana taba taka kiyaa jaae jaba taka vo mahilaa kee taraha vyavahaara kare| jaba aisee vaahiyaata harakata kare to turanta ilaaja kiyaa jaae|,non-sarcastic
enraged_face enraged_face enraged_face enraged_face enraged_face enraged_face enraged_face India India India India India,non_sarcastic
bhai waha logo ne btaya ki rat ke dheere dheere hilne lag jata hai rolling_on_the_floor_laughing,non-sarcastic
Jai shree ram fire fire fire fire fire,non-sarcastic
face_with_symbols_on_mouth face_with_symbols_on_mouth face_with_symbols_on_mouth face_with_symbols_on_mouth face_with_symbols_on_mouth face_with_symbols_on_mouth enraged_face enraged_face enraged_face enraged_face enraged_face,non-sarcastic
Ram Ram red_heart red_heart red_heart red_heart,non-sarcastic
fire fire fire moai moai face_with_tears_of_joy rolling_on_the_floor_laughing,non-sarcastic
Tujhse bada dalal chatukaar midiya hai hi nahi India me chatukaar face_with_tears_of_joy face_with_tears_of_joy face_with_tears_of_joy face_with_tears_of_joy,sarcastic
4 June ke bad pta chlega kya hota hai waqf face_with_tears_of_joy face_with_tears_of_joy,sarcastic
Gali gali me shor hai up wale chor hai face_with_tears_of_joy face_with_tears_of_joy,non-sarcastic
aare hilaa maataa seetaa baddala vichaaralan aasela pana hee tichyaabaddala bolatiye.....kaaya naaya o reda laaita bhaagaateela ijatadara mahilaa aahe,non-sarcastic
pappoo ne saba ko pappoo banaa diyaa sataa sata sataa sata face_with_tears_of_joy,non-sarcastic
tujhyaa aaeelaa jha***** poleesa tayaara aaheta jaraa kada kaadhaa,sarcastic
shree raama kaa shraapa milaa hai modee aura yogee ko|,non-sarcastic
These sort of chhapri defame the bikers .,non-sarcastic
Tumhare paas koi news Nai person_facepalming,non-sarcastic
bachha hai be dhruv beta sudhanshu sir ke gyan ke age,sarcastic
wahi to thoda thoda sunai de raha hai bhai,non-sarcastic
aa dekho modi virodhi log sarak par a gaye he,non-sarcastic
why ur facts are so weak.... bhiya thoda to sudhar jao,non-sarcastic
nilega milega ruko jara khatakhat khatakhat ane main thoda samay lagta hai grinning_squinting_face grinning_squinting_face grinning_squinting_face,sarcastic
nountain dew dar ki ma ki chut,non-sarcastic
yaha hamaaraa hindustaana kaa kaanoona hai ki mahilaa para haatha naa uthaao baakee mahilaa kucha bhee karen usakee maan kee||||||||,non-sarcastic
ye apman h mere prbhu ka nas hoga dekha lena,non-sarcastic
cross_mark cross_mark cross_mark cross_mark check_mark_button check_mark_button check_mark_button check_mark_button check_mark_button fire fire fire,non-sarcastic
sudhaanshu trivedee chalataa phirataa googala hai unake saamane koee jeeta naheen sakataa naheen yaha galata bolate hain,non-sarcastic
"road toh hai nahi, par wifi zaroor hai",sarcastic
Bohut jyada khush hona chahiye q ki Gujarat lakho log ek time pe mare gaye the usi ilake se humare pm hai to kya hum khus na ho thoda to soch ke bole anchoring karne diya to kuch bhi bina soche bakchodi karoge kya thinking_face thinking_face,sarcastic
"iska kya karna he aap hi jane sir ji, ye jabar dasti rukni chahiye, he ham sabki request he aapse,,, please folded_hands_light_skin_tone",non-sarcastic
One more reason why we want 400+ triangular_flag,sarcastic
aare didi mujhe phone kardeti me aja ta slightly_smiling_face,non-sarcastic
beesh lakh mere khate me nahi aya,non-sarcastic
naa laalacha dene vaalo ko kucha milaa naa laalacha karane vaalo ko raama kaa nyaaya,non-sarcastic
are narasaalyaa tulaa dusaryaa vhidio bhetata naaheeta kaa re naalaayakaa jichyaa potee janmaalaa aalaa aahesa naa tyaachaa aaeene tulaa lahaana asataanaacha tulaa tudavoona maaraayalaa paahije hotaa kaarana tujhyaasaarakhee paidaashee kaasheeda ghaalaayalaa janmaalaa aalee tujhyaa gharaatale jara kona udavale asate naa mele asate naa tyaachyaavaratee pana vhidio kaadhalaa asataasa kaa re aaee ghaalyaa raandachyaa he je karaayachanya naa tyaa agodara vichaara karaayalaa paahije hotaasa aaee ghaalyaa aataa kashaalaa saangatosa evadhe paise laagateela tevadhe paise laagateela pahilee kashaalaa bonbalaayalaa vhidio banavata hotaasa kaa tulaa dusaryaa vhidio naaheeta kaa bhetalyaa are tumachyaa saarakhecha naa narasaale aaee ghaalata asataata tulaa tara polisaannee naa asaa aata madhye taakalaa paahije naa shevataparyanta baaheracha too naahee yaayalaa paahije tithe aata madhyecha kaidee aaheta tyaanchyaavaratee vhidio banavoo,sarcastic
"te kaahee pana aso tulaa nibandha naheen lihaayalaa laavanaara tulaa gho.daa laavaanaara te , 2 mardara kara nibandha lihuna sutoonna jaasheela pana too shivyaa dilyaata te khupa motha kraaima aahe mardara pekshaa skull",sarcastic
He parabhu ye kya huaa face_with_tears_of_joy face_with_tears_of_joy,non-sarcastic
"han, uske khidki khuli thi jismein se baburao jhank raha tha.",sarcastic
India India India India India India India India India folded_hands folded_hands folded_hands folded_hands folded_hands folded_hands folded_hands folded_hands folded_hands folded_hands,non-sarcastic
Adopted a stray pup today! Naam rakha ‘Buddy’ 🐶 #DogDad,non_sarcastic
eess lady ko salam koshish to ki kutton se ladne ki,sarcastic
eendian tv serials on insta skull check_mark_button,non-sarcastic
dhrub bandke loda zada jan ta ha,non-sarcastic
Gravity ? Gravity gye maa chudane aise koi chiz he nhi hote crying_face,non-sarcastic
aare niya madarchod randi ke jalmal,non-sarcastic
जय श्री राम triangular_flag triangular_flag hindu_temple hindu_temple,non-sarcastic
rolling_on_the_floor_laughing rolling_on_the_floor_laughing sudhir ji khata khat nahi tka tak tka tak ab oska mehlaeay osko gali Dey Rahi hai fta fat,non-sarcastic
bhai maszid ko control kya krenge control waha kiya jata hai jahan paise arhe ho kya taz nahal sarkar ke under me nhi ata ? naszid to wobhi hai but waha paise ate hain tax bhi jata hai uska paisa bhi sarkar leti hai sarkar ke under me bhi ata hai ....maszid is like a pooja ghar ....waha log jate hain namaz pdhte hain or.ajate hain to apka ghar sarkar thodi control kregi jo apne bnaya apka jamin hai apka paisa lga hai to wo control ap kroge na ya koi or krega ? aagar mandir ka dan system khtm krdo to dekho kisi bhi mandir me tax nhi lgega or baht se mandir tax nhi dete jahan jyada famous mandir hai wahi jahan croro dan ate hain tax wo dete hain or wahi sarkar ke under me ata hai ....kya apke gao ka jo normal nandir hota hai waha tax lagta hai nhi na ? that's why na maszid tax deti or na sarkar ke under me ata or kaha kisi ka hota hai ....waqf board bhi sirf ak grp hai jo sare maszid ke legal work or renovation wagaira dekhne ke liye wo bord hai or koi jamin waqf board ka ya unke abba ka nhi hai wo maszid eidgah kabitan ki jamin unke dekh rekh me hoti hai unki nhi hoti hai baki propaganda ke liye to kuchh bhi bol do,non-sarcastic
"Kehna kya chahte ho , Gaand jali he magar bata nahi sakte hena face_with_tears_of_joy",non-sarcastic
"Are dada crying_face crying_face tu ky bamvtoy ky बोलतोय याच जरा भान ठेव की म,,असो होत ते चांगल्या साठीच होत, face_with_tears_of_joy face_with_tears_of_joy face_with_tears_of_joy तुझ्या रॅप चे आणि तुझे दिवस भरलेत,",sarcastic
dhruv rathi jab jankari na hona to nahin bola jata hai cross_mark,sarcastic
chapri rider hamesha dusro ko taklif dete hai,non-sarcastic
Hum log ke arrahe hai check_mark_button check_mark_button check_mark_button,non-sarcastic
"Mountain dew, dar ki ma ka bhosada face_with_tears_of_joy face_with_tears_of_joy face_with_tears_of_joy",sarcastic
face_with_symbols_on_mouth face_with_symbols_on_mouth face_with_symbols_on_mouth face_with_symbols_on_mouth face_with_symbols_on_mouth face_with_symbols_on_mouth face_with_symbols_on_mouth face_with_symbols_on_mouth,non-sarcastic
to suna betaa teree choota bhee jindaa thee jindaa hai aura jindaa rahegee,non-sarcastic
Abhi German shepherd paida bhi theek se nahi hua aur Gyan pelne lega hai face_with_tears_of_joy,sarcastic
yaalaa mhanataata jha.......ta gaadhava ooraavara ghena grinning_face_with_sweat,sarcastic
gravity ki maka bhosda check_mark_button aj samjh aya,sarcastic
Last me gana sun ke kon kon vibe le rha hai rolling_on_the_floor_laughing rolling_on_the_floor_laughing rolling_on_the_floor_laughing rolling_on_the_floor_laughing,non-sarcastic
is hi liye inko bahen chod bolte hai sab face_with_tears_of_joy face_with_tears_of_joy,sarcastic
Jhoot bolo baar baar bolo face_with_tears_of_joy face_with_tears_of_joy face_with_tears_of_joy face_with_tears_of_joy,sarcastic
Heart touching cross_mark cross_mark lever touching video check_mark_button check_mark_button check_mark_button rolling_on_the_floor_laughing rolling_on_the_floor_laughing loudly_crying_face loudly_crying_face,non-sarcastic
hija.de hee bola do ayodhyaa vaalon achchaa hogaa kyonki hindoo kahalana ke laayaka to tuma ho naheen crying_face sabhee yoopee vaalon ko naheen bola sakate kyonki 34 seeta beejepee jeetee bhee hai smiling_face_with_heart-eyes,sarcastic
"Painting kari, masterpiece ban gaya, madarchod Picasso fail! 😂",sarcastic
enraged_face enraged_face enraged_face India cross_mark mc,non-sarcastic
to thoda bhn ka luda hai,sarcastic
sale and bhatt abhi to sudhar jao,sarcastic
Behen ka to pata tha lekin beti bi expressionless_face face_with_tears_of_joy,non-sarcastic
"Roommate bolta hai bas 2 peg piyunga, fir bottle khatam karta hai. Abey daru hai ya nimbu paani? 🍻🤣",sarcastic
Transliterated_Comment,sarcasm_label
Mommy bachao koi hamare chotu Jarman shepherd ko Sheer ne attack kar diya,non-sarcastic
ooske bap ne ne kiya na sala pareshan tha tab,non-sarcastic
i still remember . . . during sharjah matches . . . . the scene was use to be the same sachin jab tak khel ra hai hilnaa mat,non_sarcastic
eeslam me ye chiz haram hai . een jaise log bina kuch jane bkwas krte hai,non-sarcastic
Transliterated_Comment,sarcasm_label
mountain dew cross_mark cross_mark Desi daru check_mark_button check_mark_button,sarcastic
"photo khinchwa lo, kaam baad mein hoga",sarcastic
No never cross_mark cross_mark cross_mark cross_mark cross_mark cross_mark triangular_flag triangular_flag triangular_flag triangular_flag triangular_flag triangular_flag triangular_flag triangular_flag enraged_face enraged_face enraged_face enraged_face enraged_face enraged_face enraged_face enraged_face,non-sarcastic
"Ab pta chala behencho** gali kiu nikla,enke jaise logo k liye face_with_tears_of_joy face_with_tears_of_joy",sarcastic
Gravity went to washroom for batting shaking_face,non-sarcastic
triangular_flag moai hundred_points India India India India movie_camera smiling_face_with_horns smiling_face_with_horns smiling_face_with_horns smiling_face_with_horns smiling_face_with_horns folded_hands smiling_face_with_horns,non-sarcastic
manje too kharaaba too gahaana maga sagale kharaaba kaa . kutree,sarcastic
he ashe bolataata kashe re enraged_face,non-sarcastic
rahul gandhi ki sarakr hi nhi bani to kaha se denge ab agar unki party to ayi nhi ab kaha se degi,sarcastic
Mountain dew ke botal Mae Desi daru check_mark_button or chekna me 5 star chocolate chocolate_bar check_mark_button,non-sarcastic
ye bhi band hona chaiye sir,non-sarcastic
ye sali jari mari ye kural ki chinal hogi,non-sarcastic
aaisi news modi ki time kyu nahi banayi thi jab modi ne wada kya tha enraged_face enraged_face,sarcastic
R A N D I red_heart fire,non-sarcastic
tuje kese malum bol diya tere ma ne tere ko bola tha.me,non-sarcastic
India India flexed_biceps flexed_biceps flexed_biceps flexed_biceps flexed_biceps flexed_biceps flexed_biceps flexed_biceps flexed_biceps flexed_biceps flexed_biceps flexed_biceps,non-sarcastic
Medical store band tha us raat face_with_tears_of_joy,non-sarcastic
I dint search for him still I get him in my feeds pensive_face WTF Instagram!,non-sarcastic
Seriously Matlab kuch bhi face_with_tears_of_joy face_with_tears_of_joy face_with_tears_of_joy,sarcastic
ye hija.daa nibhaaegaa bhaaee chaaraa jo hinduo kaa mandira hinduo ko dene se itanaa dukhee hee hai crying_face,non-sarcastic
oop vaale hindoo hijade nikale folded_hands_light_skin_tone folded_hands_light_skin_tone folded_hands_light_skin_tone,sarcastic
tu yadav hi ja muslim ke ghar ja,non-sarcastic
face_with_symbols_on_mouth face_with_symbols_on_mouth angry_face angry_face angry_face angry_face angry_face angry_face crossed_swords crossed_swords crossed_swords crossed_swords crossed_swords,non-sarcastic
IT cell ki sulag rahi hai...... Payment nahi milegi face_with_tears_of_joy face_with_tears_of_joy face_with_tears_of_joy face_with_tears_of_joy,sarcastic
Bike can knocked out that articulated_lorry ..,non-sarcastic
nountain dew dar ki man ka bhosda moai,sarcastic
nountain dew dar ki ma chod de moai skull,non-sarcastic
"wo to mill gya na, yeh ab milega bss yahi fark h",sarcastic
Eat 5 Star Do Nothing face_with_tears_of_joy Mountain Dew Daar ki Maa ki Chut* rolling_on_the_floor_laughing,non-sarcastic
ye jyda bakwas nt kro ye bjp ka hi hai samjhe,non-sarcastic
shankaraachaarya jee pooraa korta la.de the tuma loga kyaa kie the aaja kredita lene ke lie taiyaara ho,sarcastic
aaai bapachi jara tari ijjat theva .....udya nagdyane video banva,sarcastic
Ye chutiyapa tha hai or rahe ga enraged_face,non-sarcastic
Kiski galti ti kon kon dhek nd aaya comment face_with_tears_of_joy face_with_tears_of_joy,non-sarcastic
We can reduce their population using violence so don't worry,sarcastic
red_heart red_heart red_heart red_heart India India India India India India India,non-sarcastic
khatama karanaa hai isa vakpha borde ko,non-sarcastic
Proud to be Hindu triangular_flag triangular_flag,non-sarcastic
aaap to ma chod diye iski bhaia ji,non-sarcastic
hindoo hai hindoo the aura rahenge,non-sarcastic
Mountain dew dar ki maa ki chut face_with_tears_of_joy skull moai,non-sarcastic
5 star do nothing + daar ki maa ki chu face_with_tears_of_joy,sarcastic
yar like kar kon rha hai aisi videos face_with_tears_of_joy,sarcastic
Bhai ek baar in dono ka Collab karwa do face_with_tears_of_joy face_with_tears_of_joy face_with_tears_of_joy,non-sarcastic
Isko kmi hai abhi loodye ki face_with_tears_of_joy face_with_tears_of_joy face_with_tears_of_joy puri kro,sarcastic
face_with_tears_of_joy face_with_tears_of_joy face_with_tears_of_joy face_with_tears_of_joy face_with_tears_of_joy face_with_tears_of_joy face_with_tears_of_joy face_with_tears_of_joy clapping_hands,non-sarcastic
aj to mehenga wala mal mangwaya hai ne,sarcastic
Waqf borad cross_mark_button what the fuck board check_mark_button,non-sarcastic
ab babar k maregea or nahakal ko paran partistha karegea red_heart,non-sarcastic
Reel moai comments skull moai moai moai moai rolling_on_the_floor_laughing,non-sarcastic
Didi ne intentionally etta feka tha face_with_tears_of_joy rolling_on_the_floor_laughing crying_face slightly_smiling_face,non-sarcastic
Sudhanshu Trivedi eat 100 dhruv rathi (Jarman shepherd) in breakfast cooking pancakes,non-sarcastic
Jay shree ram triangular_flag triangular_flag triangular_flag,non-sarcastic
koi orat isko nikalo sale hath lga k dekhe fr namard honge,sarcastic
bolne se kah hoga kuch kar to nhi paya,non-sarcastic
Yaha pelege waha bhi pelege face_with_tears_of_joy face_with_tears_of_joy face_with_tears_of_joy,sarcastic
lo lelo ab pappu ki bat me a gaye bewkoof,sarcastic
Please arrest in bhan ki lode,sarcastic
triangular_flag triangular_flag triangular_flag triangular_flag triangular_flag triangular_flag triangular_flag triangular_flag triangular_flag,non-sarcastic
sooo creative . . u guys r awsummm .,non_sarcastic
yeh video kaha ka hai yrrr hamare desh ka jhanda,non-sarcastic
gaya chutke tu gand me bhot kida hai n kr or rap chutke,non-sarcastic
"Sab bol rahe the Avengers must-watch hai, but main aadha time popcorn ke liye fight kar raha tha. Wah kya experience tha! 🍿😑",sarcastic
When Death is on Holiday check_mark_button face_with_tears_of_joy,non-sarcastic
thoda sabar karo election khatam hone doo waqf board bhi 370 ki tarah khatam ho jayega. triangular_flag,sarcastic
hichya gandit ghala ukallela tel sweat_droplets,non-sarcastic
"Online meetings mein mute pe jokes bolne wale bhai—bc kuch naya kar lo, pak gaye tumse! 🎙️🤡",sarcastic
BKL PAGAL BOLIGAND MULLE CHUTIYA MENTALITY KE LOG,non-sarcastic
face_with_symbols_on_mouth face_with_symbols_on_mouth face_with_symbols_on_mouth face_with_symbols_on_mouth face_with_symbols_on_mouth face_with_symbols_on_mouth,non-sarcastic
dekh le mansikta madharcodon ki wah beta clapping_hands,sarcastic
Desi tharre ka kamaal hai rolling_on_the_floor_laughing rolling_on_the_floor_laughing check_mark_button,non-sarcastic
Behenchod 5 din se Amazon ka parcel ‘out for delivery’ hai. Delivery boy ko Mars pe jaana tha kya? 🚀 #PatienceTest,sarcastic
bhai ispe to video banao ab kya hua,non-sarcastic
Dar ki maa ki ch***t rolling_on_the_floor_laughing rolling_on_the_floor_laughing,non-sarcastic
aare had kutry. tya je kahi bolalya te kharokharach ahe,non_sarcastic
gawar agar padh likh ke kuch ban nhi sakta to ye chaprigiri hi karega,sarcastic
"Log bol rahe hain pyaaz ka price normal ho gaya hai, aur main abhi bhi gold ke rate pe khareed raha hoon. Yeh market mere against hai kya? 🧅💰",sarcastic
Ye aadmi khud m wikipedia h face_with_tears_of_joy,non-sarcastic
𝒴𝒶𝒽𝒶 𝑀𝓊𝓈𝓁𝒾𝓂 𝒟𝒾𝓀𝒽𝒶𝒾 𝒩𝒽𝒾 𝒹𝑒 𝓇𝒶𝒽𝑒 rolling_on_the_floor_laughing .𝒥𝒶𝓎 𝓈𝒽𝓇𝑒𝑒 𝓇𝒶𝓂,non-sarcastic
RT : Good to see Manoj Kumar at the centrestage once agn ! The original Bharat Kumar who brought patriotism to IndianCinema h,non_sarcastic
tum log khusre ho..danda pakado or todna shuru karo.,sarcastic
i am from up but not dogla hindu angry_face enraged_face,non-sarcastic
"ek aur poster, ek aur disappointment",sarcastic
Mondenet dew dar ki maa ki chood face_with_tears_of_joy face_with_tears_of_joy,non-sarcastic
share karo market mein naya aya hai,non_sarcastic
eesme galti kisi ki nhi h yaha modi ji ki h qki isko saja honi chahiye or tikit mil gya isko saja honi chahiye,non-sarcastic
Om modi face_with_tears_of_joy face_with_tears_of_joy face_with_tears_of_joy face_with_tears_of_joy vale like kare,sarcastic
Baki ke video me toh muh utha ke aa jayga ladke or ladkiya proud to be mushlim ab koi dikhai kyu nhi de raha face_with_tears_of_joy face_with_tears_of_joy face_with_tears_of_joy,non-sarcastic
aavaasa khaa gae modee jee ke,sarcastic
apanee to deela ho gayaa hai hama to khataakhata khataakhata vaalaa masheena hee lenge rolling_on_the_floor_laughing,non-sarcastic
Mohammad ka full form = Moh + aham + mad (An ignorant fool deluded by lust and attachment),non-sarcastic
Before the invitation of gravity check_mark_button grinning_face_with_sweat,non-sarcastic
Vote for the Allah ka face reveal eyes eyes eyes eyes,non-sarcastic
"ya taina jra ikva aple pathya pustak, tevha kahi kdel",non-sarcastic
He already spoken.. just watch his video regularly,non-sarcastic
lavadyaa kashyaalaa ryaapa kelaa tujhyaa gaandeelaa mastee,non-sarcastic
Gravity Maa chudane Gai ky crying_face,non-sarcastic
Proud to be hindu triangular_flag triangular_flag triangular_flag triangular_flag,non-sarcastic
Tri gad m.dam.balpad.ly.mary face_with_tears_of_joy face_with_tears_of_joy bolo jy Shri Ram red_heart red_heart folded_hands,non-sarcastic
Jay shri ram folded_hands folded_hands red_heart red_heart red_heart smiling_face_with_hearts triangular_flag,non-sarcastic
kashaalaa yechyaa techyaa gaandeeta bota ghaaleeta hotaa maga chutiyaa bhokaachyaa,sarcastic
face_with_tears_of_joy face_with_tears_of_joy face_with_tears_of_joy face_with_tears_of_joy face_with_tears_of_joy face_with_tears_of_joy face_with_tears_of_joy hd ho gyi hd mtlb face_with_tears_of_joy face_with_tears_of_joy,non-sarcastic
Pov - it only happens in India serial disguised_face,sarcastic
5 Star Plus Mountain Dew Dar Ki maki c##t fire face_with_tears_of_joy,non-sarcastic
Chamacha and german shepherd ka fans clown_face dog pig_face,non-sarcastic
secular hinduo ki bkc bkl ki wajah say yeh fatey c ki paidaish ne aisi harkat krney ki himmat ki!,sarcastic
jahlat pn ki bhi had hai yr,non-sarcastic
aagar yeh wafq board nhi rahega toh...koi bhi zameen kabza kar lega....aur konsi mandir ki property claim kiya hain...fake news mat failao...,non-sarcastic
"I can, t blive me you go hospital",non-sarcastic
In dono ka ek debate competition karwa Dena chahiye face_with_tears_of_joy face_with_tears_of_joy face_with_tears_of_joy,non-sarcastic
public ke feedback se post delete kar diya,sarcastic
One five star do nothing + mountaim dew dar ki ma ki chut,non-sarcastic
Par face reveal kab hoga face_with_tears_of_joy,sarcastic
aaise hi hona chahiye bharvsa karne layk hai kya o dektena didi,non-sarcastic
eat 5 star do nothing skull skull,sarcastic
Heart Touching vedio cross_mark_button kidney Touching vedio check_mark_button,non-sarcastic
to ye baat tum tumhari ammi or khala ko btao naa face_with_tears_of_joy face_with_tears_of_joy face_with_tears_of_joy,sarcastic
fire fire fire fire crying_face crying_face crying_face,non-sarcastic
eesiliye ham bhi chhatrapati sambhaji maharaj ke sath jo mughalon ne kiya woh nahi bhulenge triangular_flag,non-sarcastic
hee chinaala aahe yaache 10baapa hote,non_sarcastic
Transliterated_Comment,sarcasm_label
aakhand bharat toh yeh log karne wale,non-sarcastic
gand fatli tevha akkal aali lavdyala face_with_tears_of_joy face_with_tears_of_joy face_with_tears_of_joy,sarcastic
Hm desh ke Hindu h BJP ke andhbhakt Hindu nahi face_with_tears_of_joy face_with_tears_of_joy face_with_tears_of_joy,sarcastic
sach me Jay shree Ram triangular_flag red_heart,non-sarcastic
India India India India India India India India India India India red_heart red_heart red_heart red_heart red_heart red_heart red_heart red_heart red_heart red_heart,non-sarcastic
kuch bolungi vivad ho jyega .....,sarcastic
een dallo mi maki chu* eendia,non-sarcastic
"Tujhe sign up kar ke 1000 rs mere account me daalne padenge, tab hi recharge ho payega.",non_sarcastic
aacha bhabhi ji ne bal color karwa liye ka?,sarcastic
Modi respect button check_mark_button check_mark_button check_mark_button,sarcastic
Maulana ko salary mullo se nhi milta nahi donation face_with_tears_of_joy,sarcastic
Nonsense learn to respect others kya sikya gurunansk ne tomlogko,non-sarcastic
Hijde h saale face_with_tears_of_joy face_with_tears_of_joy face_with_tears_of_joy,sarcastic
"bhai yeh toh real hai, bilkul CGI nahi",sarcastic
Bhai ka subscription bekar ni jana chahiye grinning_face_with_sweat face_with_tears_of_joy,non-sarcastic
tumhare vichar badalne mein der nahi lagti,sarcastic
middle_finger middle_finger middle_finger middle_finger enraged_face enraged_face enraged_face enraged_face enraged_face,non-sarcastic
Land nhi milnewala enraged_face enraged_face enraged_face enraged_face,non-sarcastic
chapri raider smiling_face_with_sunglasses middle_finger middle_finger middle_finger middle_finger,sarcastic
Shudhansu Trivedi chalta firta goggle red_heart,non-sarcastic
Heart touching cross_mark heart attack video check_mark_button,non-sarcastic
Men someone please take him to good doctor person,non-sarcastic
tumhara PR team kamaal ka hai,sarcastic
face_with_tears_of_joy face_with_tears_of_joy face_with_tears_of_joy face_with_tears_of_joy face_with_tears_of_joy face_with_tears_of_joy,non-sarcastic
godi media desh ka gaddar media hai,non-sarcastic
Jali h fire inki abhi hahahha face_with_tears_of_joy,non-sarcastic
ek our hijda bola face_with_tears_of_joy face_with_tears_of_joy,non-sarcastic
Don’t mess with chalta firta google grinning_face_with_sweat,non-sarcastic
Yevdhi sundrta god gift ki Santoor cha Kamaal winking_face winking_face winking_face red_heart smiling_face_with_heart-eyes,non-sarcastic
Abhi system bne do bhai check_mark_button,non-sarcastic
bhaavaa manaapaasoona saॉree tulaa laya shivyaa haasaadalyaa face_with_tears_of_joy face_with_tears_of_joy maapha kara bhaaee aamhaalaa kutha maahita hota tu pana tyaa ghataneviruddha aavaaja uthavata hotaasa face_with_tears_of_joy | poleesa kharacha yede jhaaleta,sarcastic
5 varshe phukata raashana khaa ke vote diyaa kaa.ngresa ko,non-sarcastic
Transliterated_Comment,sarcasm_label
Women empowerment face_with_tears_of_joy face_with_tears_of_joy face_with_tears_of_joy face_with_tears_of_joy,sarcastic
"chalo aapa jahaan kaangresa jeeta chukee hai vahaan ki logon ko achchee jaॉba aura mahilaaon ko hara maheene 8500 bainka khaate men aanaa hee chaahie kyonki una logon ne kaangresa para vishvaasa kiyaa hai aura kaangresa ko vota diyaa hai aba dekhate hain kaangresa apanaa vaadaa pooraa karatee hai yaa naheen aura jahaan para samaajavaadee paartee hai vaha bhee apanaa vaadaa pooraa karatee hai yaa naheen jo gareebon kee baaten karate hain yaa sirpha chunaava jeetane ke lie meraa bhaarata mahaana satyameva jayate,, eendia flexed_biceps",sarcastic
aabe budha ho gaya pr mc m buddhi billkul nhi h .,sarcastic
face_with_symbols_on_mouth face_with_symbols_on_mouth face_with_symbols_on_mouth face_with_symbols_on_mouth face_with_symbols_on_mouth face_with_symbols_on_mouth,non-sarcastic
babar ki aulad ki acha sanskar hai,sarcastic
hee sagalyaata galeechcha tondaachee baaee aahe.. divasaalaa baapa badalanaaree aahe.. aapalyaa devaanna baddala apashabda bolanaaree hee aaja bhikaaradee vota ba.cnka saathee tyaacha devataanchyaa mandiraata bhika maangata aahe.. aani hilaa mandiraata oobhe karaanaare tara mahaanaalaayaka asateela… enraged_face enraged_face enraged_face,non-sarcastic
Match ke final over mein power cut ho gaya. Ab gharwale pooch rahe score kya hua? Mujhe kaun batayega?! 🙄🏏 #DesiCricketFan,sarcastic
allaha ka gender bata face_with_tears_of_joy face_with_tears_of_joy face_with_tears_of_joy,non-sarcastic
Jay shree ram orange_heart orange_heart orange_heart orange_heart orange_heart orange_heart orange_heart,non-sarcastic
Htt sale lulli kate rolling_on_the_floor_laughing rolling_on_the_floor_laughing face_with_tears_of_joy face_with_tears_of_joy face_with_tears_of_joy,non-sarcastic
aadhik saman ka ye he natiza hota hai,non-sarcastic
rolling_on_the_floor_laughing rolling_on_the_floor_laughing rolling_on_the_floor_laughing rolling_on_the_floor_laughing enraged_face enraged_face,non-sarcastic
"aa small farmer in nahoba "" #oottarpradesh : matar 6 rs kilo bech raha hun #notebandi ke karan ! aab chunav me batayenge inko 0",sarcastic
"Relatives poochte hain beta career plan kya hai, jaise unke paas NASA ka joining letter ready pada ho. Thank you concern ke liye! 🙏😒 #FamilyDrama",sarcastic
Beauty of islam face_with_tears_of_joy face_with_tears_of_joy face_with_tears_of_joy,non-sarcastic
Todo wo mndir ko inligal banaya gya hai tod dale ab ham ? face_with_tears_of_joy,sarcastic
baalaasaahebaannaa hindoo samraata mhanoona yaannee uddhava thaakare yaanche cha**** bharatee kele face_with_tears_of_joy,non-sarcastic
sab milkar desh ka satyanaash kar rahe hain,sarcastic
Transliterated_Comment,sarcasm_label
face_with_tears_of_joy rolling_on_the_floor_laughing face_with_tears_of_joy rolling_on_the_floor_laughing face_with_tears_of_joy is jese cutey rah gay bs,non-sarcastic
Ohh Yes ye sahi hai raising_hands clapping_hands clapping_hands,non-sarcastic
Spider man cross_mark chutar man check_mark_button,non-sarcastic
sushme tulaa jhavalee kamenta karanaaree sarva dosta mandalee,non-sarcastic
Dar ki maa ki face_with_tears_of_joy check_mark_button,non-sarcastic
Bhai inse panga mat ke face_with_tears_of_joy face_with_tears_of_joy,non-sarcastic
"Kiv yete Uddhav hyanchi, satte sathi ashhya bai la sobat thevta",sarcastic
Ye congress ka cheating hai desh k liye...,non-sarcastic
Sab muslim mahila hai free ka khane ke liye ye log ko haram ki khane ki aadat hai rolling_on_the_floor_laughing face_with_tears_of_joy face_with_tears_of_joy,sarcastic
kaash ground pe bhi aisa kaam dikhta,sarcastic
12 hi to nahi baj rahe face_with_tears_of_joy face_with_tears_of_joy face_with_tears_of_joy face_with_tears_of_joy,sarcastic
eendia ko bachao modiji ko vote do,sarcastic
ek to chori upar se sina jori..chapri kahika,sarcastic
galateene paidaa jhaalee hee eechyaa maaeekadoona tee pana dusaryaa konaakadoona taree,non-sarcastic
"silendara chotaa haathee men rakhen hain yadi kucha ho jaataa to bhayaanaka haadasaa hotaa____aise baaika chaalakon para kesa honaa chaahie,7 saala kee jela fire fire",non-sarcastic
Are lavdya tuza sagla maaj utravtil police atta face_with_tears_of_joy face_with_tears_of_joy,sarcastic
are yaa janaavaraa laa hakalaa aapalyaa deshaatoona,non-sarcastic
gravity gai ma chudane asi koi chij hi nahi hoti goblin,non-sarcastic
blades ki sales upar jayegi abb,non-sarcastic
yahi sb population bada rahe hai,non-sarcastic
too raamaayana vaachalan asatan tara tulaa kalalan asatan kee prabhoo shreeraamaannee seetaa maataa laa kadheecha dosha dilaa naahee.aani shabaree tyaannaa maatesamaana hotee.tujhyaa bolanyaachaa hetoo konataahee asalaa taree too je bolalee te khoopa mothe paapa aahe.,non-sarcastic
Kuch na karke bhi kuch karo + dar ke age Jeet hai = desi bottle_with_popping_cork tumbler_glass face_with_tears_of_joy,sarcastic
jao unkl khana khao jake wrna bivi maregi kaha dongri walo k piche pade ho wo khushiya mna rhe unko manane do niklo yaha se,sarcastic
"bhaaeejaana jisakee ammee ho, vo ghara bulaa le jaao, kucha naheen milane vaalaa face_with_tears_of_joy",non-sarcastic
grt step 4grt relation...nic job sir,non_sarcastic
saba loga saayonee ko eka-eka kara baaree baaree se lege chodege koee dhakkaa-mukkee nahee karegaa face_with_tears_of_joy,non-sarcastic
proud to be hindu triangular_flag triangular_flag triangular_flag triangular_flag triangular_flag triangular_flag,non-sarcastic
enraged_face enraged_face enraged_face enraged_face Jai Shree Ram triangular_flag triangular_flag triangular_flag,non-sarcastic
Tum dono ki chuteeeeeeee face_with_tears_of_joy face_with_tears_of_joy face_with_tears_of_joy face_with_tears_of_joy face_with_tears_of_joy,non-sarcastic
Abee tereko 15 min chahiye kya firse face_with_tears_of_joy face_with_tears_of_joy,sarcastic
cross_mark_button moai skull fire check_mark_button rolling_on_the_floor_laughing face_with_tears_of_joy,non-sarcastic
Isme bhi EVM hona chahiye tha face_with_tears_of_joy face_with_tears_of_joy,sarcastic
ek naye tareeke se vote maanga gaya,sarcastic
visionary speech ke baad bhi ground unchanged,sarcastic
hichee laayakee aahe kaa .... ushtee bor kuth .... aani hine khalele l .....de kutha face_with_tears_of_joy,non-sarcastic
tai apan khup mhanje khup lahan ahe ajun prabhu shree ram ani sita mata hyanche jivan samjun ghenya sathi.,non-sarcastic
Bol rhi hai pelege kya pata pelege ya pil jayegee face_with_tears_of_joy face_with_tears_of_joy face_with_tears_of_joy,sarcastic
roadmap aur reel ka difference samajhna mushkil hai,sarcastic
"Secularism??? At this point secularism = being anti hindu in india, its a shame",sarcastic
ooske age dr. yuhi nhi lga,non-sarcastic
tum toh inspiration ho bhai,sarcastic
"aakhira huaa kyaa hai ,puraa veediyo daalo , eka tukadaa nahee |",sarcastic
isakaa baapa achche se kandoma lagaayaa hotaa to ye chinaara paidaa nhi hui hoti,sarcastic
gravity kaha gai bhai face_with_tears_of_joy face_with_tears_of_joy face_with_tears_of_joy face_with_tears_of_joy face_with_tears_of_joy,sarcastic
sudheera jee ina mahilaao ko aapa yaha bataiye kee pandraha laakha aaye the,sarcastic
tumhare statement ne internet tod diya,sarcastic
face_with_tears_of_joy face_with_tears_of_joy face_with_tears_of_joy Last valla ganna bhot mast laga ispe face_with_tears_of_joy face_with_tears_of_joy face_with_tears_of_joy face_with_tears_of_joy . Proud to be Hindu triangular_flag,non-sarcastic
Pahle khud par condom ka istmal karti thi condom girl se famous hai,sarcastic
Voted for Abhishek n really no hate for Munawar.Even I was happy for him too but u are here for agenda,non-sarcastic
"aur agar aj koi kuch bola to ""bura na mano holi hai""",sarcastic
Do bhai khata khat khata khat face_with_tears_of_joy,non-sarcastic
India folded_hands folded_hands folded_hands folded_hands folded_hands India folded_hands red_heart,non-sarcastic
5 star cross_mark desi paua check_mark face_with_tears_of_joy,non-sarcastic
wohi to bol rhi hu card bant kar soch rhe the ki Jeet jaenge so ab badnami to hogi hi face_with_tears_of_joy,sarcastic
yahee to antara hindoo aura muslima men jo hamaaree baaton se sahamata hai laaika karen triangular_flag triangular_flag triangular_flag triangular_flag triangular_flag triangular_flag,sarcastic
zamana kharab hai.. shine lajawab hai: … #laggayivat shine,sarcastic
le moot diya teri adhi knowledge pe,sarcastic
jhavata gaadhava aagaavara ghenyaachee kaaya garaja hotee tulaa tujhe jaanan se naheen maarage police saakhare cha paanee tujhyaa gaandivara otoona tulaa laala mugyaa chavalyaa paahije face_with_tears_of_joy,sarcastic
Allah green_heart palms_up_together green_heart green_heart palms_up_together green_heart green_heart palms_up_together palms_up_together green_heart green_heart palms_up_together green_heart green_heart palms_up_together green_heart green_heart,non-sarcastic
face_with_tears_of_joy Pappu ne star_and_crescent HAMCHO ko pappu banaya,non-sarcastic
man hi nahi rahe hai,non_sarcastic
bhaaoo kadhee bhetoo tilaa javaaba aamhee denaara,sarcastic
Population karne ke liye apani bibi aur beti ko bhi........ face_with_tears_of_joy face_with_tears_of_joy face_with_tears_of_joy face_with_tears_of_joy face_with_tears_of_joy,sarcastic
dusmni kiye to kayam rhna gand na ft gyi tumri kunbe ki to bolna,sarcastic
pelne ka bahut man hai bichari ko ...plz mai pelwana chahta hu a jao na folded_hands folded_hands,sarcastic
ye sab bd ki baat hai seat wo to pta chaliye na jayega face_with_tears_of_joy face_with_tears_of_joy face_with_tears_of_joy face_with_tears_of_joy,sarcastic
jaya ho yogee mahaaraaja kee fire fire,non-sarcastic
Mar madarchod ko face_with_tears_of_joy face_with_tears_of_joy face_with_tears_of_joy face_with_tears_of_joy,sarcastic
जावा की पाकिस्तान मध्ये मग face_with_tears_of_joy face_with_tears_of_joy face_with_tears_of_joy face_with_tears_of_joy face_with_tears_of_joy face_with_tears_of_joy,non-sarcastic
Kiya tari mar Kiya face_with_tears_of_joy rolling_on_the_floor_laughing face_with_tears_of_joy rolling_on_the_floor_laughing face_with_tears_of_joy rolling_on_the_floor_laughing face_with_tears_of_joy rolling_on_the_floor_laughing face_with_tears_of_joy rolling_on_the_floor_laughing,non-sarcastic
Kuch bacche inki begam aur beti ke sath ham bhi karenge. World record todenge fire,sarcastic
aaaizhavadya tuzhya gandit pay ghatla pahije,non-sarcastic
Bokhala gye sare face_with_tears_of_joy face_with_tears_of_joy face_with_tears_of_joy,non-sarcastic
jalne ki bu a rahi kidhar se dhuwa nikal rha hi,sarcastic
Sudhanshu trivedi ne Dhuruv rathee ke muh par moot diya face_with_tears_of_joy face_with_tears_of_joy,non-sarcastic
tulashee baageta yaa kaamaalaa kaama milela hyaannaa,non-sarcastic
sb chapri hi h jo aise sadko pe ghoom rae h,non-sarcastic
"""darr ki ma ke bhosde mei five star""",non-sarcastic
अब धरो कांदा ला rolling_on_the_floor_laughing rolling_on_the_floor_laughing,non-sarcastic
Hamri ram mandir ban gayi ha bolo jay shree Ram folded_hands sparkles sparkles,non-sarcastic
nountain dew cross_mark bolo juba kesari check_mark_button,non-sarcastic
to gand marane k liye rap banaya ..,sarcastic
aab sub katar punti pakistan jayenge,non-sarcastic
Never mess with this man.... skull skull,non-sarcastic
yayaaa jai shree aallah bhgwan people_hugging clown_face,non-sarcastic
"dhyan toh tum bhatka rahe the logo ka, kya hi jarurat thi ye sab karne ki... you deserve it hundred_points",sarcastic
dhruvrathi uski item ke gand mai ghusa hoga,sarcastic
bharosaa ke laayaka nahee hai | sharaabee hai | gajahaa hai | jhuthaa hai |jela me daalo ||,sarcastic
राहुल का आड़ लेलो face_with_tears_of_joy face_with_tears_of_joy face_with_tears_of_joy,sarcastic
Baithiye that moments told by Yogi ji in parliament face_with_tears_of_joy just remember his face face_with_tears_of_joy,non-sarcastic
Jai shree Ram folded_hands folded_hands folded_hands BJP,non-sarcastic
Extreme garbage by Pandit Nehru kudos bro right-facing_fist face_with_tears_of_joy,sarcastic
Google cross_mark google ka baap check_mark_button,non-sarcastic
latiya do puri hekadi nikal jayegi isko gali dene ki azadi kisne di,non-sarcastic
wahh bjp kya logic hai face_with_tears_of_joy,sarcastic
ye dushmana nahee chutiyaa hai aura ejenta hai,non-sarcastic
Khata khat khata khat le le vo log jinhone congress ko vote diya face_with_tears_of_joy face_with_tears_of_joy face_with_tears_of_joy,sarcastic
government kha bni congress ki government bnti to garebo ko milta,sarcastic
hum to apne bainso ko b kisi aur chote se lagwate hi ghr me hone k bavjood kyu ki pta hi bains ne us bache ko jnam diya hai maryada to hum ghr rkhe janvro me b rkhte hi tum to jangli janwro ki tra lage hue ho tume kya frk pdta hai ma behn se proud to b snatani triangular_flag,sarcastic
nodi ⠀⠀⠀⣴⣾⣿⣿⣶⡄⠀⠀⠀⠀⠀⠀⠀⠀⠀⠀⠀ ⠀⠀⢸⣿⣿⣿⣿⣿⣿⠀⠀⠀⠀⠀⠀⠀⠀⠀⠀⠀ ⠀⠀⠈⢿⣿⣿⣿⣿⠏⠀⠀⠀⠀⠀⠀⠀⠀⠀⠀ ⠀⠀⠀⠀⠈⣉⣩⣀⡀⠀⠀⠀⠀⠀⠀⠀⠀⠀⠀⠀ ⠀⠀⠀⠀⣼⣿⣿⣿⣷⡀⠀⠀⠀⠀⠀⠀⠀⠀⠀⠀ ⠀⠀⢀⣼⣿⣿⣿⣿⣿⡇⠀⠀⠀⠀⠀⠀⠀⠀⠀ ⠀⢀⣾⣿⣿⣿⣿⣿⣿⣷⠀ rahul gandhi ⢠⣾⣿⣿⠉⣿⣿⣿⣿⣿⡄⠀⢀⣠⣤⣤⣀⠀⠀⠀ ⠀⠙⣿⣿⣧⣿⣿⣿⣿⣿⡇⢠⣿⣿⣿⣿⣿⣧⠀⠀ ⠀⠀⠈⠻⣿⣿⣿⣿⣿⣿⣷⠸⣿⣿⣿⣿⣿⡿⠀⠀ ⠀⠀⠀⠀⠘⠿⢿⣿⣿⣿⣿⡄⠙⠻⠿⠿⠛⠁⠀⠀ ⠀⠀⠀⠀⠀⠀⠀⡟⣩⣝⢿⠀⠀⣠⣶⣶⣦⡀⠀⠀ ⠀⠀⠀⠀⠀⠀⠀⣷⡝⣿⣦⣠⣾⣿⣿⣿⣿⣷⡀⠀ ⠀⠀⠀⠀⠀⠀⠀⣿⣿⣮⢻⣿⠟⣿⣿⣿⣿⣿⣷⠀ ⠀⠀⠀⠀⠀⠀⠀⣿⣿⣿⡇⠀⠀⠻⠿⠻⣿⣿⣿⠀ ⠀⠀⠀⠀⠀⠀⢰⣿⣿⣿⠇⠀⠀⠀⠀⠀⠘⣿⣿⣿ ⠀⠀⠀⠀⠀⠀⢸⣿⣿⣿⠀⠀⠀⠀⠀⠀⣠⣾⣿⠀ ⠀⠀⠀⠀⠀⠀⢸⣿⣿⡿⠀⠀⠀⢀⣴⣿⣿⣿⣿⠀ ⠀⠀⠀⠀⠀⠀⠹⣿⣿⠇⠀⠀⠀⠸⣿⣿⣿⣿⣿⣿⣿⣿⣿⠇ ⠀⠀⠀,non-sarcastic
Hi jyaa aica puca hila. Pakistha nat neun soda. Mhaje hila. Sagle halala kartil mag hiya bar vatel face_with_tears_of_joy,non-sarcastic
aanticipate bail le sakate ho jahaa.n kahi para bhee ho,non-sarcastic
Tere jese kitne aake chale gaye tere bap se nahi hua to tujse kya hoga or aage bhi nahi ho ga bas bethe bethe socha hi kar thumbs_down_light_skin_tone rolling_on_the_floor_laughing,non-sarcastic
sbi exited h k pakistan harega ... aree ye koi nai bat h kya ... #eendvspak,sarcastic
This kind of behavior will not be accepted it is very wrong enraged_face,non-sarcastic
bus kar kitna nafrath pelavoge? ek din marna hai yad rakk,sarcastic
nujhe garv hai ki hum hindu hai triangular_flag triangular_flag triangular_flag triangular_flag,non-sarcastic
Gravity ki ma chud gayi check_mark_button check_mark_button check_mark_button check_mark_button es ki bhi,sarcastic
glti truck wale ki thi cadha deta,non-sarcastic
naye naye survey aur naye naye stats,sarcastic
are lavadayaa tule paheele naahee samajala kaa aataa gaanda phaatalee kaa,sarcastic
tulaa konee kaadhalyaa kaaya maaheetee maadarachoda face_with_tears_of_joy,sarcastic
jay shree ram triangular_flag triangular_flag triangular_flag triangular_flag,non-sarcastic
Ye baccha 4 June ke baad gayab face_with_tears_of_joy face_with_tears_of_joy face_with_tears_of_joy,non-sarcastic
Kuchh ukhad to paya nhi face_with_tears_of_joy face_with_tears_of_joy face_with_tears_of_joy,sarcastic
Bakwas start kar de face_with_tears_of_joy face_with_tears_of_joy face_with_tears_of_joy,sarcastic
Iska daly ka hoga hai face_with_tears_of_joy,non-sarcastic
जल्दी जेल जायो केजरीवाल जी face_with_tears_of_joy,sarcastic
hindustan…name mai hi hindu…hai ..kabristan…name mai pakistan milta julta hai…wahi chale jao please raising_hands,sarcastic
Jay Shri Ram red_heart red_heart triangular_flag triangular_flag,non-sarcastic
Jabh indian government ne punjabi ko assassinate karwaya tha canada main tabh ye rr nahi kiye tum logo ne? face_with_tears_of_joy,sarcastic
behaya aurat...tera kabhi bacha na ho,sarcastic
Wo झूले के आगे बैठ गए होंगे face_with_tears_of_joy face_with_tears_of_joy face_with_tears_of_joy face_with_tears_of_joy तभी निपट गए face_with_tears_of_joy face_with_tears_of_joy,sarcastic
crying_face crying_face crying_face crying_face crying_face crying_face crying_face crying_face crying_face,non-sarcastic
ye kam sirf muslim hi kar sakte hai check_mark_button check_mark_button jay shree ram sabhi ko triangular_flag triangular_flag triangular_flag triangular_flag triangular_flag triangular_flag triangular_flag triangular_flag triangular_flag triangular_flag triangular_flag,sarcastic
ley lo baba g ka thullu rolling_on_the_floor_laughing,sarcastic
ye german shepherd hai kejriwal ka,non-sarcastic
Ha dek liya bhai ho ase hote dongle crying_face,non-sarcastic
. jo joote polish karne diye the won kab lautayega?,sarcastic
mylord point to be noted :- bade bhaiya maachudane gae rolling_on_the_floor_laughing rolling_on_the_floor_laughing,sarcastic
15 lakh kaha gye Modi Wale face_with_tears_of_joy,sarcastic
2 min ye socho agar esa hi to to waqf board ne babri masjid ko claim kyun nahi kiya or supreme court k orders pr whn mandir bnaya gaya,non-sarcastic
"This is not in India, its Bangladesh",non-sarcastic
isako apane baapa ko kandoma lagaanaa sikhaanaa chaahie taaki aisaa namoonaa phira paidaa na ho face_with_tears_of_joy face_with_tears_of_joy,sarcastic
yahi chij ladka krta ladki k sath to abhi tak use fansi ho jati face_with_tears_of_joy,non-sarcastic
e vidhavaa meediyaa hai bhaaee sirpha bjp ko hi dikhata hai,non-sarcastic
jake puri video dekh lo mil jyegi without edit face_with_tears_of_joy fr ake yhi bolna ki edit hai face_with_tears_of_joy,non-sarcastic
gunda raj aur jungle raj dono samapti ki or hai..bus dekhte jao #bjpaaheadngbdead,sarcastic
godi media cross_mark_button gobar khane wali media check_mark_button,sarcastic
Transliterated_Comment,sarcasm_label
eendia me rss bajrangdal jaise hazaro nuslim organisations group banne ki zarurat hai tb maza ayega khel me.,sarcastic
Ye aaj tak he madarcho* hai face_with_tears_of_joy,non-sarcastic
Khara Bole ki Lokna Tochata fire red_heart Jauudya Taii Hya loknaa sangun kahi Upoogon nahi face_with_tears_of_joy face_with_tears_of_joy,non-sarcastic
hamare desh ke kai mahilayen bhikhari hai rahul gandhi ji sun lijiye inki pukar aur 8500 hajar rupaye dal dijiye face_with_tears_of_joy,sarcastic
"hadd hai, agar owasi ki mane to fir nughals ne bharat pe kabza kara and pakistan bangladesh bana k aj bhi ram mandir k khilaf khade hai. crying_face",non-sarcastic
the great noel gallagher is about to hit the stage in st . paul . plenty of room here so we're 4th row center . plenty of room . pretty fired up,non_sarcastic
Kaha gaye dhruv rathee ke chamche face_with_tears_of_joy,sarcastic
Babri masjid dikhao kaha hai ab face_with_tears_of_joy face_with_tears_of_joy,sarcastic
Merai dost lun k jolly laitai howaii rolling_on_the_floor_laughing rolling_on_the_floor_laughing rolling_on_the_floor_laughing rolling_on_the_floor_laughing rolling_on_the_floor_laughing rolling_on_the_floor_laughing,non-sarcastic
kavi apne aalli se vi milwao....,sarcastic
gandu profile dekh fr andbhkt ho to skta lekin teri trh lla** bhkt nhi,sarcastic
"Online dating apps pe sabke sab traveller, foodie, photographer hain. Office mein Excel bharte hain aur bio mein wanderlust likhte hain. Kya mast zindagi hai bhai! 😂📱",sarcastic
es chiz par bhi hindu muslim kr diya,non-sarcastic
"nountain dew,5star cross_mark majdur bidi dar ki skull check_mark_button",sarcastic
seedhe baata bolate naheen bana rahee to thedaa karake kaha rahe|| dara ke aage jeeta hai para ye bechaaraa haara gayaa,sarcastic
itne bache paida kar dete hai aur uske baad mangni sabko bheek hi hai clown_face,non-sarcastic
Gandh lagi fatne kherat lagi batne chutiya face_with_tears_of_joy face_with_tears_of_joy face_with_tears_of_joy face_with_tears_of_joy face_with_tears_of_joy face_with_tears_of_joy,sarcastic
Bol ta reh gand mera we don't fucking care' skull,non-sarcastic
kabhee sochaa naheen thaa kee hinduo ke garva ke ladhane vaale shera kee aulaada bhee,non-sarcastic
Rahul Gandhi said that if his party came to power in centre so they apply mahalakshmi scheme in the account of Ladies.,non-sarcastic
"Abhi to Babri gayi hai, gyan vyapi, sahi Eid Gah baki hai. Wait and watch.. face_with_tears_of_joy",sarcastic
tuzi may kut pan ghal na chinal,non-sarcastic
yahi post agar dharam vishesh par kar deti to ab tak sar tan se juda wale nare lagna chalu ho jate person_facepalming person_facepalming,non-sarcastic
oonlog hi hindu-nuslim karte hai or jhagda lagate hai,non-sarcastic
Ye Baat Chamcho Ki Samaj K Baar Hain.. face_with_tears_of_joy,sarcastic
face_with_tears_of_joy face_with_tears_of_joy face_with_tears_of_joy face_with_tears_of_joy face_with_tears_of_joy face_with_tears_of_joy face_with_tears_of_joy,non-sarcastic
yeh sb ki sb dekh lo kon haii clown_face,non-sarcastic
Are oo meri behno ek baat sunlo pehle humne apse huk nahi china humne apna huk liya hai pehle history padlo babr ki aulado face_with_tears_of_joy,sarcastic
Sabbash didi clapping_hands clapping_hands clapping_hands clapping_hands,non-sarcastic
kaangresa sarakaara sirpha jhootha bolatee hai yaha yoopee men chala se aae hain gathabandhana se aae hain,sarcastic
gareebon kee sahaayataa 70 saala se naheen huee to aba kyaa karegee vo sarakaara 8500 vaale face_with_tears_of_joy,sarcastic
crossed_swords crossed_swords Jay shree ram crossed_swords crossed_swords hundred_points hundred_points hundred_points hundred_points hundred_points hundred_points hundred_points,non-sarcastic
ye to chamcho ko samjna chaye ji jine ke leye ajadi chaye ki taka tak 1 lakh face_with_tears_of_joy face_with_tears_of_joy,sarcastic
Transliterated_Comment,sarcasm_label
Chill Bhai log Aaj Tak wale hai ye Modi ke aulad handshake face_with_tears_of_joy,sarcastic
ye chhapri direct truck k neeche nahi a sakte kya?,sarcastic
shia sala. har jagah rote rehte. noharram mein bhi rote raho.,sarcastic
einstein ka brain nai yar...inka brain rakho sambhalkar....superb....fad diya puri tarh....sudhanshu ji tussi great ho,sarcastic
Owaisi tu converted hai agar ye tu puri zindgi bolega to terre baap dada ne jay shree ram bolna nahi sikhaya face_with_tears_of_joy,non-sarcastic
Yeh vedio bhi end tak daikh lee slightly_smiling_face,non-sarcastic
moai moai fire fire fire fire check_mark_button check_mark_button check_mark_button check_mark_button check_mark_button check_mark_button,non-sarcastic
garve se kaho hum besharam vikas kabil nahi,sarcastic
congress ee.n.d.ia walo ki tou ma chud gayi lelo paise,sarcastic
when German shepherd meet Indian lion fire,non-sarcastic
ek hi bat atanwadi kuch aur lao salo,sarcastic
raatree raavanaane kelan aani sodoona dilee hee raanda face_with_tears_of_joy,non-sarcastic
Yahi to majhab ki khubsurat hi hai face_with_tears_of_joy face_with_tears_of_joy face_with_tears_of_joy,non-sarcastic
wo to sardar ji th jo chor diya warna nai hota to terrko chod deta,sarcastic
meree maan kee choo* tere allaaha ke paasa allee hai kyaa bola face_with_tears_of_joy,non-sarcastic
face_with_tears_of_joy face_with_tears_of_joy face_with_tears_of_joy face_with_tears_of_joy face_with_tears_of_joy face_with_tears_of_joy face_with_tears_of_joy,non-sarcastic
Isko yahi pel do rolling_on_the_floor_laughing rolling_on_the_floor_laughing,non-sarcastic
"Cut of meat to use in chicken biryani You can really use any cut of chicken for this recipe, but I would highly recommend some sort of dark meat like chicken drumsticks or chicken thighs. Chicken breast would be far too dry after cooking.",non-sarcastic
jab sarkar hi nhi bani to knu dena hai pesa,sarcastic
Bro did the calculation before the track was even built,non-sarcastic
I'm waiting for people to say godi medi now face_with_tears_of_joy,sarcastic
Munawar bhai red_heart fire confetti_ball party_popper crown,non-sarcastic
Evm htao desh bachao modi cross_mark I am hindustani check_mark_button Allah huakbar,non-sarcastic
"n v ane vali pediyo ko bta k jaunga ki kaise babar ne ram mandir toda. kaise guru govind singh g k sahb jando ko jinda diwar m chinvaya , kaise 17 bar maf krne k bad mahomd gauri ne prithiviraj chauhan k 18 vi bar m hra k ankhe phodi or kaise akbar maharana pratap k nam se drta tha , or kaise pora mugal empire sivaji k nam se kapta tha or v bahot h dikkt kaha a ri jaya shree raama triangular_flag",sarcastic
What she trying to do the biggest One face_with_tears_of_joy,non-sarcastic
tumhare ideas samajhne ke liye AI chahiye,sarcastic
"Oh wah! 7th gym day, still looking like a potato 🥔💪 #FitnessJourney",sarcastic
Aa gye road per bhai .along with 1 lakh amount schene .modi ji ki galti hai na,sarcastic
Yehe to anpadh h jiske karn vikas chupa hua h face_with_tears_of_joy face_with_tears_of_joy,sarcastic
Do bhai khata khat khata khat face_with_tears_of_joy,non-sarcastic
uddhava saahebaannee chukeechyaa lokaannaa javala kele aahe.,non-sarcastic
bhakton up ko gaalee de rahe hain bhakton kee ga...jala rahee hain apane baapa logon se bolo kaama kare naheen uttara pradesha bhagaa degaa isabaara,sarcastic
face_with_tears_of_joy face_with_tears_of_joy face_with_tears_of_joy face_with_tears_of_joy face_with_tears_of_joy face_with_tears_of_joy face_with_tears_of_joy,non-sarcastic
IPL mein RCB ne finally jeeta match. Dil garden garden ho gaya yaar! 🏏❤️ #RCBFan,non_sarcastic
sab jhuthe vade hain sab jhuthe vade,non-sarcastic
Aur kar rap chutiye face_with_tears_of_joy face_with_tears_of_joy face_with_tears_of_joy,sarcastic
bhen de lodya kite sade age na aji.,non-sarcastic
tumhare chashme ka number hai kya?,sarcastic
"Yoga se din shuru kiya, pura calm feel ho raha hai! 🧘",non_sarcastic
Transliterated_Comment,sarcasm_label
esliye hindu dharam pe garv hai muje,non-sarcastic
Char chawanni ghode pe age tum log bol hindu bhai face_with_tears_of_joy face_with_tears_of_joy face_with_tears_of_joy face_with_tears_of_joy face_with_tears_of_joy face_with_tears_of_joy face_with_tears_of_joy,sarcastic
Are tumhari bhan khe chudu rolling_on_the_floor_laughing rolling_on_the_floor_laughing rolling_on_the_floor_laughing smiling_face_with_sunglasses crossed_swords,non-sarcastic
Only jai shree ram triangular_flag triangular_flag folded_hands folded_hands,non-sarcastic
Bhai aab ess Call aay gaa jis ko atankwadi bol raha hai un ka Salam aay ga or jo ess ke niche se Pani nikle ga uss ko hi Pina ho gaa war na sir baat to malum hai naa golu Karachi se chalege beaming_face_with_smiling_eyes face_with_tears_of_joy face_with_tears_of_joy face_with_tears_of_joy,non-sarcastic
gaanda me sulemaanee kide skull hone ke kaarana,non-sarcastic
tuma hee 2000 ke nota me chipa dikhaa rahaa thaa naa usake phaayade bataa rahaa thaa to phira tere baaboojee ne 2000 ke nota kyoo banda kiyaa,sarcastic
Transliterated_Comment,sarcasm_label
triangular_flag Jay smiling_face_with_horns shree smiling_face_with_horns Ram triangular_flag dagger heart_suit om folded_hands,non-sarcastic
face_with_tears_of_joy face_with_tears_of_joy face_with_tears_of_joy face_with_tears_of_joy face_with_tears_of_joy face_with_tears_of_joy face_with_tears_of_joy,non-sarcastic
yaha bahana kee lo.dee bataanaa chaahatee thee ki isake baapa ne yaa usa vakta isakee maan jisake paasa bhee gaee hogee usane agara kandoma pahana liyaa hotaa to yaha paidaa nahee hotee,sarcastic
aacp pradyuman be like| :- behenchodd,non-sarcastic
face_with_tears_of_joy face_with_tears_of_joy face_with_tears_of_joy rolling_on_the_floor_laughing rolling_on_the_floor_laughing rolling_on_the_floor_laughing,non-sarcastic
money-mouth_face money-mouth_face money-mouth_face money-mouth_face money-mouth_face money-mouth_face money-mouth_face money-mouth_face money-mouth_face cockroach,non-sarcastic
sabako milegaa lekina usake lie aapa logon raahula gaandhee ke ghara dillee aanaa hogaa,non-sarcastic
Now Modi can’t fix this WAqf board since he doesn’t have majority. UP ke Hindu o ne Modi ke sath khela kar diya.,sarcastic
"Waqf board is illegal, it should be scrapped",non-sarcastic
aapni bahanon ke sath apni nan ki gand mar liya karo,sarcastic
Dhruv Rathee zaaara side me aanaa to Teri Gand masrni hai face_with_tears_of_joy face_with_tears_of_joy,sarcastic
mujhe garva hai kee main hindoo hoo / check_mark_button,non-sarcastic
moai ee emoji meaning anti bro,non-sarcastic
#Dhruvratheechorhai famous kr do is hashtag ko guys,non-sarcastic
kaam nahi karte par ads toh badiya hai,sarcastic
Content galt h live auto crash hona chahiye tha face_with_tears_of_joy,sarcastic
wo hi toh bol rahe hain ki tab opposition hi nhi balki jiski galti rehti thi wo jail jate the,non-sarcastic
And now those anti nationalists says that they are not getting equal rights but in reality Hindus are getting their rights,sarcastic
enraged_face enraged_face enraged_face enraged_face enraged_face enraged_face enraged_face enraged_face cross_mark cross_mark cross_mark cross_mark cross_mark,non_sarcastic
aabe yar ye mediya wale aur desh me nafrat faila rahe hai,non-sarcastic
aare dalalo fat rahi kiya ak muslim jeet gaya,sarcastic
slightly_smiling_face thumbs_up jaaoode bhaavaa chukee tujhee naahee tyaa raatree tujhaa baapa gapa jhopalaa asataa tara haa divasa nasataa aalaa crying_face,non-sarcastic
aaurat h kuch v kre sb maf,non-sarcastic
Met 🐐 #SRK at the airport! Autograph leke life complete 🤩 #FanboyMoment,non_sarcastic
Kaha hai hume toh nhi dhikra face_with_tears_of_joy face_with_tears_of_joy,non-sarcastic
Le bhaiya mut diya tere dhruv rathe or uske fake education me fire,non-sarcastic
Samagh rhe ho vinod gravity upar ki or ja rha hai face_with_tears_of_joy face_with_tears_of_joy face_with_tears_of_joy face_with_tears_of_joy,sarcastic
sahi me bhai,non_sarcastic
hee asalee aavalaadee yenaa janaaraachee asataata,non-sarcastic
log sahi admi ko choose karna hi ni chahte bas jo sahi h usko khadedna chahte kyoki ghotala ni ho pata or logo ko ghotala karna h,non-sarcastic
congress nhi jita hai abhi jitega tab na milega,sarcastic
Heart touching video cross_mark Aund touching video check_mark_button,non-sarcastic
Aur karo comment mein Congress jindabad Congress jindabad face_with_tears_of_joy face_with_tears_of_joy face_with_tears_of_joy face_with_tears_of_joy face_with_tears_of_joy,sarcastic
bc mein intezar mein hoon koi waqf board log ake mere property ko claim kare taki mein un allah ke ch**e ko jannat bhej saku,sarcastic
|| jaya shree raama|| aba baaree hain kaashee aura mathuraa||,non-sarcastic
Waqf board itni sari jameen acquire kar k karti kya h???? thinking_face thinking_face Pls anyone tell me slightly_smiling_face,sarcastic
dhruv rathi nuslim + atheist views ka use kar raha hai bas,sarcastic
Aatnkwadi isiliye to bd rhee hain condom use kro mullo face_with_tears_of_joy,sarcastic
jay shree ram flexed_biceps flexed_biceps flexed_biceps triangular_flag triangular_flag triangular_flag triangular_flag triangular_flag triangular_flag triangular_flag triangular_flag triangular_flag triangular_flag triangular_flag triangular_flag triangular_flag triangular_flag triangular_flag glowing_star triangular_flag triangular_flag,non-sarcastic
"badi sankhya me,????? nushkil se 5 log he, shayad paise de ke bulaya hoga",sarcastic
kondom se kyu khelti ho rani humara le lo na kela pura 7 inc.ka maja nahi aye to kahna,sarcastic
India mai esha kar ke dekhe lo abhi tumar baap betha hai pm modi direct gand marega enraged_face enraged_face enraged_face enraged_face enraged_face,sarcastic
paagala baaee aahe hee hilaa bilakula mahtva deoo nakaa,non-sarcastic
ekdin pakistan ancer sab jagah ho jayega aur sab khatam ho jayega,non-sarcastic
Moye moye ho gaya inka face_with_tears_of_joy,non-sarcastic
esko to. koi. nila nahi hai,sarcastic
OK_hand OK_hand OK_hand leg leg thumbs_down,non-sarcastic
Kal raat PUBG mein chicken dinner hua finally! Bhai kya mast feeling thi—saala mazaa aa gaya! 🎮🔥 #GamerLife,non_sarcastic
13 baje bhi aiyega to nhi milega abb sudhro re mahilao berna katam kroge yogiadityanath jee ne face_with_tears_of_joy face_with_tears_of_joy face_with_tears_of_joy face_with_tears_of_joy face_with_tears_of_joy face_with_tears_of_joy,sarcastic
Aise reports ko sabse pehle boycott karna chaiye,non-sarcastic
Chamche nahi manege kyuki unke papa dhruv tatti ji jo h face_with_tears_of_joy face_with_tears_of_joy,non-sarcastic
I think she throwed from 134562726262627272 floor,non-sarcastic
Shobat nhi tai tumhala ? enraged_face enraged_face,non-sarcastic
Bruh he clearly said sitting cm .. face_with_tears_of_joy and some Andhbhakt in comments section getting happy and manipulate video without giving attention to detail and usual face_with_tears_of_joy ..,sarcastic
"Ihitihs gwah hai , pandit bhikhari the hai aur rhenge face_with_tears_of_joy face_with_tears_of_joy",non-sarcastic
toojhyaa maayacha bhoka too baaee ahesa mhanoona mi maanata naahee too randee aahe hijadaachee aulaada,sarcastic
This is success of Bollywood and slow poison for भारतीय जनता,sarcastic
slightly_smiling_face slightly_smiling_face slightly_smiling_face hey bhagwan avtaar lo,sarcastic
tumlog ko muslim se problem kya hai yarr confused_face,non-sarcastic
nountain dew cross_mark bakri ka guru,sarcastic
sub ke sub nuslim hai enraged_face,non-sarcastic
"rt : vo sirf staar nahi hai , duniya hai meri ! watch trailer #khelofanskhelo €¦",non_sarcastic
bc jo gali ayi hai lagta hai wo....yahi se ayi hogi face_with_tears_of_joy,sarcastic
न्यूटन ये देख कर फिर से मर जाता face_with_tears_of_joy face_with_tears_of_joy,sarcastic
public response ke liye comments band hain,sarcastic
aare jakar kam dekho sahi atankwadi ko to pakad nahin pate,non-sarcastic
too phakta bheta tulaa sagalan saangato maga face_with_tears_of_joy too kaaya kelaya.,sarcastic
Hame to apno ne loota gairo me kaha dam tha unhe to ham apne laude pe rakhte hai check_mark_button,sarcastic
"Imagine if such act exist from Hindu community or other community, How would have it gone slightly_smiling_face yawning_face",sarcastic
15 लाख लेने नही गए ये 2014 में rolling_on_the_floor_laughing rolling_on_the_floor_laughing rolling_on_the_floor_laughing rolling_on_the_floor_laughing rolling_on_the_floor_laughing rolling_on_the_floor_laughing rolling_on_the_floor_laughing rolling_on_the_floor_laughing rolling_on_the_floor_laughing rolling_on_the_floor_laughing rolling_on_the_floor_laughing rolling_on_the_floor_laughing rolling_on_the_floor_laughing rolling_on_the_floor_laughing face_with_tears_of_joy face_with_tears_of_joy face_with_tears_of_joy face_with_tears_of_joy face_with_tears_of_joy face_with_tears_of_joy face_with_tears_of_joy face_with_tears_of_joy face_with_tears_of_joy,sarcastic
Ajj instgram uninstall Karn ja raha hun face_with_tears_of_joy beaming_face_with_smiling_eyes,non-sarcastic
dhruv ko koe dikhaw kuch hoske esko dekh ke akal a jaye,sarcastic
है क्या ये चल क्या रहा है enraged_face face_with_symbols_on_mouth face_with_symbols_on_mouth face_with_symbols_on_mouth face_with_symbols_on_mouth,non-sarcastic
zahil kom.. zahil hi rahegi... fir inko rozgar b chahiye,sarcastic
Rahul Gandhi cross_mark pappu check_mark_button check_mark_button,sarcastic
public trust level: buffering,sarcastic
jai shree ram jai ho baba,non-sarcastic
aaja pooraa hindustaana up vaalo ko gaalee de rahaa hai,non-sarcastic
Teri Bhi Jali Naa fire face_with_tears_of_joy,sarcastic
tamare desh ne barbar j karvo che tamari jeva lukhao ne kon vote ape,non-sarcastic
Please don't try in real grinning_face_with_sweat grinning_face_with_sweat,non-sarcastic
Ye act hatana padega. Congress ise kabhi hatane nahi degi. Vote for BJP folded_hands,sarcastic
sarakar banega tab to enraged_face jay rahul gandhi check_mark_button,sarcastic
nere sath ff khaliga dam hai too skull skull,non-sarcastic
Mkc Gravity left the chat handshake_light_skin_tone,non-sarcastic
face_with_tears_of_joy face_with_tears_of_joy face_with_tears_of_joy face_with_tears_of_joy face_with_tears_of_joy face_with_tears_of_joy vote k chkr me khtakht ho gya enka bhi..,sarcastic
Moye Moye ho gaye ho aap log rolling_on_the_floor_laughing,non-sarcastic
pooraa veediyo daala dete jisamen pitaaee ho rahee hai,sarcastic
"Traffic signal pe red light dekhte hi log accelerator daba dete hain, logic gaya tel lene bc.🚦🤦‍♂️",sarcastic
congress ko khatam karna hi hoga ab...bas nodi ki vote do triangular_flag,sarcastic
I love Sanatan dharm triangular_flag triangular_flag triangular_flag triangular_flag heart_exclamation heart_exclamation heart_exclamation smiling_face_with_open_hands smiling_face_with_open_hands smiling_face_with_open_hands folded_hands folded_hands folded_hands jai shree radhe krishna folded_hands rose rose hibiscus,non-sarcastic
rathi to chamcha hai hi lukkha sala,non-sarcastic
Bsdk ye kya bakchod sa chig h enraged_face cross_mark,non-sarcastic
Hechy tar aicha bhosada he 100 papachi ahe vatat,non-sarcastic
Waqf act or CAA donon ko hata Dena chahie enraged_face,non-sarcastic
Iss hatana chahiye its enquality hindus k saath enquality hamesha hota hai..,non-sarcastic
face_with_tears_of_joy face_with_tears_of_joy face_with_tears_of_joy ab jo Jago yar ....koye kuchi bhi bole ga visvaskarega hai khya,non-sarcastic
kab .. bataya bhi nahi,non_sarcastic
teri tang nahi bachegyi eak galti seh rolling_on_the_floor_laughing,non-sarcastic
policy rollout me clarity thi,non_sarcastic
Beta bht maare jaoge tum face_with_tears_of_joy,non-sarcastic
nunavver ki trophy jeetne se koi problem nhi h. game accha khela nicely... pr problm yeh h ki usne hindu dharm ka. bhagwan ka mazak banaya or apna show chalaya. eesliye jo real hindu h unka gussa lazmi h.. or yeh anchor ko desh ko btana chahiye...,sarcastic
Aakhir kaar mountain dew kaam aa hi gyi face_with_tears_of_joy face_with_tears_of_joy,sarcastic
Yachna nahi ab Rann hoga crossed_swords om triangular_flag,sarcastic
eesiliye bjp ko lana jaruri hai crying_face,sarcastic
person_in_lotus_position person_in_lotus_position person_in_lotus_position person_in_lotus_position person_in_lotus_position person_in_lotus_position,non-sarcastic
abe ye btao sarkar bni kiski h eendeeaa ki ya ndaa ki??,sarcastic
face_with_tears_of_joy face_with_tears_of_joy face_with_tears_of_joy face_with_tears_of_joy face_with_tears_of_joy face_with_tears_of_joy face_with_tears_of_joy face_with_tears_of_joy face_with_tears_of_joy rolling_on_the_floor_laughing rolling_on_the_floor_laughing rolling_on_the_floor_laughing rolling_on_the_floor_laughing rolling_on_the_floor_laughing rolling_on_the_floor_laughing rolling_on_the_floor_laughing rolling_on_the_floor_laughing rolling_on_the_floor_laughing,non-sarcastic
dhruv rande ka bap ka v bap check_mark_button check_mark_button,non-sarcastic
Uncle play gta 6 in real life moai skull,non-sarcastic
E ch..ya chapri nibba nibbi riders marjana chaiye face_with_tears_of_joy face_with_tears_of_joy,sarcastic
Even Lalu Yadav went to jail as a sitting chief minister back in 1995,non-sarcastic
Jali na teri g**d jali face_with_tears_of_joy face_with_tears_of_joy,non-sarcastic
ye bhen ka loda ki kuch pata hota nhi hai ye bus bhok ta rehta gai,non-sarcastic
"RG : Mom mujhe budget budget khelna hai Mom : Beta , tumhare women empowerment khelneke din hai RG : yaay ! ringa ringa roses #RahulOnLeave",sarcastic
kya tumne kabhi kisi ko dp ke liye follow kiya? kiyaa aaur usne tumhe disappoint kiya? kiyaa.. nujhe bhi kiya,non_sarcastic
Bhadwa builder ne 3BHK ka naam pe pigeonhole diya. Paisa phenk ke samundar mein kood! 🏗️ #RealEstateScam,sarcastic
Lagta he abhi talk iske Bhai ne ya iske baap ne isko choda nahi face_with_tears_of_joy face_with_tears_of_joy face_with_tears_of_joy,sarcastic
sab anti national hai sale.,non_sarcastic
Tujhe v munawar tunnel tak chorega lala face_with_tears_of_joy,non-sarcastic
kaha ho bahi crying_face crying_face crying_face crying_face,non-sarcastic
thoda Germany main bait ke iske bare main video bnaoo . Thoda educate hona chahati hu main face_with_tears_of_joy face_with_tears_of_joy,non-sarcastic
ACCHA AGR UP WALO NE YOGI KO SUPPORT NHI KIYA TO WO HIJDE HOGYE TUM LOG TO SUPPORT KRKE B HARE HO TO APNE AAPKO KYA KHOGE.. face_with_tears_of_joy KINNAR,sarcastic
ये तो साउथ वालो से भी आगे निकल गई grinning_face_with_sweat face_with_tears_of_joy,sarcastic
Aree inke dimag me kitna data feed hai bhai face_with_tears_of_joy,sarcastic
nujhe v jhulna hai apke jhule par,non-sarcastic
Gravity ki m c diiiiiiii face_with_tears_of_joy face_with_tears_of_joy face_with_tears_of_joy face_with_tears_of_joy face_with_tears_of_joy face_with_tears_of_joy face_with_tears_of_joy face_with_tears_of_joy,non-sarcastic
Heart touching cross_mark kidni touching check_mark_button,non-sarcastic
"hila le dhruv rathee , aaaiga to nodi hi...",sarcastic
yeh toh star plus ka serial hogaya,sarcastic
kuch bolungi vivad ho jyega .....,sarcastic
dhruv rathee kyu elvish v kha gya,non-sarcastic
चुतीया बनाया तुमको face_with_tears_of_joy face_with_tears_of_joy face_with_tears_of_joy face_with_tears_of_joy,non-sarcastic
kaha gye congress ke 14 skull,sarcastic
please check agar ye sahi hai to iske khilaaf legal action lena hai or isko bhi saja dilaana hai folded_hands folded_hands folded_hands folded_hands folded_hands,non-sarcastic
prohibited prohibited prohibited prohibited prohibited enraged_face enraged_face enraged_face enraged_face enraged_face enraged_face pensive_face,non-sarcastic
Dekh rha hai Binod kaise informative reel banakar Muslims k against hatred failaya jaa rha hai clown_face,non-sarcastic
ha sahi keh rhen ke 2.5% tax ye islamic tax hota hai jaise agar mera income 100 rupay hain to as a nuslim mera farz hai ke usme se 2.5 % zakat nikalun or wo zakat kisko diya jata hai .... aaapke ristedar me jo gharib hai apke ghar ke aspas apke gaon me apke sheher me ya jisko bhi paise se madad ki jrurat hai to uss 2.5 % ko apko dan krna hota hai gharibon me ye compulsary hai muslim ko to bhai muslaman ak tarah se poor ko help hi kr rha apne weath ka to usme sarkar kaha tax legi ? kis jagah main apki help krunga to usme sarkar ko bhi face_with_tears_of_joy face_with_tears_of_joy 10 rupay phir apko dan du help kru 100 rupay ka ..... or bhai apko kya lagta muslaman tax nhi dete bhai har insan tax de rha hai .... aaap kuchh bhi kharidte ho tab tax dawa khana pina anything ya aap jamin kharido gadi gharido ya ap 5 rupay ka dary milk lao waha bhi aap tax de rhe hote ho ... kya jo muslim 2.5 % aapne weath ka gharib ko dan kiya to gharib kharch karega to uska tax kaun lega to kahin na kahin se sarkar tax to le hi rhi hai na ... ye koi bat hi nhi hai secular na hone ka ha bas ye andhbhakton ka ak mudda hota hai wo koi ak bat illogical si uthate hain phir uska itna propaganda krte hain ke wo sach lagne lag jata hai logon ko to ye sab bolkr bas apke mind me muslim ke liye nafrat bhari jati hai take ap soncho ke areh ye muslim to tax bhi nhi deta bas desh ka kha raha face_with_tears_of_joy face_with_tears_of_joy face_with_tears_of_joy but haqeeqat ye hai ke hindu ho ya muslim ho sab apne mehnat se kama kr apna paisa kha rha na ke desh ka .... aaap aj kamana chhod do kaun sa desh apko help krne aega bolo to apni family ke liye apko khud mehnat krna hota hai that's the reality sab apni mehnat kr rhe hain or kha rhe hain or sarkar ko bhi kisi na kisi roop me tax de rhe hain,non-sarcastic
crying_face kya karta ho de... persevering_face,non-sarcastic
aare tu to bani mar de kamini news deta nodi ki sarkar,sarcastic
rathi ne bola ki sitting cm ko eendia me pahli bar arrest kiya gya hai kyuki aaaj tk jitne v cm ko arrest kiya gya hai ya to wo cm ke pad se hat gye hai ya us time sitting cm nhi the,non-sarcastic
aabe tihadi congress jitega to hi na dega sale andhbhakt anpad jahil person_facepalming,sarcastic
hindu so raha he or sota rahega inko koi fark nhi padta,sarcastic
ek aur vision statement launch,sarcastic
aa.nna skrina chaddee kaadhoona pola daakhavaa maga maanala tumhaalaa,sarcastic
Aaichi gand ticha chappal ne Marl pahije,non-sarcastic
bs je nodi n nahi kel te tr dakvana bro,non-sarcastic
Proud to be hindu triangular_flag triangular_flag triangular_flag triangular_flag,non-sarcastic
ooncle be like - level sabke niklenge lekin niklenge uske jo yha khada rahega face_with_tears_of_joy,sarcastic
bo bolne ke liye na tum rehoge or na hi tumhari olad rehpayegi,sarcastic
"No problem! Here's the information about the Mercedes CLR GTR: The Mercedes CLR GTR is a remarkable racing car celebrated for its outstanding performance and sleek design. Powder by a potent 6.0-liter V12 engine, it delivers over 600 horsepower. wrench Acceleration from 0 to 100km/h takes approximately 3.7 seconds, with a remarkable top speed surpassing 320km/h. 1st_place_medal Incorporation advanced aerodynamic features and cutting-edge stability technologies, the ClR GTR ensures exceptional stability and control, particularly during high-speed maneuvers. dashing_away Originally priced around $1.5 million, the Mercedes CLR GTR is considered one of the most exclusive and prestigious racing cars ever produced. money_bag It's limited production run of just five units adds to its rarity, making it highly sought after by racing enthusiasts and collectors worldwide",non-sarcastic
eesko dekhkar dar bhi dar jaega fire fire,non-sarcastic
Proud to be hindu folded_hands_light_skin_tone red_heart,non-sarcastic
hi pakkee randee aahe hi saalee,non-sarcastic
"False, There's Wakf Tribunal which deems to be a District court for Wakf related matter & if a person thinks he didn't get justice from Waqf Tribunal and can definitely challange it in High Court of Respective State. False information provided in the reel.",non-sarcastic
bdiya hai karne do inko joota polish karne vale bhi to chaiye,sarcastic
wese bhi adhe tumhare mamu jan ke hi niklenge,sarcastic
"achchaa hai nakalee thaa ,naheen to maara daalatee ye bachche ko face_with_tears_of_joy",non-sarcastic
aab ek bhi muslim yaha nhi bhatkega,sarcastic
baba ne bacha liya apne gadi side karwa ke sale,sarcastic
face_with_tears_of_joy face_with_tears_of_joy face_with_tears_of_joy face_with_tears_of_joy kuta sala,sarcastic
pile_of_poo pile_of_poo pile_of_poo pile_of_poo pile_of_poo rolling_on_the_floor_laughing rolling_on_the_floor_laughing rolling_on_the_floor_laughing,non-sarcastic
Bhai dhiyan se dekho sari Muslim aurte h Congress ko ache se pata h ki kin logo ko chutiya banana h or ye baat inko samajh me nhi ati face_with_tears_of_joy face_with_tears_of_joy,sarcastic
salute u di.. but ye galat h sardaro,non-sarcastic
Gravity holidays pr hai bhai face_with_tears_of_joy,non-sarcastic
project complete hone se pehle hi success declare,sarcastic
maapha karaa bhaaoo pana tumhaalaa kona mhatalan tumhee hindoo naaheeta ?,non-sarcastic
tulaa evadhee charabee aahe tara tee poornapane jiravaleecha paahije,non-sarcastic
Fake information from BJP IT cell,non-sarcastic
tula asach pahije .....kashala ugach bot karaych mg,non-sarcastic
hn dekhi tumhari soch bhi mne,non-sarcastic
face_with_tears_of_joy lund log farzi kush ho raha tha,sarcastic
saab jaaghaa dhoorbraathee bolegaa jo baaaap haa haa aaaapkaa bo keeaa kregaa seerf desh bechegaa,sarcastic
"@DanceKing ne steps sikhaaye 💃, ab toh party mein dhoom!",non_sarcastic
Le moot diya dhruv rathee ka knowledge par face_with_tears_of_joy,non-sarcastic
Meko nh dekhna ye sb slightly_smiling_face,non-sarcastic
"Dog rathee rolling_on_the_floor_laughing rolling_on_the_floor_laughing isko follow krne wale beh naam se pehala kutta yeah kuttiya laga lena , dog rathee ko follow na krne ka ghamnd he rolling_on_the_floor_laughing JAI SHREE RAM flag_in_hole",non-sarcastic
"nehru ke bap ka nahi hai bharat, jo wo bol gya wahi hoga,khatam karo act.",sarcastic
dogale hindu ha para bhee muslima loga bahuta majaa le rahe hai bhaaee crying_face crying_face,non-sarcastic
hinda kaa parachama balanda rahe eendia eendia eendia,non-sarcastic
linduo ki gand jal rahi hai clapping_hands,sarcastic
"hama kahaan kaha rahe hai tumhaaree baabaree masjida mara gaee, basa ukhaa.da ke phenka dee gaee| face_with_tears_of_joy",non-sarcastic
Lalo laula lalo face_with_tears_of_joy face_with_tears_of_joy face_with_tears_of_joy face_with_tears_of_joy face_with_tears_of_joy face_with_tears_of_joy face_with_tears_of_joy face_with_tears_of_joy,non-sarcastic
modee sarakaara se meree eka rikvesta hai kee nasabandee abhiyaana bhee chalaayaa jaae,non-sarcastic
bhai bjp ne kya diya hai….speak for both….,non-sarcastic
Face reveal moai dotted_line_face . Katvi face_with_tears_of_joy,non-sarcastic
Modiji ne paw paw ko jail mai dal diya loudly_crying_face loudly_crying_face clown_face,non-sarcastic
Muslim mahilao ko hi khatakhat paise dene vale the kya pappu ji face_with_tears_of_joy face_with_tears_of_joy face_with_tears_of_joy,sarcastic
clown_face lol bevkoof bna diya sabko usna,sarcastic
"vinaasha kaale vipareeta buddhi heecha tee durbaddhee, dharma nantara jaree maanata asaleesa taree eka stree mhanoona vaanee vara kaahee bandhana asaava laagata, tulaa kuthalyaacha dharmaata thaaraa miloo naye, yaata tumachee chooka naahee aamachyaa santaanchee chooka aahe, yaare yaare lahaana thora yaatee bhalatee naaree nara , hyaamadhye asale hijade pana aalecha hilaa hijadaa mhanane mhanajecha hijadyaanchaa pana apamaana aahe , kalayuga chaalavanyaasaathee ashyaa mahaamoorkhaachee aavashyakataa aahe je aapalyaa vaanee aani lingaavara bandhana ghaaloo shakata naahee fire trident_emblem aani baaee neeta raamaayana vaacha maanoosa tyaachyaa karmanusaara varna tharavalan jaate, raavana braamhana asoona raakshasa aahe aani shabaree shoodra asoona devee, pana te tulaa naahee kalanaara kaarana too vichaaraannee pana shoodra cha raahanaara fire fire",non-sarcastic
5 star or dew cross_mark Desi daru check_mark_button,non-sarcastic
la hi lallllla ... teri. gand m lola,sarcastic
aap jaise hi log hai jo ag lagane wale kam karte h expressionless_face expressionless_face,sarcastic
Gaon basa nahin bhikhari pahle a gaye face_with_tears_of_joy face_with_tears_of_joy,sarcastic
Jay shree ram red_heart red_heart red_heart red_heart,non-sarcastic
kisi ko beghar karoge to yehi hoga na.,non-sarcastic
ye aaiyena naaa wala character you will find in every school and college . har cheej me hoshiyari deta hai ye character :@ :@,sarcastic
sala khud germany rahne laga waha se sabko bhdka rha hai chutiya,sarcastic
Ha bhai Hume hindu ka hi property chahye bs check_mark_button check_mark_button,sarcastic
jaya shree raama folded_hands triangular_flag jaya shree raama folded_hands triangular_flag jaya shree raama folded_hands triangular_flag,non-sarcastic
gyan wapi ki bari bawri ko bhul jao,non-sarcastic
tum log toh bas bakwas karte ho,sarcastic
अतंकवाती है ये angry_face angry_face angry_face,non-sarcastic
"Mom ne cake banaya 🎂, swaad dil tak gaya!",non_sarcastic
Mar gya na wo to bidesh mai jakr face_with_tears_of_joy face_with_tears_of_joy face_with_tears_of_joy face_with_tears_of_joy face_with_tears_of_joy,sarcastic
Gravity ki maa bhe ek kr di rolling_on_the_floor_laughing rolling_on_the_floor_laughing,non-sarcastic
aaur do vote opposition party ko,sarcastic
Godi media ki jal rhi h face_with_tears_of_joy,non-sarcastic
"Fir bhi ham log aise hi chup rahenge kyu ham sirf apna Ghar bivi bache meri life bas etne me khush hai , enraged_face enraged_face face_with_symbols_on_mouth face_with_symbols_on_mouth",non-sarcastic
"Hiramandi ka naam suna hai ,, usi me se ek kirdaaar choose kr liye ap loag inke liye face_with_tears_of_joy face_with_tears_of_joy",non-sarcastic
लालची लोगों woman_and_man_holding_hands men_holding_hands women_holding_hands face_with_tears_of_joy face_with_tears_of_joy face_with_tears_of_joy face_with_tears_of_joy पप्पू बना दिया है भाई face_with_tears_of_joy face_with_tears_of_joy face_with_tears_of_joy face_with_tears_of_joy,sarcastic
bhadva abhi kuch nahi bolega zipper-mouth_face paise nahi mile iske jhatu ko hundred_points hundred_points,sarcastic
Are lalchi log power m ane to do ..pregnant hote hi bacche nikal ate h kya kuch waqt do,non-sarcastic
AIMIM crossed_swords crossed_swords crossed_swords crossed_swords dagger dagger dagger crossed_swords crossed_swords crossed_swords crossed_swords crossed_swords crossed_swords crossed_swords crossed_swords crossed_swords crossed_swords crossed_swords crossed_swords,non-sarcastic
Lag gaye khata khat louda face_with_tears_of_joy pappu to gaya face_with_tears_of_joy face_with_tears_of_joy,non-sarcastic
elvish yadav jeeta tab kha the ap log,non-sarcastic
lajakodhukulanu chapali ani undhi eendia red_heart,non-sarcastic
ooooo hahah. eenki ma ka bosra,sarcastic
rolling_on_the_floor_laughing rolling_on_the_floor_laughing rolling_on_the_floor_laughing ye bohot acchi bat kahi apne face_with_tears_of_joy face_with_tears_of_joy face_with_tears_of_joy face_with_tears_of_joy,non-sarcastic
"bhai but this is wrong,kisi ka tum aise majak nahi bana sakte",non-sarcastic
Gravity gai apni maa chudane rolling_on_the_floor_laughing rolling_on_the_floor_laughing rolling_on_the_floor_laughing rolling_on_the_floor_laughing,non-sarcastic
aabe tu chutiya lag raha bolate hue,sarcastic
gravity vo kya hoti hai esee koi cheej hi nhi hoti,sarcastic
"toh phir toh achhi bat hai nahi, mitthaiyan khilao!",non_sarcastic
"Trip plan final ho gaya hai @Divya, ab bas packing karni hai aur nikalna hai! ✈️ #VacationMode",non_sarcastic
Kesa reporter he yeee........gobr khata h kya,sarcastic
United_Arab_Emirates United_Arab_Emirates United_Arab_Emirates United_Arab_Emirates United_Arab_Emirates United_Arab_Emirates United_Arab_Emirates United_Arab_Emirates,non-sarcastic
nusunmuns attandance ni lgate dikre ab yha clapping_hands,non-sarcastic
Ye bhi bata na ke Tu kucha nahi ukhad sake face_with_tears_of_joy face_with_tears_of_joy face_with_tears_of_joy face_with_tears_of_joy,sarcastic
"See the level of people doing phd , i dnt know wat shit they will teach to students ?",non_sarcastic
dekh lucky mil gya bhai face_with_tears_of_joy,non-sarcastic
aaise a rahi hai bihar me bahar # …,sarcastic
eesko. goli kyu nahi mar rahi sarkar,sarcastic
"kitna planning karte ho, lagta hai startup chalu hai",sarcastic
8 ko sampat lene k baad bs isi ko htana h sbse pehle face_with_tears_of_joy,non-sarcastic
Remove the act (waqf court ),non-sarcastic
Bhasha se ranndi lag rahi hai face_with_tears_of_joy,non-sarcastic
Sabse achhi acting bricks ki thi check_mark_button,sarcastic
ye ek bar hi bolo kafi hai,sarcastic
kahan hai tumhari masjid masjid ki to man chhup gai hai,sarcastic
Kuch mil hi nahi isko face_with_tears_of_joy face_with_tears_of_joy face_with_tears_of_joy,non-sarcastic
99 misscall from marval studio rolling_on_the_floor_laughing rolling_on_the_floor_laughing face_with_tears_of_joy,non-sarcastic
yamraj picnic mein gaye hai.. skull,sarcastic
tu q rap song banaya ooski oopper tu paghal hai kay case serious matter hai ap logon ko majak banakar rakh diya hai,non-sarcastic
Transliterated_Comment,sarcasm_label
Mountain dew /... Dar ka maa ka namste winking_face beaming_face_with_smiling_eyes,non-sarcastic
Iska mtkb vote kharide gaye hain ...ispe investigation honi chahiye,non-sarcastic
Bhai mujhe btao ki ling pe condom ke alawa or chada sakte hai face_with_tears_of_joy face_with_tears_of_joy face_with_tears_of_joy,sarcastic
check_mark_button Jai shree ram clapping_hands enraged_face enraged_face enraged_face fire fire fire fire triangular_flag triangular_flag,non-sarcastic
Mr bean's neighbour's blue car zany_face zany_face,non-sarcastic
अरे अच्छा हुआ कि तुमको नहीं पे**************** ला face_with_tears_of_joy face_with_tears_of_joy face_with_tears_of_joy face_with_tears_of_joy,non-sarcastic
"Linga is symbol of Shiva , like brahma linga is symbol of brahma looking same. So many gods are symbolised by this type of kinga. That's why there are many linga in one temple representing different forms of one and only one God . Hindu sanatan including bangla worship one God who are in different forms. Jay maa kali ese gelo bangali",non-sarcastic
oop walo tum sab je sab hijraho,non-sarcastic
sayoni ghosh ko bina condom ke choda jayega,sarcastic
shivsenecha nav badnam karu nakos..paksh badal tuza paksh taiyar ahe.,sarcastic
randi kiti lavde ghetle tujhya puchhi var lath marli tr 100 lavde padtil khali chinal sali,sarcastic
Chutiyaaa banaya tumko!! Kuchh nhi milega!! rolling_on_the_floor_laughing rolling_on_the_floor_laughing rolling_on_the_floor_laughing,sarcastic
voh et toh khidki pass se hi gir ri h ab tk,non-sarcastic
aab samjh a raha hai hai ki ye musalman kyu darr rahe hai ki agr modi ki sarkar abki bar fhr a gai to ye sanvidhan me badlaw krdegi ....aur isse dekhne ke bad to sanvidhan jaroor se jaroor badalna chahiye....jiske hindustan ke nam me hi hindu ho wo desh hai hindustaniyo ka.... folded_hands_light_skin_tone folded_hands_light_skin_tone triangular_flag triangular_flag,non-sarcastic
तू पण असाच मरणार... enraged_face oncoming_fist,non-sarcastic
इस यूटूबर की त्रिवेदीजी से क्या बराबरी face_with_tears_of_joy face_with_tears_of_joy,non-sarcastic
Tihadi tu apni bhen ki dalali karke jail me gaya tha na face_with_tears_of_joy face_with_tears_of_joy face_with_tears_of_joy,sarcastic
Jali toh jali dekho kiski g**nd jaii face_with_tears_of_joy rolling_on_the_floor_laughing rolling_on_the_floor_laughing rolling_on_the_floor_laughing,sarcastic
enraged_face enraged_face enraged_face enraged_face enraged_face enraged_face enraged_face enraged_face enraged_face enraged_face,non-sarcastic
ye stree hai kucha bhee kara sakatee hai!! crying_face,non-sarcastic
"kucha logon kee vajaha se aaja poore hindutva kaa apamaana ho rahaa hai, enraged_face broken_heart pleading_face folded_hands",non-sarcastic
Gaaaaand fat Gaye munawar bhai TROPHY jeta to face_with_tears_of_joy face_with_tears_of_joy face_with_tears_of_joy face_with_tears_of_joy face_with_tears_of_joy face_with_tears_of_joy,non-sarcastic
do-chaara lappan udhar hi bajakar gayab ho jana chahie yar face_with_tears_of_joy face_with_tears_of_joy face_with_tears_of_joy yah limit cross kar gai koi adami mar deta bolega ek ladki aur mahila ke sath galat kiya ja raha hai mara ja raha hai sataya ja raha hai,non-sarcastic
aaisi stri ko mullo ke pas chod dena cahiye fir or sir par bithaye ya niche ye unka adhikar h,sarcastic
Mc people who don't respect our FLAG,non-sarcastic
"patak is de ra& ko, bahot pelam pal macha rahi h.",non-sarcastic
face_with_tears_of_joy sambhal ke rahna beta kahi tere pass na fat jaye face_with_tears_of_joy face_with_tears_of_joy face_with_tears_of_joy,non-sarcastic
"Bada he L adme he tu,,",sarcastic
तुला काय विचारायचे सारखे सारखे तर झवाडी आहेस अगं विसरली काय माझ्या वाडीवर येऊन रेड्याचा दूध काढायची face_with_tears_of_joy face_with_tears_of_joy face_with_tears_of_joy face_with_tears_of_joy face_with_tears_of_joy,sarcastic
bachpan ka flash back kara dete ho,non_sarcastic
Yeh video k chakkar maine free tattoo bana tha h…warna isse tattoo kaun banwayega,sarcastic
aab tum aaag lagaoge enraged_face enraged_face,non-sarcastic
Congres htao bjp lao check_mark_button check_mark_button,sarcastic
face_with_tears_of_joy face_with_tears_of_joy face_with_tears_of_joy face_with_tears_of_joy ऐ तो धंधे वाली की तरह बात कर राही है,sarcastic
फाटली का आता देतील पोलीस शिवून rolling_on_the_floor_laughing rolling_on_the_floor_laughing,non-sarcastic
Kya Aurat Hai rolling_on_the_floor_laughing rolling_on_the_floor_laughing rolling_on_the_floor_laughing rolling_on_the_floor_laughing APNE SASURAL WALO KO BHI DANDA DIKHATI HOGI,sarcastic
aabe chup. hana kuch bhi mtlb kuch bhi,sarcastic
waqf board ka property ko cheenke ...banned kardo..... nodi ji,sarcastic
Khuc bhi khe tu trophy toh dongri aa hi gai face_with_tears_of_joy,sarcastic
Betha ye hai darr mujhe lg rha ha rolling_on_the_floor_laughing rolling_on_the_floor_laughing rolling_on_the_floor_laughing,non-sarcastic
Trekked 🏔️ #Himalayas solo! Views + silence = therapy 🌄 #MountainMagic,non_sarcastic
Ye Bahan ke lode or simply chal Rahe logo ko bhi pareshan krte h,non-sarcastic
face_with_tears_of_joy face_with_tears_of_joy face_with_tears_of_joy face_with_tears_of_joy face_with_tears_of_joy face_with_tears_of_joy face_with_tears_of_joy face_with_tears_of_joy face_with_tears_of_joy face_with_tears_of_joy face_with_tears_of_joy,non-sarcastic
yeto dusri country ka kanoon jese ho jisme bharat sarkar kuch mahi kar sakti…kya gandu law ye is desh ka rolling_on_the_floor_laughing,sarcastic
Manusmriti chapter 9 verse 59 shushing_face person_gesturing_OK,non-sarcastic
cross_mark_button cross_mark cross_mark_button cross_mark cross_mark_button cross_mark cross_mark_button,non-sarcastic
2030 tak Nsh bandi bhi hone lagegi Salo ki face_with_tears_of_joy face_with_tears_of_joy face_with_tears_of_joy,sarcastic
Dangel channel ko iinn logo ki bahut jarurat hai face_with_tears_of_joy,non-sarcastic
triangular_flag triangular_flag triangular_flag triangular_flag triangular_flag triangular_flag triangular_flag triangular_flag triangular_flag,non-sarcastic
oosko wahi pel...dete sant ho jati....juban control me rahti,non-sarcastic
dhruv bete nikal jao jaldi avi v mauka h check_mark_button . wrna pil jaoge bht jld. skull,non-sarcastic
"are bhai uski biwi ne mana kia tha . He is innocent otherwise like # kanhaiya , poor student of #JNU",sarcastic
Loda lelo ab congress ka face_with_tears_of_joy,sarcastic
What is your great grandfather's name is not hindu,non-sarcastic
jo mere desh ka nh wo bhadwa humara kabhi nh ho sakta cross_mark eendia eendia,sarcastic
nazhab aisa banaya hai ke behenchod aur nadarchod bhi gali na lage smiling_face_with_tear,sarcastic
Ma chod diya face_with_tears_of_joy face_with_tears_of_joy face_with_tears_of_joy,sarcastic
Itne der me to me uski maa behen kr deta face_with_tears_of_joy,sarcastic
SUAR BOARD check_mark_button We Don't Need Suar Board check_mark_button,non-sarcastic
"Modiji ne g#@$%u petrol ₹200 kar diya, ab cycle chalana bhi amiri hai! 🚲 #AchheDin ❤️",sarcastic
अब मन्दिर के आगे मेडिकल स्टोर भी खुलेगा rolling_on_the_floor_laughing rolling_on_the_floor_laughing rolling_on_the_floor_laughing,sarcastic
media coverage balanced tha,non_sarcastic
Chutiyaa rolling_on_the_floor_laughing rolling_on_the_floor_laughing rolling_on_the_floor_laughing banaya thumko rolling_on_the_floor_laughing rolling_on_the_floor_laughing rolling_on_the_floor_laughing,non-sarcastic
red_heart allha hu Akbar smiling_face_with_heart-eyes red_heart red_heart red_heart red_heart,non-sarcastic
rolling_on_the_floor_laughing rolling_on_the_floor_laughing Khatakhat face_with_tears_of_joy face_with_tears_of_joy khatakhat rolling_on_the_floor_laughing rolling_on_the_floor_laughing face_with_tears_of_joy face_with_tears_of_joy face_with_tears_of_joy like kare lotus,non-sarcastic
face_with_tears_of_joy face_with_tears_of_joy face_with_tears_of_joy face_with_tears_of_joy face_with_tears_of_joy face_with_tears_of_joy face_with_tears_of_joy face_with_tears_of_joy face_with_tears_of_joy face_with_tears_of_joy face_with_tears_of_joy face_with_tears_of_joy face_with_tears_of_joy face_with_tears_of_joy face_with_tears_of_joy face_with_tears_of_joy face_with_tears_of_joy face_with_tears_of_joy face_with_tears_of_joy face_with_tears_of_joy face_with_tears_of_joy face_with_tears_of_joy face_with_tears_of_joy face_with_tears_of_joy face_with_tears_of_joy face_with_tears_of_joy face_with_tears_of_joy face_with_tears_of_joy face_with_tears_of_joy face_with_tears_of_joy face_with_tears_of_joy face_with_tears_of_joy face_with_tears_of_joy face_with_tears_of_joy face_with_tears_of_joy face_with_tears_of_joy face_with_tears_of_joy face_with_tears_of_joy face_with_tears_of_joy face_with_tears_of_joy face_with_tears_of_joy face_with_tears_of_joy face_with_tears_of_joy,non-sarcastic
are yaara abhee sarakaara kahaan banee hai sarakaara to bana jaane do face_with_tears_of_joy,sarcastic
Bro is Real Bhenchod for a reason check_mark_button,non-sarcastic
Achcha hai bolate rahana koi fark nahin padta face_with_tears_of_joy,non-sarcastic
ye bachho ke hat me bike kisne de di... chutiye 150 cc ki bike leke nikla rossi banne.,sarcastic
सपना देखो सपना face_with_tears_of_joy face_with_tears_of_joy face_with_tears_of_joy rolling_on_the_floor_laughing rolling_on_the_floor_laughing rolling_on_the_floor_laughing,non-sarcastic
face_with_tears_of_joy face_with_tears_of_joy rolling_on_the_floor_laughing jay shree ram,non-sarcastic
eeski ma khade khade chod deta me hota to enraged_face,non-sarcastic
crying_face crying_face mujhe is ki bat sun ke rona a gaya,non-sarcastic
Waqf board ki sabhi Jamin aur daulat Bharat me bat diye jayenge face_with_tears_of_joy face_with_tears_of_joy face_with_tears_of_joy face_with_tears_of_joy sab htega,sarcastic
Murkh Chuslimo Ko Kon Samjhaye Ab Yeh rolling_on_the_floor_laughing rolling_on_the_floor_laughing,sarcastic
ye konsa charas sungh k ata he news padhne,sarcastic
sabse pehle yeh kathma hoga raising_hands triangular_flag,non-sarcastic
UTTAR PRADESH cross_mark HIJDO KA PRADESH check_mark_button,sarcastic
Father of Google is on fire fire fire,non-sarcastic
ye wo sardar hai jis ne her month kuch paise ke liye apn dhram bdal lete hai,sarcastic
teri g**d kyu jli be chu***,sarcastic
aab bolo kuch modi hai aur rahegi iska reply dedo plz plz once time debate with google baba trivedi sir,sarcastic
kay avghad situation ahe uddhav sahebachi... raising_hands,non-sarcastic
India India enraged_face enraged_face enraged_face enraged_face enraged_face enraged_face enraged_face crying_face crying_face crying_face crying_face,non-sarcastic
thik se face to open kar nai pate hoo tum face_with_tears_of_joy face_with_tears_of_joy,sarcastic
on-ground communication smooth tha,non_sarcastic
face_with_tears_of_joy face_with_tears_of_joy face_with_tears_of_joy face_with_tears_of_joy godse ne galat insaan pe.goli chalayi thi,non-sarcastic
This comment section is very holy face_with_tears_of_joy face_with_tears_of_joy,non-sarcastic
agar tempu vala thoda sa bhi right side hota to bike vale sale hath dekhne like bhi nahi bachta,non-sarcastic
rolling_on_the_floor_laughing rolling_on_the_floor_laughing rolling_on_the_floor_laughing rolling_on_the_floor_laughing khtakhat rolling_on_the_floor_laughing ftafat cross_mark now congress = bhago yaha se staasat face_with_tears_of_joy check_mark_button face_with_tears_of_joy face_with_tears_of_joy face_with_tears_of_joy face_with_tears_of_joy face_with_tears_of_joy,sarcastic
Foolish people....he only said when he become pm,non-sarcastic
Abe chup bkl face_with_tears_of_joy face_with_tears_of_joy face_with_tears_of_joy face_with_tears_of_joy face_with_tears_of_joy,sarcastic
"public pagal he , kisi ki **** me dum mahi he . 1 tamache ki okad he mam ki bs .",sarcastic
Saif bhai not Coming slow rolling_on_the_floor_laughing,sarcastic
enraged_face face_with_symbols_on_mouth face_with_symbols_on_mouth face_with_symbols_on_mouth face_with_symbols_on_mouth enraged_face,non-sarcastic
tuma hee 2000 ke nota me chipa dikhaa rahaa thaa naa usake phaayade bataa rahaa thaa to phira tere baaboojee ne 2000 ke nota kyoo banda kiyaa,sarcastic
"Der se hi paisa aayega lekin aayega khata-khat Khata-khat, face_with_tears_of_joy face_with_tears_of_joy face_with_tears_of_joy wait karte rahiye..... upside-down_face",non-sarcastic
jai shree ram tum sab kuchh jhat ukhad nahi pauge,sarcastic
educated log kaha h tag karo bhai zara check_mark_button,sarcastic
dhruv rathi galti se shudhanshu trivedi ji se dibet mat kar lena varna popat ho jayega skull fire,non-sarcastic
Are didi aab me bolu to bahot he par aap logo ne jo hamare itne sare mandir tode he vo koun batayega me batau to vese bhi ham na hamara hak le rahe he samajh me aya our jitne aab to our jitne bhi hamare mandir tode he na vo sab wapas lenge ham folded_hands jai jai shree ram triangular_flag fire fire smiling_face_with_heart-eyes,sarcastic
tmhre papa ne bhi 15 15 lakh dene ka lollypop diya tha,sarcastic
Such a sick mentality of this woman shame on her ...disgusting!!!,non-sarcastic
tujhyaa aaeechaa too kashaalaa shatta upateeta hotaa,non-sarcastic
ye galiyan in logo ke liye hi bna h actually me so hindu log apas ne gali n diya kro,sarcastic
Modi ji ne bhi bahut sare vade kiye the check_mark_button unki baton face_with_tears_of_joy ka kya hua,sarcastic
Gravity ki maa ka bhosda crying_face crying_face,sarcastic
thike bhai tum bhi le lena bjp yuva neta ka sticker car pr face_with_tears_of_joy,sarcastic
Oore oore Godi media ki gand me mirch lg gyi jbb kisi ke mandir msjid ke smne tumhe apne bgvn ki ydd aati h todte ho apna flag fahlate ho tbb ye media wale gand ghone jay rhte h face_with_tears_of_joy face_with_tears_of_joy face_with_tears_of_joy,non-sarcastic
#shivsena #bajarangdal triangular_flag om #bjp #hindusena #bangal #bjpkolkata #kolkatapolice #kolkatablogger kya kar rahe ho kolkata vala,non-sarcastic
Heart touching cross_mark kidney touched check_mark_button,non-sarcastic
aabbu ko deke ayi ho ya bhai jan ko kyouki maje ka hub hai,sarcastic
Suit or sari pehen k aati h or odd jagah pr tatoo krwati hai grinning_face_with_sweat grinning_face_with_sweat grinning_face_with_sweat,non-sarcastic
nountain dew : dr ki ma ki******t,non-sarcastic
10000 dhruv rathee cross_mark 1 sudanshu trivedi check_mark_button face_with_tears_of_joy face_with_tears_of_joy face_with_tears_of_joy,non-sarcastic
Aju bhaju bool ja lo*a pakad jhool ja grinning_face_with_sweat face_with_tears_of_joy face_with_tears_of_joy face_with_tears_of_joy,non-sarcastic
Abe sarkar bani kab he godi media face_with_tears_of_joy,sarcastic
"MLA @LocalNeta ka road plan, ab toh traffic khatam, madarchod logic! 🚧",sarcastic
I always support or respect mr. Nehru but this decision is wrong cross_mark,non-sarcastic
Yeh toh Mera roj ka kam hai face_with_tears_of_joy,non-sarcastic
"thoda yaha bhi bhok le hijde , modi pe video dalne se tera channel nhi chalega",sarcastic
Tbhi Sb Muslim madarch**d hote h enraged_face enraged_face enraged_face enraged_face ..... proud to be hindu triangular_flag triangular_flag,sarcastic
saare ke saare haraamakora hain … raathee ko milake …,sarcastic
Jai shree Ram rolling_on_the_floor_laughing rolling_on_the_floor_laughing rolling_on_the_floor_laughing rolling_on_the_floor_laughing,non-sarcastic
aura ina jaison ko rojagaara aura achchee sarakaaree suvidhaa chahie| jaisaa face_with_tears_of_joy,non-sarcastic
Abe andhbhakto ku aulado congress ki kon si sarkar aayi hai ye to btao bhai usne kaha tha ki agar hamari India gathbandhan ki sarkar ayegi satta main tab khatakhat mahilao ko paise milege face_with_tears_of_joy tm log aise hi thodi andhbhakt ko modi k chatukar or chintu ho face_with_tears_of_joy face_with_tears_of_joy face_with_tears_of_joy,sarcastic
Jay shree ram smiling_face_with_heart-eyes smiling_face_with_heart-eyes smiling_face_with_heart-eyes smiling_face_with_heart-eyes smiling_face_with_heart-eyes smiling_face_with_heart-eyes,non-sarcastic
Bohut achha huaa key karo ge face_with_tears_of_joy face_with_tears_of_joy jay Shree Ram,non-sarcastic
aisi bat mat kar owaisi dikat me ajayega har har mahadev,non-sarcastic
Abe chutiya yaha baat ho Rahi ki sitting chief minister ko pahli baar jail hui h.......ye bjp wale sach me andhbhakt h face_with_tears_of_joy face_with_tears_of_joy face_with_tears_of_joy face_with_tears_of_joy,sarcastic
program realistic aur achievable lag raha hai,non_sarcastic
Yahaan ka moot nikal jaata hai face_with_tears_of_joy face_with_tears_of_joy,non-sarcastic
aare jitne se milega na check_mark_button,sarcastic
ye bhi bata dena 5 aekar jamin di thi..babar ka bata dena mandir todkar masjid banayi,sarcastic
rolling_on_the_floor_laughing rolling_on_the_floor_laughing rolling_on_the_floor_laughing rolling_on_the_floor_laughing rolling_on_the_floor_laughing rolling_on_the_floor_laughing rolling_on_the_floor_laughing,non-sarcastic
Jai shree Ram red_heart triangular_flag prayer_beads,non-sarcastic
haha bhai subah se idhar udhar ho raha hu,non_sarcastic
"Phone charge pe laga ke soya tha, par plug hi switch on nahi kiya. Utho toh 5% battery! Yeh toh dhokha ho gaya, dost. 📱🔋 #LifeFail",non_sarcastic
Ye aadmi Google ka bhi baap hai face_with_tears_of_joy,sarcastic
"eendia eendia eendia eendia eendia eendia eendia eendia person_raising_hand , thum logon ki pav me keede pade. or stroke hojai",sarcastic
kaisa hai bhai,non_sarcastic
Bhikari sale musalma face_with_tears_of_joy face_with_tears_of_joy face_with_tears_of_joy jy Shri ram red_heart red_heart red_heart,sarcastic
fark smjho bhai.... oonka kattarwar alag hai hamare kattarwad se.... oonka kattarwad jihadi hai hamare kattarwad me bhi prem upasna hai.... shayad ap mature nahi ho isliye ap smjh nhi rahee,sarcastic
face_with_tears_of_joy face_with_tears_of_joy face_with_tears_of_joy face_with_tears_of_joy face_with_tears_of_joy face_with_tears_of_joy,non-sarcastic
we are chutiya .. proved here,sarcastic
ye atankwadio ko bharat mein rehne ki adhikar nhi jay shree ram triangular_flag triangular_flag triangular_flag,non-sarcastic
e bhi dharm se jod diya godi media crying_face crying_face,sarcastic
jaya shree krrishnaa jaya shree raama triangular_flag triangular_flag triangular_flag ayodhyaa vaale sachche hindoo hai na ki andhabhakta hindoo check_mark_button,sarcastic
oop gawar state h waha k log to aur gawar h,sarcastic
Rider ki galti hai enraged_face enraged_face enraged_face enraged_face enraged_face angry_face angry_face enraged_face enraged_face pleading_face pleading_face enraged_face enraged_face enraged_face enraged_face,non-sarcastic
tu bola nahi tera bhut bola,non-sarcastic
"chinaala raanda gaava jhavaadee, too puchee vaatata sutalee aaeeghaale mhanoona sagale tashe nasataata...",sarcastic
Khtakhat khtakhat chuna bhi lga diya congress ne face_with_tears_of_joy face_with_tears_of_joy face_with_tears_of_joy face_with_tears_of_joy,sarcastic
eski sb lo ek ek krke,non-sarcastic
4 shaadi aur 20 bacche Wale mulle face_with_tears_of_joy,sarcastic
Aur do vote rolling_on_the_floor_laughing rolling_on_the_floor_laughing rolling_on_the_floor_laughing rolling_on_the_floor_laughing rolling_on_the_floor_laughing,non-sarcastic
eesko yahi condom pahna kr dale ge,non-sarcastic
Randiya or kar bhai kay sakti Hai uamay say hai oo face_with_tears_of_joy face_with_tears_of_joy face_with_tears_of_joy,non-sarcastic
Kbja krenge sari jagah ye anpadh beldari krte huye or hum kuch educated log inke top pr honge smiling_face_with_heart-eyes face_with_tears_of_joy,sarcastic
face_with_tears_of_joy face_with_tears_of_joy face_with_tears_of_joy face_with_tears_of_joy yahi hota h jab nai gadi ka insurance na ho...bass bakchodi hi pail rahi h bhikhari road me nikali h mehngi gadi le kar futti sa insurance lene me bhikhari ban jate h.. face_with_tears_of_joy face_with_tears_of_joy face_with_tears_of_joy fir dikh jata h kon kitna Ameer or ka tna gareeb hai..aree jao claim lo insurance company se ...par wo to karwaya nahi hoga yaha bakchodi krr rahi public stunt kar rahi bevkuf face_with_tears_of_joy face_with_tears_of_joy face_with_tears_of_joy,sarcastic
ek akele ak akele pure congressiyon pr bhari hai triangular_flag triangular_flag fire folded_hands,non-sarcastic
"haha, awaz zyada badi ati hai. na?",sarcastic
eesko jo gali na de wo hindu kis bat ka crying_face,sarcastic
ye launda kiska modi ji apne launde ko smjha lo face_with_tears_of_joy,sarcastic
eenka chutiya cut gaya abhi bhi nahi samjhe rolling_on_the_floor_laughing,non-sarcastic
Kuch bolungi to jyada ho jayega rolling_on_the_floor_laughing,non-sarcastic
eenki mkc inko khalakhan bhi kadwa dikhta enraged_face,non-sarcastic
aabhi 9month ki mehnat bekar ho jati,non-sarcastic
proud to be sanatan triangular_flag triangular_flag triangular_flag triangular_flag triangular_flag,non-sarcastic
"karlo re chhutiyon badnami jinse barabari nahi hoti , unki aukat hee itni hojati ke sirf badnami he kar sakte skull backhand_index_pointing_left",sarcastic
nountain dew cross_mark desi h 70 ka kamal check_mark_button check_mark_button,sarcastic
Dar ke age jithe face_with_tears_of_joy face_with_tears_of_joy,non-sarcastic
"chalo kam se kam wo kahi door hai, ye soch lege ki nhi mila, 15 lakh dene wale yaha ho k bhi nhi diye....",sarcastic
what an anchor amazing face_with_tears_of_joy face_with_tears_of_joy face_with_tears_of_joy,non-sarcastic
ghar basa nhi bhikari pahle pahuch gye,sarcastic
education hone par bhi extremism nahi jayega eeslam se.. fundamental hi galat hai eeslam ka,non-sarcastic
ha ha hai,non_sarcastic
Dhruv raathee can be renamed as Rakhi sawant,sarcastic
Aek same me aap bhi tihad jel me the face_with_tears_of_joy face_with_tears_of_joy,sarcastic
हा व्हिडिओ शेअर करा असं शेअर करा की सगळ्या महाराष्ट्रात वायरलं झाला पाहिजे enraged_face enraged_face enraged_face enraged_face face_with_symbols_on_mouth face_with_symbols_on_mouth face_with_symbols_on_mouth face_with_symbols_on_mouth face_with_symbols_on_mouth face_with_symbols_on_mouth angry_face_with_horns angry_face_with_horns angry_face_with_horns angry_face_with_horns angry_face_with_horns angry_face_with_horns Jai shree Ram bow_and_arrow triangular_flag red_heart fire smiling_face_with_horns red_heart fire smiling_face_with_horns red_heart fire smiling_face_with_horns red_heart,sarcastic
aabe chutiya anchor sarkar mai kaha ayi congress ?,sarcastic
Cameraman drinks 100 mountain dew in breakfast!! fire moai,non-sarcastic
Jal rhi hai na Teri bhi face_with_tears_of_joy face_with_tears_of_joy face_with_tears_of_joy face_with_tears_of_joy face_with_tears_of_joy face_with_tears_of_joy,non-sarcastic
Five star+ mountain dew + vimal == dar ki Puri family ki ch*t face_with_tears_of_joy face_with_tears_of_joy face_with_tears_of_joy face_with_tears_of_joy face_with_tears_of_joy face_with_tears_of_joy,sarcastic
Hi Mia Khalifa kab kaha de Rahi ho fire fire fire fire fire fire,sarcastic
eesko jinda rahne ka hk nhi hai enraged_face enraged_face enraged_face enraged_face enraged_face enraged_face,non-sarcastic
ja bhen dya loddya kuttya tu awdi kudi di awde munde nu dva dya kr sala gandu face_with_tears_of_joy,non-sarcastic
Sala hamesha galat admi se sawal karta hai tatti face_with_tears_of_joy face_with_tears_of_joy face_with_tears_of_joy face_with_tears_of_joy,sarcastic
face_with_tears_of_joy bhen ki laudi abu ka le ke pagla gai hai face_with_tears_of_joy,sarcastic
ye sonia ji ki bahu hai,non_sarcastic
person_in_lotus_position person_in_lotus_position person_in_lotus_position person_in_lotus_position person_in_lotus_position person_in_lotus_position,non-sarcastic
tu tar punyaachyaa budhavaara petheta janma ghetalaa,non-sarcastic
Congress varuwa hai sala face_with_tears_of_joy face_with_tears_of_joy face_with_tears_of_joy,sarcastic
Record cold_face tod denge smiling_face_with_horns world fire ka puri jaghe face_screaming_in_fear apna flexed_biceps_dark_skin_tone hoga kabza collision,sarcastic
neetron.. taj nahal se mera purana nata hai.. nein apne grahako ko sirf taj nahal chai pilata …,sarcastic
aho taaee aahaata mantraalaya banavaava laagela na,non-sarcastic
gandhi ki pehchan hai ye musle,sarcastic
yanha bhi pelege vanhaa bhee pelenge bol rahi hai bol rahi hai mtlb samajh rahe ho n,sarcastic
gandi ladki. aabhi to tum 18 ki bhi nahi hui thik se !,sarcastic
आई बापाने जर व्हिडिओ बघितला असेल तर लय मारलं असल राव face_with_tears_of_joy face_with_tears_of_joy,non-sarcastic
bade bhai tak ko gali de rahi bhai kese sah liya mai hota vahi pe iski gadi ki ma chod deta,sarcastic
Yahkaam bad mille Kat sakte h crying_face crying_face crying_face crying_face crying_face face_with_tears_of_joy,non-sarcastic
eendia eendia eendia eendia eendia eendia check_mark_button check_mark_button check_mark_button check_mark_button,non-sarcastic
berojagaaree kyon ba.dee huee he ye bhee to bolo,sarcastic
gao bhasa nahi bhikhari pahle a gaye,sarcastic
Kisne Bola Tha Fir Pehle Mu Se Hagne... Content content ke Naam pe these so called content creator... Can go to any extent... To grab views n Followers.... Without understanding the gravity of the situation.... Now Face The Consequences...,non-sarcastic
Script pdne wala German Shepherd person_walking ram ram ram,non-sarcastic
400 par phir badal denge face_with_tears_of_joy,sarcastic
camera man never dies skull skull,sarcastic
bahot hi …,non_sarcastic
Khangress ko vote ballot_box_with_ballot do face_with_tears_of_joy face_with_tears_of_joy face_with_tears_of_joy,sarcastic
jo bholenaatha jee kaa apamaana kara raheen vo saalee janataa kee kyaa kaaka izzata karegee enraged_face enraged_face enraged_face enraged_face,non-sarcastic
Bro started rapping in politics face_with_tears_of_joy,non-sarcastic
wha bhi wha modi aur yogi adani k bare me kuch bolna ch tumri g__ ma dum nahi hai esi liya hindu aur nuslim karta ho thu hai ap jisa newa walo pe thu hai tera jisa admi pa kyu tujha gn___ ma dard hora thu,sarcastic
Khalistan is not good for Hindustani face_holding_back_tears pleading_face,non-sarcastic
aab ki bar modi sarkar babri majjid k sath bolo jai shree ram fire,sarcastic
ha hai iske kamine pan ki bhi,sarcastic
press note detailed tha,non_sarcastic
If bhenchod had a face clown_face,sarcastic
ही बुधवार पेटेतली आहे किती जणांना वाटते ते लाईक करां face_with_tears_of_joy face_with_tears_of_joy face_with_tears_of_joy face_with_tears_of_joy face_with_tears_of_joy,non-sarcastic
Dar ki maa face_with_tears_of_joy bhut moai,non-sarcastic
Chocolate nahi cross_mark khabees ka check_mark_button,non-sarcastic
jai shree ram triangular_flag triangular_flag triangular_flag,non-sarcastic
ese eendia me dafnane ke liye bhi jagah mat dena modiji en jaisonke liye ho pakistan banaya he dakel do vaha enhe bhi bharm ke nam par bane the na do mulkh fir vaise hi hona chahiye hundred_points hundred_points hundred_points,sarcastic
hindustani hai tabhi tujhe haraya hai moai moai moai moai moai moai,non-sarcastic
yedzavhni ahe hi aani tyat uddhav ne ghetle shivsenet,non-sarcastic
Ek public mai chaanta dhar do yahi mar jayegi. face_with_tears_of_joy,non-sarcastic
project ka goal clearly stated tha,non_sarcastic
La*d pe c*nd0m pe sahi chiz chada di face_with_tears_of_joy,non-sarcastic
Transliterated_Comment,sarcasm_label
Pappu ne aap sabko popat bnaya face_with_tears_of_joy,non-sarcastic
jaya shree raama triangular_flag triangular_flag triangular_flag triangular_flag triangular_flag triangular_flag triangular_flag triangular_flag triangular_flag triangular_flag triangular_flag triangular_flag triangular_flag triangular_flag triangular_flag triangular_flag triangular_flag triangular_flag,non-sarcastic
Heart touching cross_mark kidney touching check_mark_button,non-sarcastic
Dhruv Rathee ki muh me Loda fas gaya ab face_with_tears_of_joy,sarcastic
Bahuth gyan peldiye jake hallalla karlo o yi sahi he thurlmare liye face_with_tears_of_joy face_with_tears_of_joy,sarcastic
"Secularism??? At this point secularism = being anti hindu in india, its a shame",non_sarcastic
social media updates timely the,non_sarcastic
eenko dekhte hi man mein se eetni bat kahane ko man hota hai magar bol nahin sakte,non-sarcastic
Masjid banate time ny dekha tha kya face_with_tears_of_joy,sarcastic
Nikal face_with_tears_of_joy face_with_tears_of_joy face_with_tears_of_joy face_with_tears_of_joy face_with_tears_of_joy,non-sarcastic
government kha bni congress ki government bnti to garebo ko milta,sarcastic
jb paise nhi milenge inhe tb bhi akal nhi ayegi ki congress ne hamesha desh ko barbad kiya h or age bhi krti rahengi,non-sarcastic
nountain dew dar ki ma ki c*ut fire,non-sarcastic
Tu kashala ashe yz chale karto mg face_with_tears_of_joy,non-sarcastic
darr kya hota h ... moai,non-sarcastic
Waaahhhh reee kyaa soch h re teri face_with_tears_of_joy face_with_tears_of_joy face_with_tears_of_joy,sarcastic
"They are against the india because the india didn’t give them nothing and especially they give us the 1984 blue star operation and divided our whole panjab in himachal , haryana , west pakistan, north Rajasthan , jammu kashmir, and they all of indians are thinking we are fool . Because they forget about the what guru gobind singh had done for the india but we are not understanding , they are thinking that khalistanis are mad ,foolish and terrorist , we are not terrorists we are just explaining that we want khalistan and our all rights that we snatched by govt. from us and if they will don’t do this then we will do only",non-sarcastic
soo bro don't be cross our limit,non-sarcastic
jao ram ko lagaye hum unko nhi layege,sarcastic
behn ki londi ko koi vote na de,sarcastic
Sala koi v bike leke aajkal blogger bana jata he face_with_tears_of_joy face_with_tears_of_joy Chapri Chutiya Biker,sarcastic
Ek Gudiya hi to thi!! person_shrugging_light_skin_tone,non-sarcastic
jhavaade kaaya laayakee ye bhenchoda tujhee chinnaala randyaa baryaa tujhyaa samora aaeeghaale dhandyaa vara basaayachyaa laayakee chee thevaayacha naahee tulaa samora aalyaavara tujhyaa puchchee ta aamachyaa maraathyaachaa bullaaghaaloona tujhee puchchee soloona jhavalee paahije jhavaade raamaachaa naava nako gheoo ulata karoo karoo jhavala tulaa chinnaala face_with_symbols_on_mouth raising_hands,sarcastic
Manu Banya rolling_on_the_floor_laughing enn logo kaa vote bhee wast hoo gaya kharab hoo Gaya face_with_tears_of_joy face_with_tears_of_joy,sarcastic
sbse bada atankwadi yeh sudhir chaudhary h jo logo k deemag me tank fila rahh nafrt dalkr,non-sarcastic
buddha mansik roop se sathiya gaya hai skull,non-sarcastic
enraged_face enraged_face enraged_face enraged_face enraged_face enraged_face,non-sarcastic
Wo elbish chutiya jeet gya tha to kaha tha ye aur jab khattar saab bhi us chutiye ke meetup me aake usko support kr rhe the face_with_tears_of_joy,sarcastic
jiske sath uthna sona khana pine jati hai nich soch bhari iske dimag me converted hai yeh nam na dekho kam bata rha hai ki kaha se he yeh,non-sarcastic
"Gravity guy MAA Cho,***da ne rolling_on_the_floor_laughing check_mark_button",non-sarcastic
Instagram ko to chain se jine do face_with_tears_of_joy,non-sarcastic
Lund par jhula khelte khelte mar gaya face_with_tears_of_joy face_with_tears_of_joy,non-sarcastic
chal nikal aapne aallah pathar ko lekar,sarcastic
"Traffic mein 2 ghante phasa, ab toh car mein hi ghar basa lunga, madarchod! 🚗",sarcastic
rolling_on_the_floor_laughing rolling_on_the_floor_laughing rolling_on_the_floor_laughing rolling_on_the_floor_laughing rolling_on_the_floor_laughing rolling_on_the_floor_laughing,non-sarcastic
Rap to tera high class tha bhai ab ekdum se middle class ban gaya… Enjoy the meheman nawaji by Police now…,sarcastic
jhande lehrane se kaam nahi hote,sarcastic
every ground visit comes with drone shots,sarcastic
dar ki ma ki ch*t check_mark_button,sarcastic
Ye to thuk lga kr hi p..... Diye sir aapne to face_with_tears_of_joy face_with_tears_of_joy face_with_tears_of_joy face_with_tears_of_joy face_with_tears_of_joy dhurv jhati kaha chatne chla gya dikh nhi rha he face_with_tears_of_joy face_with_tears_of_joy face_with_tears_of_joy,sarcastic
na ka pyar zyada bhari tha ent se,non-sarcastic
तुझ्या आईची गांड रंडी साली झवाडी face_with_tears_of_joy face_with_tears_of_joy face_with_tears_of_joy ....,sarcastic
jay shree ram triangular_flag triangular_flag triangular_flag triangular_flag triangular_flag triangular_flag triangular_flag triangular_flag triangular_flag triangular_flag,non-sarcastic
Eat fivestar do nothing cross_mark dew mountain,non-sarcastic
Hasee toh bhi nahi phasee. #UpcomingSequels,sarcastic
tuma rukee hai tumako jaya shree raama banoge triangular_flag triangular_flag triangular_flag,non-sarcastic
Brazilian ledies ko 7 Hindu ne rape Kiya pleading_face pleading_face pleading_face pleading_face pleading_face pleading_face pleading_face pleading_face,sarcastic
aare lavadyaa doghaannaa maaruna pana aajuna tujhaa maaja kamee naahee jhaalaa kaa bhaadakhaaoo,sarcastic
49 missed call from marvel face_with_tears_of_joy face_with_tears_of_joy face_with_tears_of_joy,sarcastic
Ab bhejo Paisa khtakht khtakht face_with_hand_over_mouth face_with_tears_of_joy rolling_on_the_floor_laughing rolling_on_the_floor_laughing rolling_on_the_floor_laughing rolling_on_the_floor_laughing rolling_on_the_floor_laughing rolling_on_the_floor_laughing,non-sarcastic
yeh rathee khud ko samjhta kya hai,non-sarcastic
Ek bhadwa desh ke bahar baith ke enko chutiya bnaa sakta hai rolling_on_the_floor_laughing rolling_on_the_floor_laughing rolling_on_the_floor_laughing,sarcastic
"@Ankit finally ghar ka Wi-Fi sahi chal raha hai, thanks for the jugaad bro!🙏 #InternetLife",non_sarcastic
15Lakh Ke Jumle Ka to Bol Godi Media face_with_tears_of_joy,sarcastic
Heart touching video cross_mark_button gravity ki ma MKC check_mark_button,non-sarcastic
meri ap sbse req hi ki is video ko sabhi log ek sath share kre,non-sarcastic
Do nathing dar ki mkc face_with_tears_of_joy,non-sarcastic
Mai bhi lullah ka face reveal karunga.. face_with_tears_of_joy face_with_tears_of_joy,sarcastic
Aurato k khate me cross_mark muslim aurato k khate me check_mark_button,non-sarcastic
Lo maze ab dedo pr vote enraged_face enraged_face enraged_face enraged_face face_with_tears_of_joy,sarcastic
bhagwan he saza dega… ap log ko bharosa hai bhagwan par… phir yahi or chor do,sarcastic
chutiya rider hai bahan chod aapne bap se bhi aise bat karta hai ghar mein,non-sarcastic
Ye polo ke upar Pani peene ka natija hai.... face_with_tears_of_joy face_with_tears_of_joy,sarcastic
face_with_tears_of_joy face_with_tears_of_joy face_with_tears_of_joy fir behn hi q bolnA enraged_face,sarcastic
Gravity nam ki bhi koi cheez hoti h grinning_face_with_sweat,non-sarcastic
Jin logo ne congress ko vote diya be like:- Gaddari karbe tori mai ke face_with_tears_of_joy face_with_tears_of_joy rolling_on_the_floor_laughing,sarcastic
red_heart red_heart red_heart red_heart red_heart red_heart red_heart red_heart red_heart red_heart red_heart red_heart red_heart red_heart red_heart red_heart,non-sarcastic
Mot ki maa ki c**t face_with_tears_of_joy,non-sarcastic
Ek bar bolo jai Shree raam raising_hands red_heart,non-sarcastic
Eat 5star do nothing cross_mark mountain Dew dar ki maki chuth check_mark_button,sarcastic
Chup supnekha Rakskhni face_with_tears_of_joy face_with_tears_of_joy face_with_tears_of_joy,non-sarcastic
eesee ko bulao vote dene ke liye,sarcastic
Proud to be sanatan dharm check_mark_button triangular_flag,non-sarcastic
nulla ji ab kux nh milega kiya do or bhikariyo ko,sarcastic
"isko sahi or kadak saman chaiyye nil nahi raha is liye ... aaisa kar rahi hai ,",non-sarcastic
triangular_flag triangular_flag triangular_flag triangular_flag hundred_points face_holding_back_tears,non-sarcastic
galat kiya gareeb ke sath crying_face,non-sarcastic
"Aap se ye hi ummed he, desh ko loota our lootwao. Wah re tumhari niyet. Ye poorana shook he.",sarcastic
Chutiya tumhe rolling_on_the_floor_laughing rolling_on_the_floor_laughing rolling_on_the_floor_laughing rolling_on_the_floor_laughing,non-sarcastic
5 star only dew°° fire fire fire,non-sarcastic
"aabe laundbhakt, 2000 rupiya aur 1lakh mai difference pata hai? karnataka vs eendia ka total population ko 1 lakh denese total kitna hota hai pata hai? total utna hota hai jitna eendia ka total networth nahi hai.",sarcastic
aaaj pata chala newtan ne kyu susait kiya.....aj kuch nahi bolunga slightly_smiling_face,sarcastic
Pese ke liye face_with_tears_of_joy face_with_tears_of_joy face_with_tears_of_joy face_with_tears_of_joy face_with_tears_of_joy face_with_tears_of_joy marwloo,sarcastic
Newton crying in corner face_with_tears_of_joy RİP Gravity face_with_tears_of_joy,sarcastic
Abe lannd fakir ye kya hai or tu ky bol raha hai chutmanike face_with_steam_from_nose lavdi media bc,sarcastic
ees bare mai secular logo ka kya kahena hai...,non-sarcastic
कितनी संस्कारी लड़की है rolling_on_the_floor_laughing rolling_on_the_floor_laughing rolling_on_the_floor_laughing rolling_on_the_floor_laughing,sarcastic
aankit lol ne aarnab ko nodi ka kutta bola . sham ko maza,sarcastic
nasjid gyi h choti bat h kya gham ni hoga kya crying_face crying_face,non-sarcastic
nountain dew- dar ki ma ki chut moai,non_sarcastic
डोक्यावर पडलेल्या मुली face_with_tears_of_joy face_with_tears_of_joy face_with_tears_of_joy,non-sarcastic
tatti ko gali do khul ke,sarcastic
"congress sarkar jeetegi too milega, jeeti hi nahi enraged_face",sarcastic
Mountain dew cross_mark Darr ki maa ki chut check_mark_button face_with_tears_of_joy,non-sarcastic
"Itna to Google ke pass bhi data nhi hai, dhruv rathi ko bolo red_heart da chatna band kare",sarcastic
tabhi to 400 seats chahiye thi...lekin hindu tk hamesha jat me bantkar reh gaye....,sarcastic
Thii hii kab rolling_on_the_floor_laughing rolling_on_the_floor_laughing bahen logo ki jamin lutne ki aadat hai tume tho rolling_on_the_floor_laughing,sarcastic
"too aani tujhee poorna pha.cmila dhaandyaa vaalee aale ,,, bhadakhaaoo tujhee laayakee aahe kaa raamaa baddala bolaayachee too maajhyaa samora ye phakta maga bagha tujhyaa gaandita kasaa paaya ghaalato",non-sarcastic
aandhbhakt pagal hogaya hai fire gayee iski,non-sarcastic
Inko to gand me L DALO SALO KE,sarcastic
"Street ka golgappa khaaya, pet mein dhamaka, bhenchod hygiene! 🤢",sarcastic
Yogi ji bali pehante hai thinking_face thinking_face face_with_peeking_eye,non-sarcastic
sab ek hi jaisi lagti hain ab to. jaye to kaha jaye.,sarcastic
Those f_ckers are destroying Canada and Indian flag crying_face,non-sarcastic
Bs dede nhi to ro dunga mai loudly_crying_face,non-sarcastic
nusalman neheru ki aamma ke najayaz pati the or neheru ki najayaz pitha hai,sarcastic
Sitting Chief minister ki baat chl rhi hai… tbb wo chief minister nhi tha,non-sarcastic
Bacha Allah ki den hai or berozgari Modi ki den hai clown_face clown_face,sarcastic
sastee pablisitee ke liye ye 2 takke ke youtuber kucha bhee karate hai| aura aba yahaa.n middle class vaalaa j~naana de rahaa hai|,sarcastic
tumhari man bahan hai is tiranga ki vajah jinda hai nahin to kote per baithi hui thi kothe per,sarcastic
Ab yeh bade bade neta loog ko condum pahenaigi face_with_tears_of_joy face_with_tears_of_joy face_with_tears_of_joy,sarcastic
Kya mst mal he face_with_tears_of_joy face_with_tears_of_joy face_with_tears_of_joy tabhi to me sochu ye phate condom ke natije ese kyu hote he face_with_tears_of_joy face_with_tears_of_joy face_with_tears_of_joy face_with_tears_of_joy,sarcastic
"Ladke Gali de ke bakchodi kre to ladke badnam nhi hote, gjb chomu log ho bhai log, tum sb ke 4, 4 Dande baja degi tb sukoon milegi face_with_tears_of_joy",non-sarcastic
rolling_on_the_floor_laughing rolling_on_the_floor_laughing rolling_on_the_floor_laughing rolling_on_the_floor_laughing rolling_on_the_floor_laughing rolling_on_the_floor_laughing rolling_on_the_floor_laughing kya baat h khud ki insult,sarcastic
garv se kaho tum hizde ho,sarcastic
Tula kashala tya topic vr video banvaychi hoti chutiya !!! face_with_tears_of_joy ....Ata police tuzya ढुंगणावर निबंध लिहणार . face_with_tears_of_joy face_with_tears_of_joy,sarcastic
ajkal hum khud hi ghum rehte hai.. ladki chhod ke chali gayee. dil hi toot k reh gaya hai,non_sarcastic
wo to malyali hai,non_sarcastic
Mountain dew cross_mark cross_mark rajnigandha check_mark_button check_mark_button,non-sarcastic
ध्रुव तुझे अकल नाम की चीज है या नही squinting_face_with_tongue squinting_face_with_tongue squinting_face_with_tongue कितना चाटोगे काँग्रेस की,sarcastic
sale sardar ji logo ke nam par kalank h asli sardar ji kavi bhi apne eendia ko apne mathe se lagata h n ki apne pero ke niche jai hind ki sena,non-sarcastic
jaise 370 hata diya waise ye bhi hat jayega dosto . nodiji jindabad.,sarcastic
aayodhya bale tu ple se dogle h,non-sarcastic
Congress 60 saal se yahi to kar rha h face_with_tears_of_joy face_with_tears_of_joy face_with_tears_of_joy face_with_tears_of_joy face_with_tears_of_joy face_with_tears_of_joy,sarcastic
Apke Marne se pehele wapis bna denge babri masjid inshaallah palms_up_together,sarcastic
Dhruv rathee fire hits BJP very hard crying_face,non-sarcastic
nodi ji ke 3rd trum me waqf ki ram nam satya hain ho jayega,sarcastic
Sudhanshu sir vs dhruv rathee needed !,non-sarcastic
"tere dimaaga kaa ilaaja karavaa, tujhe to kucha bhee pataa naheen aadidharma ke baare men| kitanee ghatiyaa tippanee karate hue tujhe sharma naheen aayee| teree maa.n devadaasee hogee maanataa hoo.n| main maanataa hoo.n tumhaaree maa.n kaa balaatkaara braahmanon ne kiyaa hogaa aura usee balaatkaara se tumhaaraa janma huaa| lekina usakaa badalaa lene ke lie aisee tippanee karanaa theeka naheen| jhootha phailaane se tuma jeeta naheen sakate| neecha jaati ke ho yaha tumhaaraa bhaagya hai| dimaagee neecha ho yaha durbhaagyapoorna hai|",non-sarcastic
DAR KI MA* KI CH**T face_with_tears_of_joy,non-sarcastic
tu apni bhai ne ek bari mein bhej dekh teri amma na chodo tum per gai hai,non-sarcastic
face_with_tears_of_joy face_with_tears_of_joy face_with_tears_of_joy face_with_tears_of_joy face_with_tears_of_joy face_with_tears_of_joy,non-sarcastic
Yah pappu Kabhi Nahin sudharne wala hai face_with_tears_of_joy face_with_tears_of_joy face_with_tears_of_joy,non-sarcastic
ek aur jumla jo headline ban gaya,sarcastic
50 present or hone do in mullo ko .tabhi to ye bas bacche peda karte hai kyuki apni population bdane ke liye,sarcastic
Mountain dew cross_mark Desi paua check_mark_button,non-sarcastic
this is wrong m a sikh indian sikh dont do plz,non-sarcastic
Rathee ki gaand me ladhi clown_face,sarcastic
Hume nahi dikhai deti babari masjid kaha pe hai chand pe rolling_on_the_floor_laughing rolling_on_the_floor_laughing rolling_on_the_floor_laughing,sarcastic
Bharat mata ki Jay Ho India India India cross_mark cross_mark enraged_face enraged_face,non-sarcastic
cheapest nahi pucha. Best pucha hai.,sarcastic
Admin ko galiya for uneducated without knowing anything,sarcastic
hhaha galt ky hai es me tum logo ap e bahi se sadi krti to ho us ne sahi bola,sarcastic
R word in my mind face_with_open_mouth,non-sarcastic
ye bhi hat jayga dekhte jao,sarcastic
Dhruv rathee cross_mark Congress ki chamcha face_with_tears_of_joy,non-sarcastic
Elvish Yadav ke time bheed ko dekh kar isko koi problem nhi hui hogi face_with_tears_of_joy face_with_tears_of_joy face_with_tears_of_joy,sarcastic
aallahh ki nam pai randikhana chala raka hai,sarcastic
aagar iske bap ne condom lgaya hota to aj ye ynha nhi hoti,sarcastic
Same ask pakisthan Muslims who killed crores of hindus now the condition of hindus,non-sarcastic
Uniform civil code is the only key to remove all the unnecessary laws acts and unwanted institutions,non-sarcastic
Heart touching video cross_mark kidney touching video check_mark,sarcastic
thodi si sharm hai to kar lo abhi congress jiti hai aur agale mahine apka apna paisa mil jaega matlab se vote mat dalo itne din do-do hajar rupaye jo diye use waqt koi nahin chala chala kar nahin kaha abhi aallah bol kar abhi aur usmein bhi nahin hua ap log pahunch gaye apna paisa vasul karne ke liye agale mahine per jaega rahul hai vah dhokha nahin dega nodi nahin hai jo dhokha dega,sarcastic
dhikar he esi sarkar par jo iska kuch nahi kar pa rhi he,non-sarcastic
Transliterated_Comment,sarcasm_label
lady don nhi judiciary ki den h iski akad,non-sarcastic
Katvi .. rolling_on_the_floor_laughing rolling_on_the_floor_laughing logo ka kat laga doobara face_with_tears_of_joy face_with_tears_of_joy,non-sarcastic
"This guy is living proof of Truth is not important, what people believe is important",non-sarcastic
garva se kaho hama hindoo hain raising_hands triangular_flag triangular_flag triangular_flag,non-sarcastic
"tuje badi jalan ho rahi #trump se "" aja main or tu ek photu khichwate ... ethasik hogi "" #nonalisa k bad ...",sarcastic
betaa tumhaare bhagavaana kee sephtee bhee to jarooree hai,non-sarcastic
Pelvish k wqt kha the jb cm bhi meetup m gya tha face_with_tears_of_joy,sarcastic
rolling_on_the_floor_laughing rolling_on_the_floor_laughing rolling_on_the_floor_laughing rolling_on_the_floor_laughing rolling_on_the_floor_laughing Modi jindabad rolling_on_the_floor_laughing rolling_on_the_floor_laughing rolling_on_the_floor_laughing Jay shree Ram face_with_tears_of_joy face_with_tears_of_joy face_with_tears_of_joy face_with_tears_of_joy,sarcastic
Hat jatu rolling_on_the_floor_laughing rolling_on_the_floor_laughing rolling_on_the_floor_laughing rolling_on_the_floor_laughing rolling_on_the_floor_laughing rolling_on_the_floor_laughing rolling_on_the_floor_laughing,non-sarcastic
tatoo too acha banya lakin voo tatoo dekha gha kaha pura too kapda ma dhak jayagha,non-sarcastic
chacha aur apka pair niche ho jata to ap kidhar rahte hain re train kidhar rahti hai,sarcastic
Rand sali kutri pile_of_poo pile_of_poo dog_face dog_face dog_face,non-sarcastic
aaisay thorina hota hai,non_sarcastic
"Yeh modi ne paise de kar aurato ko beja hai rolling_on_the_floor_laughing rolling_on_the_floor_laughing rolling_on_the_floor_laughing Etna koi bevkuf nahi hota, Rahul Gandhi ne bola tha PM banne k baad paise ayege check_mark_button chuttiyo asi news dikhane walo",sarcastic
oos tutiye ko kya malum virodhi party ke log ram bhagt nhi ho skte kbhi,sarcastic
aab pkdle kisi ek builder ko rolling_on_the_floor_laughing,sarcastic
1500 years old temple is property of 1300 year old Islamic Waqf Board face_with_tears_of_joy,sarcastic
kya sach mein nuslim ke nan ke andar hinduon ke liye gussa aur bhara hua hai crying_face crying_face crying_face,non-sarcastic
enraged_face enraged_face enraged_face enraged_face enraged_face face_with_tears_of_joy check_mark_button cross_mark,non-sarcastic
abhee to jaya shree raama hogayaa / mahaakaala baakee hai fire,non-sarcastic
aur jii han I am proud to be a Muslim,non-sarcastic
burnol stock nill face_with_tears_of_joy face_with_tears_of_joy face_with_tears_of_joy,sarcastic
bohot jald waaqf jhatu bhi gayab hone wala hai relieved_face,sarcastic
aabe chaudhari ko samajh nein nahin aaata hai ki isko aagar nusalman ki bheed aagar mil jaye to isko jo hai khali atankwadi najar aaata hai,non-sarcastic
ekta kapoor cross_mark ek thi kapoor check_mark_button,sarcastic
triangular_flag triangular_flag ayodhyaa men baabaree masjida kaba thee vaha to raama mandira thaaaura rahegaajaya shree raama triangular_flag triangular_flag,non-sarcastic
tum media wale kabhi to acha bolo...,non-sarcastic
plz action this woman enraged_face enraged_face enraged_face,non-sarcastic
Gravity gayi maa ch*da ne face_with_tears_of_joy face_with_tears_of_joy,non-sarcastic
I am from UP sleepy_face but I voted to bjp thumbs_up,non-sarcastic
Bow to his knowledge relieved_face fire,non-sarcastic
Bohot khujli thi tujhe video bna ne ki face_with_tears_of_joy,non-sarcastic
triangular_flag triangular_flag triangular_flag triangular_flag triangular_flag triangular_flag jay sree ram triangular_flag triangular_flag triangular_flag triangular_flag triangular_flag jay sree ram triangular_flag triangular_flag triangular_flag triangular_flag triangular_flag jay sree ram,non-sarcastic
nuslim to ise bad me marega pahele hindu log esi tod do,sarcastic
tumhee pana te kelaa asela mhanoona tulaa vaatata kee raama techa kela asela aani khara saangayacha tara tu raamaachyaa nakhaanchee barobaree pana naahee,non-sarcastic
And here we know how gali(behnchod)is discovered face_with_tears_of_joy,non-sarcastic
beta bolo triangular_flag jaya shree raama triangular_flag,non-sarcastic
Wah kya soch hai teri face_with_tears_of_joy face_with_tears_of_joy face_with_tears_of_joy,sarcastic
Tera apna baap v yahi rhta tha dallle face_with_tears_of_joy face_with_tears_of_joy,sarcastic
India India India enraged_face enraged_face enraged_face enraged_face enraged_face enraged_face enraged_face enraged_face enraged_face enraged_face enraged_face enraged_face enraged_face enraged_face enraged_face enraged_face enraged_face enraged_face,non-sarcastic
Galat bol Rahi hain aap.. India and secular do words ek saath nhi use hote hain,sarcastic
jo bhee isake aasa paasa kaa ho. una logo me se kisee ko himmata karake aise logo ko sabaka sikhaanaa chaahie,non-sarcastic
Abe lvdi apna face dikhane se Dr rhi hr face_with_tears_of_joy,non-sarcastic
are hilaa budhavaara pethechyaa baahera konee sodalan,non-sarcastic
canada walo tumhare bht bure din ayenge dkh lena sale terrorist,sarcastic
ng video ka banvto re chutya enraged_face,sarcastic
aac bahut chalta hai,non_sarcastic
face_with_tears_of_joy face_with_tears_of_joy chal be chutiya aaj tak News face_with_tears_of_joy face_with_tears_of_joy,sarcastic
Eat 5 star star do nothing check_mark_button mountain dew :dar ki MC,non-sarcastic
Agyi congress teri road pe clown_face clown_face face_with_tears_of_joy,non-sarcastic
Elvis ke time Amma chudwa rha thaa kya #boycute red_heart red_heart red_heart red_heart red_heart red_heart red_heart Aaj Tak face_with_tears_of_joy,non-sarcastic
Pagal hojaya inhe litha ke marro isku,sarcastic
Ye hai muslim ki pachan bheek maag na face_with_tears_of_joy,non-sarcastic
iss kuti ko ticket mila kaise,sarcastic
Allah he alli kaha he face_with_tears_of_joy,non-sarcastic
Hm 2 humare 70 sab face_with_tears_of_joy face_with_tears_of_joy face_with_tears_of_joy face_with_tears_of_joy face_with_tears_of_joy face_with_tears_of_joy face_with_tears_of_joy face_with_tears_of_joy face_with_tears_of_joy face_with_tears_of_joy face_with_tears_of_joy face_with_tears_of_joy face_with_tears_of_joy face_with_tears_of_joy,non-sarcastic
Yeh India nahi hai chutiye face_with_tears_of_joy,sarcastic
sarakaara banee hotee to khataakhata aate eka dina jaroora milegaa,sarcastic
godee enkara saale kisa duniyaa me ho kaagresa aaegee tero .....maaregee bhee,sarcastic
jay shree ram triangular_flag triangular_flag triangular_flag triangular_flag,non-sarcastic
Dhruv cockroach cockroach cockroach Google se gyan lete hai aur sudhanshu ji Google ko bhi pel deta hai,sarcastic
eendia eendia eendia eendia eendia eendia eendia eendia eendia eendia eendia eendia eendia eendia eendia,non-sarcastic
tu hindu nahi hai hindu ki paida ki huyi nazayz olad hai bhen ke lode,sarcastic
eetna lalach karenge kal ko desh bhi bech denge ye sab paise ke liye aur nam modi ji ka lagayenge,sarcastic
navatach aandhare...aandhar ch dakhavnr prakash nhi...sagli labadi,sarcastic
Hai bhagwan face_with_tears_of_joy face_with_tears_of_joy face_with_tears_of_joy face_with_tears_of_joy ye kya kehe raha hai yr,sarcastic
aapne bap ka khake padosi ko bap bolne wale kuch hijde up me hai triangular_flag triangular_flag triangular_flag,sarcastic
ooss tym ye paida nhi hua tha skull jb paida hoga tbhi gyan pelega moai,sarcastic
Transliterated_Comment,sarcasm_label
amazing day today . i can't wait for tomorrow,non_sarcastic
Mountain dew dar ki maa ch***t rolling_on_the_floor_laughing rolling_on_the_floor_laughing rolling_on_the_floor_laughing,non-sarcastic
bjp wale toh devta hai face_with_tears_of_joy face_with_tears_of_joy,sarcastic
babri masjid khud gai or tu bhi chudegi or bagal vali bhi,sarcastic
All dog's vs 1 lion India,non-sarcastic
yoopee ke avvala darje ke pitha piche se vaara karane vaale hija.de face_with_tears_of_joy,non-sarcastic
cross_mark cross_mark cross_mark cross_mark cross_mark cross_mark,non-sarcastic
nountain due dar ki ma ki chut,non-sarcastic
tu kiti janana udun ghetls tula savay ahe,non-sarcastic
12sna potni rand she tu gav j,non-sarcastic
Ghar jal Raha hai kya face_with_tears_of_joy,non-sarcastic
Narendra Modi ji zindabad baba smiling_face_with_sunglasses flexed_biceps_light_skin_tone fire,sarcastic
Laude marr jayega na 5 sparkles kamm ayega na mountain dew face_with_tears_of_joy,non-sarcastic
Eat 5 Star Do Nothing smiling_face_with_hearts,sarcastic
Transliterated_Comment,sarcasm_label
Don't worry sir. They gonna suck it....,sarcastic
Transliterated_Comment,sarcasm_label
bulldozer baba ke jai jai jai jai jai jai jai jai jai jai jai jai jai jai. sreeeeeeeee raan,non-sarcastic
face_with_tears_of_joy face_with_tears_of_joy face_with_tears_of_joy hug diya godi ka dalla,sarcastic
kahe ka saram dala .. clapping_hands,sarcastic
face_with_symbols_on_mouth face_with_symbols_on_mouth face_with_symbols_on_mouth face_with_symbols_on_mouth face_with_symbols_on_mouth face_with_symbols_on_mouth face_with_symbols_on_mouth enraged_face enraged_face enraged_face enraged_face enraged_face enraged_face enraged_face enraged_face enraged_face enraged_face enraged_face enraged_face enraged_face enraged_face enraged_face enraged_face enraged_face enraged_face face_with_symbols_on_mouth face_with_symbols_on_mouth,non-sarcastic
Teri maa ki chud lavdi. Or bap ka sath Sona Vali lavdi face_with_tears_of_joy,non-sarcastic
eendia me dhram ke nam par ag fire ye sale midia wale hai,non-sarcastic
Camera man ko careful hona chahiye tha jab Ram ji k mandir shooting kar rahe the to anchor ki shoe wala portion nhi ana chahiye tha. It might be not intentionally or it not happened intentionally #but we should careful every time JAI SHRI RAM JI folded_hands,non-sarcastic
Heart touching video cross_mark heart attack video check_mark_button,non-sarcastic
सांप निकल जाने के बाद लकीर पीटने से क्या फायदा face_with_tears_of_joy face_with_tears_of_joy,sarcastic
beta tumne kam hi aisa kiya he tumhari koi aukad nahi thi ram mandir banane ki,sarcastic
dhruv rathee kidhar chupe ho rolling_on_the_floor_laughing rolling_on_the_floor_laughing,non-sarcastic
sudheera chaudharee jee abhee sarakaara banee to naheen hai jaba sarakaara banegee taba mahilaaon ke khaate men khataakhata khataakhata khataakhata aaenge,sarcastic
ek aurat ho kar devi saman ek aurat k bare me bura bol rahi h tu waisi hogi waisa sab koi nai hota thuu h aisi aurat k upar,sarcastic
nark me nyi jagah nyi saja hai iske liye alg se,non-sarcastic
Positive news converted to Negative news because A Muslim boy won the Big Boss show... Gooobhakt Sadme m,sarcastic
ab toh planning bhi suspense genre me aati hai,sarcastic
neri puri feed me isse bhura kya hi ho sakta hai. pile_of_poo,non-sarcastic
Instagram reels cross_mark Indian telivision casting check_mark_button rolling_on_the_floor_laughing rolling_on_the_floor_laughing,non-sarcastic
eent na bahut achi acting ki,non-sarcastic
vakpha borda ko baina karanaa chaahie bhaarata sarakaara ko vakpha borda kaanoona rada karanaa chaahie triangular_flag triangular_flag triangular_flag,non-sarcastic
yaha dekh k fat rahi h skull,non-sarcastic
गांव बसा नही लुटेरे पहले ही आ गए। rolling_on_the_floor_laughing,non-sarcastic
uncle gadi me latth rkha kro,sarcastic
phirshe chunaw hona chahiye dhoka diyale chorone sharkarko ghomrah kiyahe phirshe chunaw hola chahiye upme,non-sarcastic
tuma logon ke saatha aisaa hee honaa chaahie bheekha maangane vaalon jaba taka apanaa khuda kaa dimaaga naheen chalaaoge taba taka pooree jindagee aise hee dhokhe khaaoge dhakke khaaoge,non-sarcastic
ek ek ki ma chodunga in khalistani atankbadi ki enraged_face enraged_face randy ki paidaish,sarcastic
gravity nam ki koi chij hi nahin hai,non-sarcastic
sir apko to chut aur chuche dekhne ko milte honge,sarcastic
Doesn't matter India is in our heart,non-sarcastic
zg v rcn vc v hm vyfnt vg v,non-sarcastic
baajaaroo hai aura kara bhee kyaa sakatee hai aukaata kandoma vaalee hee to hai isakee eenc,non-sarcastic
Personal property donated by Muslims why u interfere in others property's your community people have forcefully taken Muslims property at time Independence why your ancestors migrated from Africa check your DNA.,sarcastic
face_with_symbols_on_mouth face_with_symbols_on_mouth face_with_symbols_on_mouth face_with_symbols_on_mouth face_with_symbols_on_mouth face_with_symbols_on_mouth face_with_symbols_on_mouth face_with_symbols_on_mouth,non-sarcastic
Mountain dew dar kmc face_with_tears_of_joy face_with_tears_of_joy,non-sarcastic
Perfect definition of behenchod face_with_tears_of_joy face_with_tears_of_joy face_with_tears_of_joy face_with_tears_of_joy,sarcastic
jerman spared jra mil le ek bar ense,non-sarcastic
Jay shree Ram flag_in_hole triangular_flag folded_hands,non-sarcastic
"He is just brainwashing by his videos to the 14-19 age group Kids who are not even mature enough. He is just manipulating, creates hate towards Honorable PM. NOTHING ELSE",non-sarcastic
apni behan ke bare me bol rahe ho kya,sarcastic
Aare congress power madhe kuthe aali aahe godi media face_with_tears_of_joy,sarcastic
Hira thakur bali kheer he kispe kiya dedo yaar face_with_tears_of_joy face_with_tears_of_joy face_with_tears_of_joy face_with_tears_of_joy,non-sarcastic
enraged_face enraged_face देशद्रोही कोंग्रेस enraged_face enraged_face,non-sarcastic
ela yach oottar shri vishnu detil,non-sarcastic
nehro jaise logo ko gali dunga to gali bhi bura manjayega aise log sab se badi gali hai,non-sarcastic
matalaba kongresa apanee hee paartee ke netaao para bhee kaarravaaee karatee thee,non-sarcastic
pehle poori taqreer sun kar ao,non-sarcastic
tumhari toh aallah ki den hai tum kuch nai krte sab aallah dete hai face_with_tears_of_joy,sarcastic
German Shepherd won't speak about this,non-sarcastic
kan par ek padhna chahiye tha iske,non-sarcastic
Tare ma de lan angry_face angry_face angry_face,non-sarcastic
face_with_tears_of_joy face_with_tears_of_joy face_with_tears_of_joy lag Gai fire,non-sarcastic
wagf board sarkar ko ban kar dena chahiye,non-sarcastic
400 par hote hi waqf the fu*k ho jayega.,non-sarcastic
"Ram mandir tha..,ram mandir hai..,ram mandir hi rahega.. triangular_flag bow_and_arrow jay shree ram bow_and_arrow triangular_flag",sarcastic
face_with_tears_of_joy face_with_tears_of_joy face_with_tears_of_joy face_with_tears_of_joy face_with_tears_of_joy face_with_tears_of_joy face_with_tears_of_joy face_with_tears_of_joy,non-sarcastic
kabhi apna aur auro ka dikha diya kar,sarcastic
aarey sarkar to banane de! aadmin dalla hai!,sarcastic
sala chutiya nehru madarchod enraged_face enraged_face,sarcastic
फाटली का face_with_tears_of_joy face_with_tears_of_joy rolling_on_the_floor_laughing rolling_on_the_floor_laughing जास्त फाटली असेल तर शिवून घे face_with_tears_of_joy face_with_tears_of_joy,non-sarcastic
Rahul gandhi ka accoubt check krna padega. Taki govt account se na de rolling_on_the_floor_laughing rolling_on_the_floor_laughing,sarcastic
"bhai kisne iski leker payment nhi ki face_with_tears_of_joy ,jo itna naraz h",sarcastic
सभी महिलाओं को लखपति बनने की हार्दिक घदाई rolling_on_the_floor_laughing rolling_on_the_floor_laughing,non-sarcastic
I am a Muslim and Alhamdulillah I am proud of being a Muslim Videos should not be cut and uploaded Because We also know how to cut and upload videos.,non-sarcastic
he aaeekanyaa paikshaa mee inst band karto,non-sarcastic
Waah ye to hona hi thaa face_with_tears_of_joy,sarcastic
"@Varun kal raat @Rahul ke ghar FIFA match hua, bhai kya mast game thi!🎮⚽️",non_sarcastic
char joote padege bat krna seekh jayegi,non-sarcastic
Father of Dhruv Rathee face_with_tears_of_joy face_with_tears_of_joy face_with_tears_of_joy face_with_tears_of_joy,non-sarcastic
abhi to 2 bay baki he,non-sarcastic
Shurpnaka kaisi ho face_with_tears_of_joy face_with_tears_of_joy face_with_tears_of_joy,non-sarcastic
Bolo jai shree ram triangular_flag folded_hands sparkles,non-sarcastic
Hichyvr buldozer chalvava vataoy randi kutli face_with_symbols_on_mouth,sarcastic
laure se tum bolte raho atanwadi,sarcastic
Hindu rashtra raising_hands raising_hands red_heart red_heart,non-sarcastic
jay shri ram folded_hands folded_hands folded_hands,non-sarcastic
kash ye iske bap ne laga kiya hota to ye paida hi na hoti,sarcastic
Aare congress power madhe kuthe aali aahe godi media face_with_tears_of_joy,sarcastic
or masjid se pehle vha kya tha?,non-sarcastic
Transliterated_Comment,sarcasm_label
har jagah dhruv rathi thodi na bolega check_mark_button,sarcastic
German shepherd ne vi tera brainwash kar diya face_with_tears_of_joy matured person don't do this type of debate face_with_tears_of_joy sale pachle 60 salo me congress ne kya kiya face_with_tears_of_joy bas dashre country se paise mang ke loan me tha aur us be loan leke tum jaise logo ko kam paise me petrol dete thi or suno wo tab ki baat thi petrol koi unlimited thing nahi hai aab petroleum Kam hoga tho uska Paisa tho badhega n just common sense face_with_tears_of_joy aur suno aab baat karte hai ki itna mahangai kuy badh Raha hai tum log bolte ho n ki hamare country developed country nahi hai or aab jab India 3 highest economy hai wo apne aap tho nahi hoga n rolling_on_the_floor_laughing uske liye revolution tho hoga n aab kam paiso me tho ye country developed nahi ban sakta face_with_tears_of_joy aab ye tumlogo ka problem hai ki tum log abhi tak revolutionary people nahi ban sake face_with_tears_of_joy salo agar abhi tak congress hota n tho India or Pakistan ke beech me koi phark nahi hota face_with_tears_of_joy aur tere baap German shepherd ko bolna 10 saal German me rahe ke sare india ke logo ko brainwash nahi kar sakta rolling_on_the_floor_laughing wo congress ka pilla hai or pilla hi rahega face_with_tears_of_joy just thoda research kare wo koi genius nahi ban sakta face_with_tears_of_joy thumbs_up_light_skin_tone aur mujhe pata hai ki ye baat tumlog nahi maanpaoge kyuki wo tomlogo ko acche tarike se brainwash kar diya hai rolling_on_the_floor_laughing,sarcastic
Inke sath bohot accha hua enraged_face enraged_face,non-sarcastic
pr tumhari jat ka to hota hi chhota haina? skull,sarcastic
baaee paagala aahe face_with_tears_of_joy . sataanchyaa,non-sarcastic
Bhai mers himmat ta dekho Maine pura video dekhli slightly_smiling_face,non-sarcastic
dhruv rathee cross_mark kejriwal ka loda,sarcastic
aaap rahlu ji sarkar ban do paisa to a jayeg khat khat,sarcastic
eendia eendia eendia eendia eendia red_heart,non-sarcastic
yes waqf right hai hona chahiye,non-sarcastic
Cm to Abhi Yogi hai face_with_tears_of_joy face_with_tears_of_joy,non-sarcastic
tu middle class hai? toh cha mudale kisi ameer se,sarcastic
Bolne de gaand jali hai face_with_tears_of_joy,non-sarcastic
""" munh khol ke 20 rupay mang liye ...""oh i love this line .",sarcastic
Try doing the same with there yellow flag… enraged_face then watch the scene goes upside down. ….. salute for the lady,non-sarcastic
rolling_on_the_floor_laughing rolling_on_the_floor_laughing rolling_on_the_floor_laughing rolling_on_the_floor_laughing rolling_on_the_floor_laughing rolling_on_the_floor_laughing,non-sarcastic
eenko to thanos se milwa de ek bar,sarcastic
abe gendu log pehle sun to lo anpadh gawar uneducated lullo sitting CM bola wo nahi sunai diya in gendu ko rolling_on_the_floor_laughing rolling_on_the_floor_laughing rolling_on_the_floor_laughing,sarcastic
kiya bolu rahul ji cross_mark nodi ji check_mark_button jai hind jai bjp,non-sarcastic
hotaa taa tu nahee thee naa lekina gaandamanee aaoodesaa gaadeetoona padalelee aulaada,sarcastic
1 decade m poore sikhism ki gand mar liya inhone,sarcastic
hee raanda aahe tichyaa pekshaa hee bhangaara aahe heechaa halalaa jhaalaa asanaara bhangaara katree,sarcastic
ye bagland h jo logo ko ek tarafa gyan de ke chutiya bna rha h or aura apne channel ke lye like le rha h,non-sarcastic
ees mein dhruv rathi kaha sy agaya ajeeb uneducated!! jo yeh kar rahy ha dhruv k rishtaydar ha?? aajeeb,non-sarcastic
oottarpradesh wala garv se kaho hm ram bhakt hai chutiya nhi check_mark_button check_mark_button,sarcastic
randi mhannare sidha karit ahe ki tumhi ashech ahat chapprri mindset che ..g madhi takat asel uttar dya shivys nhi,non-sarcastic
itne sare terrorist kam hai kya bhai jo duniya ko padhana chahte ho??,sarcastic
eetne me to mai zordar pel deta isko yahi pe patak ke...lady ho to lady wale lakshan dikhaogi tbhi lady wala samman milega,sarcastic
Bike ki takkar se tampoo ghum Gaya sala face_with_tears_of_joy face_with_tears_of_joy,non-sarcastic
tumhare vichar sun kar main emotional ho gaya,sarcastic
"ghar ghar mein vikas, except hamara",sarcastic
jhahat cross_mark check_mark_button mil raha h jo aunty log ko modi niwas le ke viswas ghat kar li y log,non-sarcastic
bol dhruv adhi bat leke ata hai,sarcastic
hilaa kaaya bolataa ho agara tumhee pana hichyaa baddala bolaa tumhaavara etrosita seedhaa jela no bela yaanche saathee sanvidhaana banavaaile gela sanvidhaana chee taakata yaanche sobaata aahe taree tumhee sanvidhaana manaataa naahee,non-sarcastic
Ise to kya bolu word nh h Mc sali,sarcastic
Larwa ho lakbar middle_finger middle_finger face_with_tears_of_joy face_with_tears_of_joy,non-sarcastic
face_with_tears_of_joy face_with_tears_of_joy face_with_tears_of_joy face_with_tears_of_joy face_with_tears_of_joy face_with_tears_of_joy face_with_tears_of_joy,non-sarcastic
nountain dew cross_mark dar ke ma ke chood check_mark_button moai,sarcastic
aamhee pana aanbedakara laa maaneeta naahee,non-sarcastic
dream 11 me 49 rupye harne ke bad mera dost,non-sarcastic
face_with_tears_of_joy rolling_on_the_floor_laughing face_with_tears_of_joy rolling_on_the_floor_laughing face_with_tears_of_joy rolling_on_the_floor_laughing nahi sudhre ga bhai,non-sarcastic
My excitement level: chart_increasing chart_decreasing chart_increasing chart_decreasing chart_increasing chart_decreasing chart_increasing chart_decreasing chart_increasing chart_decreasing chart_decreasing chart_decreasing,non-sarcastic
डर की माँ की चुत mounten dew check_mark_button check_mark_button रिस्क उठा नाम बना cross_mark cross_mark,non-sarcastic
ek lisence pistol hona bahut jaruri hai,non-sarcastic
Jay Shri Ram ji flexed_biceps flexed_biceps,non-sarcastic
sudhanshuji ke age koi bol sakata hain kya.. fire fire,non_sarcastic
Raat ko mom ke haath ka rajma-chawal mil jaye toh zindagi set hai boss! 🍛😍,non_sarcastic
aaga bhaavaane raama shabaree bhaktee sarvaannaa maaheeta aahe tujhaa chutiyappa band kar ... shivasenaa khaalaavalee hyaa mula,sarcastic
eendia eendia eendia eendia eendia eendia,non-sarcastic
sahi me yar,non_sarcastic
tumhara bjp 15 15 lakh denge bole uska kya hua,sarcastic
Ride ke aage dar ki maa ki chut face_with_tears_of_joy face_with_tears_of_joy face_with_tears_of_joy face_with_tears_of_joy face_with_tears_of_joy face_with_tears_of_joy face_with_tears_of_joy face_with_tears_of_joy face_with_tears_of_joy face_with_tears_of_joy face_with_tears_of_joy face_with_tears_of_joy,non-sarcastic
aabe jahil anbakhto sarkar to banne do pehle kuch b post kiya ankh band krke ajate us topic pe tipniya dene,sarcastic
Gopi bahu se bhi next level rolling_on_the_floor_laughing,non-sarcastic
eske gand pe maro sale ke enraged_face,sarcastic
face_with_tears_of_joy rolling_on_the_floor_laughing rolling_on_the_floor_laughing rolling_on_the_floor_laughing rolling_on_the_floor_laughing rolling_on_the_floor_laughing rolling_on_the_floor_laughing rolling_on_the_floor_laughing rolling_on_the_floor_laughing rolling_on_the_floor_laughing rolling_on_the_floor_laughing rolling_on_the_floor_laughing rolling_on_the_floor_laughing rolling_on_the_floor_laughing rolling_on_the_floor_laughing rolling_on_the_floor_laughing rolling_on_the_floor_laughing rolling_on_the_floor_laughing rolling_on_the_floor_laughing rolling_on_the_floor_laughing rolling_on_the_floor_laughing rolling_on_the_floor_laughing rolling_on_the_floor_laughing rolling_on_the_floor_laughing rolling_on_the_floor_laughing,non-sarcastic
triangular_flag triangular_flag kattar hindu triangular_flag triangular_flag hmesha rhenge triangular_flag triangular_flag,sarcastic
tujhe wo incident nahi pata urbansanyasi wala?,non_sarcastic
Proud to be Hindu triangular_flag humahre yha per chhute h bhai bhen ke,non-sarcastic
I hope ki ek gaana tum bewakoof log BRA per bhi banaoge face_with_tears_of_joy face_with_tears_of_joy,sarcastic
eendia eendia eendia eendia eendia jai hind,non-sarcastic
sabhi ko unke papo ki saja milege bas june ane do.,sarcastic
tihaadee kee bahuta buree jala rahee hai face_with_tears_of_joy,non-sarcastic
rolling_on_the_floor_laughing rolling_on_the_floor_laughing rolling_on_the_floor_laughing rolling_on_the_floor_laughing rolling_on_the_floor_laughing rolling_on_the_floor_laughing rolling_on_the_floor_laughing middle_finger middle_finger middle_finger middle_finger,non-sarcastic
ja phle abbu ke sath soke aa face_with_tears_of_joy face_with_tears_of_joy winking_face_with_tongue face_savoring_food,non-sarcastic
face_with_tears_of_joy face_with_tears_of_joy face_with_tears_of_joy face_with_tears_of_joy face_with_tears_of_joy face_with_tears_of_joy,non-sarcastic
boliye ji chup kyu hai kya hogya kuch bolte kyu nhi,non-sarcastic
Chuthiya banaya tumko face_with_tears_of_joy face_with_tears_of_joy face_with_tears_of_joy,sarcastic
project ka launch event hi kaafi tha,sarcastic
teri choot ka naksha kaisa rahega,sarcastic
"€lvish ke time pe kyu nahi bola hariyana se bhi bade bade mujrim he sare badmash udhar hee rehtey he chor, murderer",non-sarcastic
jay shree ram babri bhi tutegi ruko thoda sabar kro chusalmano,sarcastic
Loudi Kaha Se Hai Re Pakdo Esko face_with_tears_of_joy,non-sarcastic
Legend Says the bricks are still falling crying_face,sarcastic
gyani purus ka gyan ka jhula wah face_with_tears_of_joy,non-sarcastic
tum log speech ke baad silent mode me chale jaate ho,sarcastic
enraged_face enraged_face enraged_face enraged_face enraged_face enraged_face,non-sarcastic
rat ke bara ya din k bara crying_face,non-sarcastic
electoral bond ghotala kaya hua. aandha bhakt.,sarcastic
"Insta pe likes nahi aaye, influence ka baap ban gaya! 📸 #F#kIt",sarcastic
Ullu bnaya... Bda mza aya rolling_on_the_floor_laughing rolling_on_the_floor_laughing rolling_on_the_floor_laughing rolling_on_the_floor_laughing .. Paise liye bina jana nh yha se.. Dharne pr baith jao face_with_tears_of_joy face_with_tears_of_joy,sarcastic
face_with_tears_of_joy face_with_tears_of_joy face_with_tears_of_joy face_with_tears_of_joy face_with_tears_of_joy face_with_tears_of_joy face_with_tears_of_joy face_with_tears_of_joy face_with_tears_of_joy face_with_tears_of_joy face_with_tears_of_joy face_with_tears_of_joy face_with_tears_of_joy,non-sarcastic
enraged_face enraged_face enraged_face enraged_face enraged_face enraged_face enraged_face enraged_face,non-sarcastic
rolling_on_the_floor_laughing rolling_on_the_floor_laughing rolling_on_the_floor_laughing rolling_on_the_floor_laughing rolling_on_the_floor_laughing rolling_on_the_floor_laughing rolling_on_the_floor_laughing rolling_on_the_floor_laughing rolling_on_the_floor_laughing rolling_on_the_floor_laughing rolling_on_the_floor_laughing face_with_tears_of_joy face_with_tears_of_joy face_with_tears_of_joy face_with_tears_of_joy triangular_flag,non-sarcastic
Mere piyare dosto esi video dekh ke khi me mar gya to iske zimdar ese log honge face_with_tears_of_joy,non-sarcastic
Muh dikhne ka aukat nhi hai or bat badi badi face_with_tears_of_joy face_with_tears_of_joy face_with_tears_of_joy face_with_tears_of_joy,sarcastic
matalaba jaate jaate bhee bhaarata ko eka bojha deke jaayegaa face_with_tears_of_joy,sarcastic
ghara vaapasee kara lo saare haka mila jaayenge prabhu ke darabaara men triangular_flag triangular_flag triangular_flag,sarcastic
dar ki ma ki chu... skull moai,non-sarcastic
red_heart India 100 love red_heart red_heart India India,non-sarcastic
साली हसी आती हैं face_with_tears_of_joy एक चिटी ने हाथी को गिरा डाला face_with_tears_of_joy rolling_on_the_floor_laughing rolling_on_the_floor_laughing rolling_on_the_floor_laughing rolling_on_the_floor_laughing rolling_on_the_floor_laughing,sarcastic
hara maheene naheen hara saala bolaa hai godee meediyaa face_with_tears_of_joy,sarcastic
"After 2 kids our country needs to have high taxes for more child, then it will be great.",sarcastic
enraged_face enraged_face enraged_face enraged_face enraged_face enraged_face,non-sarcastic
dhyan se suno inki bat: mazak me mat lena salo ko,non-sarcastic
jal kukda godi media ka rota hua bachcha,sarcastic
nagpur le ahe khup thandi sushma andhare ahe sarvat mothi randiii,sarcastic
Rahul Gandhi check_mark_button check_mark_button check_mark_button check_mark_button check_mark_button check_mark_button check_mark_button check_mark_button check_mark_button,sarcastic
Kendra sarkar ko iske khilaf action lena chiye enraged_face enraged_face enraged_face,non-sarcastic
जंगलात नेऊन हीच्याव घोडा सोडाय हवा या रंडीला. middle_finger middle_finger crossed_swords crossed_swords crossed_swords enraged_face enraged_face,non-sarcastic
ram nandir kis k paiso banai gayi,non-sarcastic
aacha sila diya tune mere pyar …,non_sarcastic
har har mahadev jay jay jay jay jay jay jay jay shree ram bjp skull skull skull skull skull skull skull skull,non-sarcastic
Ye kaam bhut achhe se hota mullo tumhare ghato men,sarcastic
main ek nek aur shareef bachha hu,non_sarcastic
face_with_tears_of_joy face_with_tears_of_joy ye reh gya tha sunne ko,non-sarcastic
shukriya sad wale bhosdi wala thodi bahan ko chod donon ko bahan ko chodunga pakad ke bhosdi wale ko hamare jhande nila diya hai eendia enraged_face enraged_face enraged_face triangular_flag triangular_flag triangular_flag triangular_flag triangular_flag triangular_flag,non-sarcastic
sir mai kah sakta hu hindu hu mai triangular_flag .baki sab ka pata nahi aayodhya walo ka to aur nahi pata enraged_face,sarcastic
bhogwan kre in logo ko ek rupaya v ni mile ab pata lagenge in logo lov kiya he dhokha kis ko bole,sarcastic
funds properly utilized hue,non_sarcastic
bajrangi bhaijan kitni bar dekhi ?,non_sarcastic
"Evening walk ke baad momos khaane ka mazaa hi alag hai. Health bhi, taste bhi! 🚶🥟",non_sarcastic
bhai emotional kar diya tumne,sarcastic
face_with_tears_of_joy face_with_tears_of_joy khatakhat paisa dega pappu tumlogoko mullion,sarcastic
आगये सब पप्पू की बातों मे face_with_tears_of_joy face_with_tears_of_joy face_with_tears_of_joy,sarcastic
nko koi explain krbao yeh hua kya grinning_face_with_sweat,non-sarcastic
face_with_tears_of_joy face_with_tears_of_joy face_with_tears_of_joy raising_hands raising_hands raising_hands raising_hands,non-sarcastic
log galat ko glt ni bolte,non-sarcastic
usake baada to kyaa teraa baapa bhee bolegaa jaya shree raama,sarcastic
Or jao harram ka lalach me rolling_on_the_floor_laughing,sarcastic
phaashee chee shikshaa jhaalee paahije tulaa haraamakhora enraged_face,sarcastic
Dhatt teri maa k chut face_with_tears_of_joy,non-sarcastic
khoopa shivyaa dyaayachyaa hotyaa pana konee kasaracha nahee thevalee,non-sarcastic
rathi sun tera bap h modi check_mark_button,sarcastic
face_with_tears_of_joy face_with_tears_of_joy face_with_tears_of_joy face_with_tears_of_joy face_with_tears_of_joy face_with_tears_of_joy face_with_tears_of_joy face_with_tears_of_joy face_with_tears_of_joy face_with_tears_of_joy face_with_tears_of_joy face_with_tears_of_joy face_with_tears_of_joy face_with_tears_of_joy face_with_tears_of_joy face_with_tears_of_joy,non-sarcastic
reply dedo dm main screen shot bhej duga skull,sarcastic
Yaha to chup re bete face_with_tears_of_joy,non-sarcastic
sharam a rhi h kis muh se kahe in gaddaro ki wajah se aj hum logon ko bhi sar jhuka k chalna padd rha h,sarcastic
nupur sharam ke ek word pr itna bawal kar diya tha,non-sarcastic
Tu bby phle ja mc face_with_tears_of_joy face_with_tears_of_joy face_with_tears_of_joy,sarcastic
bhai dekhna ek bar..inn par b vdo bna deta,non-sarcastic
Koi accha contest b nahi jab free hote,sarcastic
Mai bhi kal se tattoo banaa chalu face_with_tears_of_joy kalse ajo ladies log meri dukan pe only free face_with_tears_of_joy check_mark_button,sarcastic
What the fuck rolling_on_the_floor_laughing face_with_tears_of_joy rolling_on_the_floor_laughing check_mark_button,non-sarcastic
Crush ko 💌 #ValentinesDay pe propose kiya! 🤞 #WishMeLuck,non_sarcastic
eesko to kabhi bhi nhi jiteyega samajdar log,sarcastic
MUSLIM cross_mark PORN SOROOM check_mark face_with_tears_of_joy,sarcastic
tulaa jhavaree raanda cha mhanoo shakato,non-sarcastic
एका बापाची तर नाही ही face_with_symbols_on_mouth,non-sarcastic
Le german shepherd ki script pe moot diya face_with_tears_of_joy,sarcastic
isako churakee paka.da kara thopee denaa chaahie sirpha,sarcastic
Jlan to dekho inke face_with_tears_of_joy face_with_tears_of_joy face_with_tears_of_joy face_with_tears_of_joy face_with_tears_of_joy,sarcastic
Aur eg log bol rahe hai constitution khatre mai hai.... Nai tha and abhi safe hai,non-sarcastic
aaise to nodi ne bhi bola tha hawai chappal pahnane wala hawai yatra karega vah aaisa ap logon ne to eetna support kiya hai teesra election bhi jita diya,sarcastic
Ye log 15 lakh lene aaye hai face_with_tears_of_joy face_with_tears_of_joy,sarcastic
ye vahee paise hai jo kaangresa ko videshee phanda milaa hai chunaavon men dhaandhalee karane ke lie para sarakaara naa banane kee vazaha se khuda nigala gae check_mark_button,sarcastic
Chl lvdi Abhi to bagi rolling_on_the_floor_laughing rolling_on_the_floor_laughing rolling_on_the_floor_laughing,sarcastic
iske bina to jeewan adhura tha . . .,non_sarcastic
Ja or Hitler ka mumain le lavde tu babar ka bacha hai ki Hitler ka face_with_tears_of_joy,sarcastic
Abh gyanvapi ki bari hai raised_fist_light_skin_tone face_with_tears_of_joy victory_hand_light_skin_tone triangular_flag,non-sarcastic
Abe Dalal To Apna kaam kr face_with_tears_of_joy,sarcastic
een sha aallah rahul gandhi sir... mujhe paise ki zarurat nhi hai bs eendia mei sukoon reh hindu nuslim na ho bs,non-sarcastic
Pagal ka baat sunne wale bhi sab pagal hi lag rahe hai face_with_tears_of_joy,non-sarcastic
bhai koi iske kan ke niche bjao .gjb gdha insan h or kuch ni milta h news me bolne ko,sarcastic
kahe se bole ga sab yahi prr mu far ke khelye ga bhar me kaha se bole ga,non-sarcastic
Suna hi tha aaj dekh bhi liya face_with_tears_of_joy face_with_tears_of_joy,non-sarcastic
enraged_face enraged_face enraged_face enraged_face enraged_face enraged_face enraged_face enraged_face enraged_face enraged_face enraged_face,non-sarcastic
face_with_tears_of_joy face_with_tears_of_joy face_with_tears_of_joy face_with_tears_of_joy face_with_tears_of_joy face_with_tears_of_joy,non-sarcastic
to mar na tere bete ko me bta duga ke tere aba se kuchh na huva to tu kesh khet ke muli he face_with_tears_of_joy,non-sarcastic
yeh anchor jail ja ke aya hai ghuskhor tihari patrakar hai yehi tha woh jo bol raha tha 2 hazar ke note me chip laga hai…. natlab jo dil me aya woh bak diya yeh patrakar nai apne malik ke isaro pe nachne wala ___________ blank ap khud bhar lo,sarcastic
eendia eendia eendia eendia eendia eendia,non-sarcastic
jai shree ram triangular_flag triangular_flag triangular_flag triangular_flag triangular_flag triangular_flag triangular_flag triangular_flag,non-sarcastic
fir hum bhi apne baccho se kahege pehle hindustan me ek muslim nahi tha fir mughal aye ye jamin unki nahi hai... unko yaha nahi rehna chahte hai... unka koi adhikar nahi...,sarcastic
Kuch bhi news wale videos banate h,sarcastic
Ki hum andbhgt hai face_with_tears_of_joy face_with_tears_of_joy face_with_tears_of_joy face_with_tears_of_joy,sarcastic
Only Jai shree ram triangular_flag triangular_flag triangular_flag triangular_flag,non-sarcastic
Insta pe crush ne story like kar di! Dopamine level 📈. #SmallWins 💘,non_sarcastic
"Maa ki chut IAS papa ne engineering karne ko bola. Ab gaali khata hun, shaan toh hai! 🎓 #ParentalPressure",sarcastic
dar ki ma ko skull namste moai check_mark_button,non-sarcastic
dumb people face_with_tears_of_joy congress paisa app ni ghar sa dage kyaa,non-sarcastic
Chutiya banate tumko face_with_tears_of_joy face_with_tears_of_joy face_with_tears_of_joy face_with_tears_of_joy face_with_tears_of_joy,sarcastic
isako bhee koee tanala pe cho.da kara aao bhaaee,sarcastic
sir ap ek bar debate kar lijiye dhruv rathe se usko uski aukat dikha dijiye skull,sarcastic
Matlab constitution and high court jaye maa ¢hudne ??,sarcastic
Ekta kapoor ki gaand fat gyi ye video dekh k face_with_tears_of_joy,non-sarcastic
Ham dono bhai dono tabhahiii face_with_tears_of_joy moai,non-sarcastic
face_with_tears_of_joy face_with_tears_of_joy face_with_tears_of_joy face_with_tears_of_joy face_with_tears_of_joy face_with_tears_of_joy face_with_tears_of_joy face_with_tears_of_joy doheke baj rahul.gandhi face_with_tears_of_joy face_with_tears_of_joy face_with_tears_of_joy face_with_tears_of_joy face_with_tears_of_joy,non-sarcastic
gahr bsa nhi bikhari pahele a gye face_with_tears_of_joy,sarcastic
dhruv rathi k mu me hoga kuch fasa huva isliye nhi bol raha hai kuch !!!!,sarcastic
biker ki gand todd do clapping_hands,sarcastic
nafrat hi bulaenge yah media wale aur kya fal hai,sarcastic
Thank you so much didi for your loving India i,non-sarcastic
jyadatar ladkiyan social media famous ke liye natak karti hai,non-sarcastic
eetni bhi azadi nehi deni thi in logo ko,sarcastic
kash iska bap bhi condom use kar leta clapping_hands,sarcastic
Bot eats 100 Google as breakfast face_with_tears_of_joy,non-sarcastic
tum log naye naye words banate ho har speech me,sarcastic
tumchi aai ghala atta gppp ka naharashtra madhi rahaych katala ala kay,non-sarcastic
bus pta lg jay free ka kha mil rha h turant line m dikh jate h,sarcastic
kyu ki wo kisi ka nahi hai check_mark_button,non-sarcastic
और लाओ कॉंग्रेस face_with_tears_of_joy face_with_tears_of_joy face_with_tears_of_joy face_with_tears_of_joy,sarcastic
2024 ke baad ye bhi nahi bol payega election pura BJP win. And. Cancer death,non-sarcastic
Mountain dew face_with_tears_of_joy dar ki maa ki c##t rolling_on_the_floor_laughing,non-sarcastic
HEART TOUCHING cross_mark KIDNEY TOUCHING check_mark_button,non-sarcastic
aabe ye kitna bada jahil hai yrr har chij ko hindu muslim karne lgta hai ane vale time pe ye vahi hai jo hinduo ko bhi casto me divide kar dega nichli jat ke log upper cast clapping_hands thumbs_down,non-sarcastic
crying_face crying_face crying_face crying_face crying_face crying_face,non-sarcastic
Who tf likes these kind of reels,sarcastic
aaree inka upar ka ticket confirm ho gya hai.. pap krne ka hadd par ho gya ab,non-sarcastic
Rahul Gandhi said that if his party came to power in centre so they apply mahalakshmi scheme in the account of Ladies.,non-sarcastic
ne bhi mere bete ko bolunga babri se pehele waha nandir hi tha...!!!,sarcastic
वो पागल है आपका चैनल महत्व दे रहा है face_with_tears_of_joy face_with_tears_of_joy face_with_tears_of_joy,non-sarcastic
hicha chehara baghun ch vatte hi kiti ani ky ky kela asel jawani madhe bhikari sali,sarcastic
aaare hi tai nahi rad ahe,non-sarcastic
Transliterated_Comment,sarcasm_label
jiske sath uthna sona khana pine jati hai nich soch bhari iske dimag me converted hai yeh nam na dekho kam bata rha hai ki kaha se he yeh,non_sarcastic
CM aur politician mein farak hota hai,non-sarcastic
3rd term.... Wait for it check_mark_button triangular_flag,non-sarcastic
bhen k lode madrrchod teri bhen ki chut dawood ko pta chla na teri akhri report hogi,sarcastic
Wahan se hto face_with_tears_of_joy face_with_tears_of_joy face_with_tears_of_joy Munna bhaiya aa raha hai face_with_tears_of_joy face_with_tears_of_joy,non-sarcastic
bai respect te ta kriye je ehna ne sade khalse de flag di respect kiti hove ta. je oh sade khalse de nishan sahib di respect krnge ta asi v krage enraged_face,non-sarcastic
kamina sala … enraged_face enraged_face enraged_face,non-sarcastic
dar gaya gand marane mai kuch nahi karunga,non-sarcastic
bite asali hindua woh ayo dekhye hai baki saptov bewakoo.,non-sarcastic
Paw Paw tho 21 days ke liye bhar hai crying_face crying_face crying_face Jne 1'st ko phir Jana padega Paw Paw ko German Tatti crying_face crying_face,non-sarcastic
nuh ka nakab utar kar bolo yahi bat fir dekhenge tumhari babar ki tarah tum bhi jinda rahete ho ya uske jaisa nikal ke fek diye jate ho face_with_tears_of_joy face_with_tears_of_joy,sarcastic
What my parents think of if i ask them a permission for the frnd trip,non-sarcastic
Saath nibhana saathiya downloaded from meesho.com face_with_tears_of_joy,non-sarcastic
tum log promises ke poet ban chuke ho,sarcastic
Tula koun ta rang pahiche face_with_tears_of_joy,non-sarcastic
hi laya vala vala karaayalee eelaa budhavaara petha madhye sodaayalaa laagate,non-sarcastic
"hum toh majboor hain, lekin neta azad hain",sarcastic
letring lelo salo khata khat khata khat karo,sarcastic
बिल्डर का एड्रेस मांग रहा है face_with_tears_of_joy face_with_tears_of_joy face_with_tears_of_joy,non-sarcastic
case hona chahiye or manhani or vote khridne or janta ko gumrah krne pr,non-sarcastic
aaur do vote bhaga denge ab hata hat hata hat,sarcastic
eska bhi patti baher gaya honga or esne ghar ko hi kotha banake chudwana suru kiya honga,sarcastic
Dono ke bich live debate honi chahiye skull fire,non-sarcastic
tumhare jaisi soch desh ko le dooba,sarcastic
"Heart touching cross_mark , kidney touching check_mark_button",non-sarcastic
hindu sab aur do dusre party ko vote triangular_flag triangular_flag triangular_flag,non-sarcastic
Are godi teri chale to Munawar ko Dawood ka sambandhi na bta de . Shakal to milti hi hai Munawar ki Dawood se face_with_tears_of_joy face_with_tears_of_joy face_with_tears_of_joy,sarcastic
Ye Hindu God pe sawaari kar rahe hai face_with_tears_of_joy face_with_tears_of_joy face_with_tears_of_joy face_with_tears_of_joy,non-sarcastic
haahaahaa. yar kya karu. hasne wali bat bhi hai,non_sarcastic
bhai se time nikal le abb abbu ki bari skull,non-sarcastic
yaache tonda aani he shabda myaacha hota naaheeta,non-sarcastic
Axa h hm hindu h slightly_smiling_face triangular_flag,non-sarcastic
Tu samja nhi tu nhi samja face_with_tears_of_joy,non-sarcastic
Udta teer apni gaand me lena ise kehte hai face_with_tears_of_joy face_with_tears_of_joy face_with_tears_of_joy face_with_tears_of_joy,sarcastic
triangular_flag triangular_flag jay shree ram triangular_flag triangular_flag,non-sarcastic
nukhya mantri pad pr rehte hue koi nhi gya hai jail ya,non-sarcastic
Tu chor h ullu k ptthe,non-sarcastic
What a Speed flash crying in corner loudly_crying_face,non-sarcastic
face_with_tears_of_joy face_with_tears_of_joy face_with_tears_of_joy face_with_tears_of_joy face_with_tears_of_joy face_with_tears_of_joy face_with_tears_of_joy face_with_tears_of_joy,non-sarcastic
aabhi bawaseer ho gya h uske,non-sarcastic
jo hamre devi devto majak banata h vo ik din vo majak ban jayegi,non-sarcastic
sala itna bada jhootha he j?,sarcastic
Allll mullea left comment section face_with_tears_of_joy face_with_tears_of_joy rolling_on_the_floor_laughing,non-sarcastic
dusra kuch news nahi hai kya,non-sarcastic
anjanaa jee aapa sirfa bhaarata men boochada khaane banda karavaa deejie aura gaaoo.n cow maataa ko raashtramaataa kaa darjaa dilavaa deejie bjp se dhanyavaada flag_in_hole folded_hands,sarcastic
jo hindu om wahi sapot kre bhai log,non-sarcastic
godi media hai kyyyy sudhir bhadwe face_with_tears_of_joy,sarcastic
Bhai galat kya hai safety hai face_with_tears_of_joy face_with_tears_of_joy face_with_tears_of_joy face_with_tears_of_joy face_with_tears_of_joy,sarcastic
project successful declare kar diya without ground work,sarcastic
bina tope ke bhi fad raha hai ...,sarcastic
in riders ki kutto ki trh GANDDDDD fat ti h face_with_tears_of_joy face_with_tears_of_joy face_with_tears_of_joy face_with_tears_of_joy,sarcastic
jai shree ram triangular_flag triangular_flag triangular_flag,non-sarcastic
जो बाबर था वह बहुत बड़ा अय्याश था और तुम उसकी औलाद हो तो बात भी वैसे ही करोगी ना face_with_tears_of_joy face_with_tears_of_joy face_with_tears_of_joy,non-sarcastic
Tujhya aaichi .......... enraged_face enraged_face enraged_face enraged_face,non-sarcastic
bevkufo usne ... bola seating cn yani jo... present me cn hai wo kabhi nahi gaye... jail jab wo present me cn the or.... jinko sudhanshu sir bta rahe hai wo.... ya to past me cn the ya phir jail jane ke bad cn bane.... lekin seating cn pehli bar jail gya yani uski present me sarkar hai or jail bheja gya..... social media ki baton par mat kra kro andha yakin kudh ka dimag lgaya karo thoda bahut face_with_rolling_eyes neutral_face,sarcastic
abe lakin abhi jiti to nahi na,sarcastic
"ghar ka bhedi, kabhi kisi ke sage nhi ho sakte.",non-sarcastic
garv se kaho ham hindu hai triangular_flag triangular_flag triangular_flag triangular_flag triangular_flag jay maharana jay newar,sarcastic
sirf tu katwe kar sakte ho lawade,sarcastic
Bola tha maine Modi ji ko vote do check_mark_button red_heart red_heart,non-sarcastic
lo de lekin wo koi bhi cn nahi the,non-sarcastic
Shri raam red_heart wale like karo smiling_face_with_heart-eyes,non-sarcastic
aacha hua me hindu hu triangular_flag fire,non-sarcastic
bro har hindu ko mat kho triangular_flag,non-sarcastic
rolling_on_the_floor_laughing rolling_on_the_floor_laughing rolling_on_the_floor_laughing rolling_on_the_floor_laughing didi ji bahut jaldi pahunch gai aap to,sarcastic
gravity be like:- han yah kar lo pahle,non-sarcastic
Hichya peksha maddrchod eknath shinde ahe,non-sarcastic
Gravity ki tho maa cho* di gayi hai yaha parr face_with_tears_of_joy,non-sarcastic
saf saf pta lagra h ayodhya ki bheed se mukabla krwaya jara h..,non-sarcastic
didi ki himmat ko dil se salute red_heart saluting_face,non-sarcastic
Ek tum sb bologe Jay shree ram,non-sarcastic
Burnol de koi inhe.... jal gyi he inki face_with_tears_of_joy face_with_tears_of_joy face_with_tears_of_joy face_with_tears_of_joy face_with_tears_of_joy face_with_tears_of_joy face_with_tears_of_joy,sarcastic
aaise logo ko hi marne ke liye ram maharastra me aye the,sarcastic
Har har MODI fire fire fire fire Ghar ghar MODI fire fire fire fire,sarcastic
warrant nigale ki yeil gadi nyayala thamb…. ng kalen tula content ky asate te,non-sarcastic
yogee raaja men raashana to mila rahaa thaa aba vo bhee gayaa face_with_tears_of_joy zany_face,non-sarcastic
Eat 5star do nothing prohibited check_box_with_check,sarcastic
aur hath kaisa hai bhai. jyada bhar mat uthana. parineeti ke sath koi movie to nahi kar rahe na,sarcastic
Eat 5star and do nothing rolling_on_the_floor_laughing,non-sarcastic
Eat 5 star do nothing moai,sarcastic
yah sab harkat karne se pahle sochana chahie tha,non-sarcastic
Yes We Are definitely living in a secular country,non-sarcastic
sikh ese ni hote ye koi our he,non-sarcastic
Bunty(Rahul) babli( Priyanka ) dono farar hai face_with_tears_of_joy,non-sarcastic
Ye muh me muh m de deta h rolling_on_the_floor_laughing rolling_on_the_floor_laughing face_with_tears_of_joy face_with_tears_of_joy enke,non-sarcastic
#sudhanshutrivedivsdhruvratheedebate check_mark_button check_mark_button check_mark_button check_mark_button ese share kare check_mark_button,non-sarcastic
jab kuch hue bina hi darr lagne lage,non-sarcastic
eesko bhi paila jayega but thoda time lgega,non-sarcastic
Tell me which area is this so m****** people my India's kite?,non-sarcastic
sahi hua sab chutiya thi hai aur yaisa hi hona chahiye,non-sarcastic
"Ye congress ki bas me chalaa,to des v bech denge salle... enraged_face",sarcastic
pig pig pig pig pig pig pig pig dog dog dog dog dog dog dog dog,non-sarcastic
Gravity ki maa ki ch** face_with_tears_of_joy face_with_tears_of_joy face_with_tears_of_joy face_with_tears_of_joy,sarcastic
Brand ambassador of mountain sunrise_over_mountains snow-capped_mountain dew,non-sarcastic
vaadaa to raahula gaandhee kai daadaa paradaadaa ne bhee bahuta kie the vaadaa puraa huaa kabhee cross_mark cross_mark,sarcastic
face_with_tears_of_joy face_with_tears_of_joy person_gesturing_OK person_gesturing_OK person_getting_massage person_getting_massage,non-sarcastic
"Chutiya banaya hai! ‘Unlimited storage’ ka matlab 5MB/day? Google bhai, thoda toh socho. 🧠 #TechFail",sarcastic
gravty jesi koi cheej hi nhi hii grinning_face_with_sweat face_with_tears_of_joy face_with_tears_of_joy,non-sarcastic
tujhyaa javala kona hotaa bhikaaree laaja naahee??? dee too,sarcastic
lol! har gaye?,sarcastic
Chutiye Flipkart sale mein ‘discount’ deke MRP badha diya. Jhant ka offer! 🤑 #Scam2023,sarcastic
Aise secularism se to unsecularism badiya jisme majority to khus rahegi,sarcastic
face_with_tears_of_joy face_with_tears_of_joy face_with_tears_of_joy face_with_tears_of_joy face_with_tears_of_joy face_with_tears_of_joy face_with_tears_of_joy face_with_tears_of_joy face_with_tears_of_joy face_with_tears_of_joy,non-sarcastic
rolling_on_the_floor_laughing rolling_on_the_floor_laughing rolling_on_the_floor_laughing rolling_on_the_floor_laughing rolling_on_the_floor_laughing rolling_on_the_floor_laughing rolling_on_the_floor_laughing rolling_on_the_floor_laughing,non-sarcastic
Free me agar kuch milta h waha sabse pahle ye milege bheek manege free ka chahiye sab face_with_tears_of_joy face_with_tears_of_joy,sarcastic
Hamlog chutiye he a dek rahe ho . grinning_face_with_sweat,non-sarcastic
nountain dew darki maki chuddd moai skull,non-sarcastic
Ab kha Mr gaye mullee muliya ab kyu ni dikhre enke comment face_with_tears_of_joy face_with_tears_of_joy face_with_tears_of_joy face_with_tears_of_joy face_with_tears_of_joy,sarcastic
ha to apne baccho ko ye bhi batana ki ram mandir ban gya lekin tum kuch ukhad nhi paye,sarcastic
nhi hona chahiye. wakfboard ko bnd karne ke liye act lana chahiye nhi to hindu apne hi desh me rahne layak ni bachenge.,non-sarcastic
Bolne do taklfi hui hai ushe face_with_tears_of_joy face_with_tears_of_joy,non-sarcastic
Eat five star do nothing dar ki maa apne aphe c..t jayegi check_mark_button rolling_on_the_floor_laughing skull,non-sarcastic
सरकार अपनी है उसके साथ खुदा है जहां नहीं खुदा है वहां कल खुदेगा face_with_tears_of_joy face_with_tears_of_joy face_with_tears_of_joy,non-sarcastic
bolo siyaavara raamachandra bhagavaana kee jaya red_heart triangular_flag,non-sarcastic
face_with_tears_of_joy face_with_tears_of_joy face_with_tears_of_joy hichi gaand marli,sarcastic
Let modi handle this shitt yawning_face yawning_face,sarcastic
Change hoga jarur modi agya he firse check_mark_button,sarcastic
jo galat ho use kya galat sabit karana,non-sarcastic
Jay Shri Ram triangular_flag triangular_flag triangular_flag triangular_flag Rani banaa ke rakhunga face_with_tears_of_joy face_with_tears_of_joy face_with_tears_of_joy,non-sarcastic
jali to jali bolo kiski g...d jali face_with_tears_of_joy face_with_tears_of_joy,sarcastic
public ka reaction ignore karna bhi ek art hai,sarcastic
sab se pehli bat india ko secular hona he chahiye… sare dharm k liye desh hain… or hindu dharm ka jo jnamdata desh hai wo secular hai… waqf board ko puri trah se dismantle kene ka koi na koi tareeka nikalna hoga government ko nhi to sale parliament ko he bol denge k waqf ka hai or ye log mooh bnaye reh jayenge…,sarcastic
Transliterated_Comment,sarcasm_label
Scripted interview ye dalal apko kya saval puchenge,sarcastic
Kangress trying to turn Bharat into Islamic country,sarcastic
Aunty ate whole physics in 15 sec face_with_tears_of_joy,non-sarcastic
nodi ki guarantee dekho ab sirf,sarcastic
konaa konaalaa pakkee cheennaala vaatate hee baaee,non-sarcastic
Ab Papu gaya face_with_tears_of_joy face_with_tears_of_joy face_with_tears_of_joy face_with_tears_of_joy,sarcastic
Hemant soran kya seat se udd rha tha .lekin wo seat se chipka nhi rha ...kejru toh fevicol lga k baitha hai face_with_tears_of_joy face_with_tears_of_joy face_with_tears_of_joy face_with_tears_of_joy,sarcastic
Do ppl need any other proff to call him muslim? Or is it enough?,non-sarcastic
face_with_tears_of_joy face_with_tears_of_joy face_with_tears_of_joy face_with_tears_of_joy face_with_tears_of_joy chor h congress inko alag se batana padega,non-sarcastic
Bolo Jai Shree Ram triangular_flag triangular_flag fire fire Har har Mahadev fire fire,non-sarcastic
crying_face crying_face crying_face crying_face crying_face crying_face crying_face,non-sarcastic
Double sided story sunane walo me dam nahi ki apni baat la sake. face_with_tears_of_joy face_with_tears_of_joy,sarcastic
hilaa jhavaayachee soya karaa bhaavaanno ekadaa kaa hijaa vara udalyaashivaaya hee shaanta basanaara naaya,non-sarcastic
Jai shree Ram red_heart triangular_flag folded_hands,non-sarcastic
aba pappoo ko jaakara aapa loga kantaapa maaro chataachata chataachata,sarcastic
face_with_tears_of_joy face_with_tears_of_joy face_with_tears_of_joy isko do thappad ki jarurat hai,sarcastic
tumhare plan mein ground toh hota hi nahi,sarcastic
"bjp ko vote ni di to deshdrohi ho gye oop wale ,wahhh.dhruv rathi shi bol rhe the ,agar bjp ko vote na di to tum par deshdrohi ka tag lga diya jayega in anpadon dubara unamused_face unamused_face",sarcastic
fire fire JAI SHREE RAM fire fire,non-sarcastic
lelo bhai tum bhi ek ticket,non-sarcastic
face_with_tears_of_joy face_with_tears_of_joy face_with_tears_of_joy face_with_tears_of_joy face_with_tears_of_joy face_with_tears_of_joy face_with_tears_of_joy,non-sarcastic
nhi nhi sabhi hindo sat bolo face_with_tears_of_joy,non-sarcastic
rolling_on_the_floor_laughing rolling_on_the_floor_laughing rolling_on_the_floor_laughing rolling_on_the_floor_laughing rolling_on_the_floor_laughing rolling_on_the_floor_laughing,non-sarcastic
naunten d ...dara ke age zeet he daru. dara kya hota he skull,non-sarcastic
Dairyam cheyyadam + em cheyyakunda undatam face_with_tears_of_joy face_with_tears_of_joy face_with_tears_of_joy,non-sarcastic
Yarr hi movie bhetat ch nahi boyz 3 mhanun dusri ch kuthli movie diste crying_face,non-sarcastic
hama bhee up se hai but sharma aatee hai aise hinduo para jo laalacha men aakara ijjata bhee becha dete hai,non-sarcastic
aaee vadilaannacha svapna poorna kele clapping_hands,non-sarcastic
jay shree ram triangular_flag triangular_flag pehele batao tumhare alla ka ek to photo dikhao,sarcastic
You must have lived with your father for a few days after becoming a young man,non-sarcastic
sardar de nam te klank ne ih lok,non-sarcastic
face_with_tears_of_joy face_with_tears_of_joy rolling_on_the_floor_laughing face_with_tears_of_joy rolling_on_the_floor_laughing face_with_tears_of_joy rolling_on_the_floor_laughing face_with_tears_of_joy rolling_on_the_floor_laughing,non-sarcastic
papu ne gan* mar di grinning_face_with_sweat,non-sarcastic
gravity jadu ke sath vapis chali gyi,non-sarcastic
Te TERRORIST ACTIVITI COUNT HONI CHAHIYE.,non-sarcastic
Eat 5 star do nothing moai,sarcastic
aabi kud laga hota tho awj nahi niklti,non-sarcastic
India India Support my country unity not support people who are dangerous for our unity,non-sarcastic
Ye Andhbhakto or aa gaya face_with_tears_of_joy face_with_tears_of_joy face_with_tears_of_joy,sarcastic
face_with_tears_of_joy face_with_tears_of_joy face_with_tears_of_joy face_with_tears_of_joy face_with_tears_of_joy face_with_tears_of_joy,non-sarcastic
Mountain Dew + 5star cross_mark bhang +amul lassi check_mark_button,non-sarcastic
aba to janataa ko samajhanaa chaahie sirpha sattaa men aane ke lie aisaa jhoothaa bayaana diyaa gayaa hai,sarcastic
Kuch na kro dar ki ma ki ch..t face_with_tears_of_joy face_with_tears_of_joy face_with_tears_of_joy face_with_tears_of_joy face_with_tears_of_joy face_with_tears_of_joy,sarcastic
review meeting helpful rahi,non_sarcastic
Kahan gaya woh khata khatkhata khatta khat face_with_tears_of_joy face_with_tears_of_joy,non-sarcastic
"Instagram pe influencer banne ka sapna lekar aaye the, ab follower count dekh kar aukaat yaad aa gayi hai BC.📱🤡",sarcastic
aallah huuuúúúúúuúú akbar fire fire fire,non-sarcastic
ye bhai badiya ha nai janta hu amit nam ha eenka,non-sarcastic
Fr eh mad Sandhu Nu sand kro jhulla ohnu chidia wa face_with_tears_of_joy face_with_tears_of_joy,non-sarcastic
hichya aichi gand bc.....tujhe pn purvaj andharat gele tevha tu andharasarkhi paida zali yedzavi,non-sarcastic
itara deshaanpekshaa aapalyaa deshaatalyaa gaddaaraanchaa aani neecha pravrritteechyaa lokaanchaa deshaalaa jaasta dhokaa aahe asan vaatatan jaya shreeraama,sarcastic
desh me itna hindu nuslim ho gya h ki koi muslim ka jitna logo ko hazam nhi ho rha h face_with_tears_of_joy,sarcastic
"bas bolte raho , tumhara âllah aur muhmmad, aayesha ki ga fadd di jayegi bharat me smiling_face_with_sunglasses smiling_face_with_sunglasses triangular_flag triangular_flag",non-sarcastic
teree achchee tu.daaee honee chiyiye kaayako ghuse.daa beechamen,non-sarcastic
Another Reason to vote for BJP face_savoring_food,sarcastic
red_heart red_heart clapping_hands clapping_hands red_heart red_heart,non-sarcastic
"tu apni state mein ""rape violence rok. haryana ki durdasha kar di hai. film bada issue nhi hai murkh. bada deshbhakti ka tekhedar bna hai.",non_sarcastic
I think his leg will gone skull,non-sarcastic
public ko abhi bhi vishwas hai,sarcastic
kuch bhi chalega,non_sarcastic
Kaha geya khata khat Paisa rolling_on_the_floor_laughing rolling_on_the_floor_laughing rolling_on_the_floor_laughing,sarcastic
ha toh 1521 se 1900 ka terabap batayega.,sarcastic
wrna khud hatiyar utha lena skull,sarcastic
eendia is not for beginners ghost skull,non-sarcastic
"nountain dew , dar ki ma ki chut! do bar",non-sarcastic
Hilondo?!!!!!! face_with_tears_of_joy face_with_tears_of_joy face_with_tears_of_joy face_with_tears_of_joy face_with_tears_of_joy face_with_tears_of_joy,non-sarcastic
vakta baॉrda bhaarata ke lie kainsara hai,non-sarcastic
jalne walo jalte raho.. nodi ji ap age badho.. #nodieendubai,sarcastic
moai moai moai moai moai moai,non-sarcastic
tum logon ka vision ab sponsored content ban gaya,sarcastic
aallah hu aakbar saudi_aarabia crossed_swords saudi_aarabia,non-sarcastic
Sharm aani chahiye up valo really bahut dukh huaa crying_face,non-sarcastic
hyaalaacha bolataata udataa tira gaandita ghene .... grinning_face_with_sweat,sarcastic
"kya baat hai yaar, yahi toh sapna tha face_with_tears_of_joy",sarcastic
1lk rp dyga dho desh barbad ho jayga pagal h yee,non-sarcastic
nountain dar ki ma ki chud check_mark_button moai,non-sarcastic
"Waah Modiji waah! Petrol price ₹200/litre, ab toh cycle se bhi ghareeb honge. #AccheDin 😂",sarcastic
aagar tumhare pass aallah hai to aali kahan hai ???????,sarcastic
kha ho iski koi update nhi hai?,non-sarcastic
Utha k bahar feko be Aisa act enraged_face,sarcastic
jiske ab 2 se jada bache ho uska rasan card khtam kro or vote dene ka haq chin lo,sarcastic
Masjid toda nahi he sirf saaf kiya he rolling_on_the_floor_laughing,non-sarcastic
hee j~naanaachyaa paara andhaaraata budaalee aahe..aj~naana maanasaalaa khaadyaata ghaalatan he khara aahe. face_with_tears_of_joy face_with_tears_of_joy face_with_tears_of_joy,non-sarcastic
400+ and say Bye to This act. BJP triangular_flag,sarcastic
face_with_tears_of_joy face_with_tears_of_joy face_with_tears_of_joy face_with_tears_of_joy face_with_tears_of_joy rolling_on_the_floor_laughing rolling_on_the_floor_laughing rolling_on_the_floor_laughing rolling_on_the_floor_laughing,non-sarcastic
es hisab sai yai apni ammi ko bhi leta hoga rolling_on_the_floor_laughing,sarcastic
India is not even for intermediate to expert face_with_tears_of_joy,sarcastic
face_with_tears_of_joy face_with_tears_of_joy face_with_tears_of_joy face_with_tears_of_joy face_with_tears_of_joy face_with_tears_of_joy face_with_tears_of_joy face_with_tears_of_joy face_with_tears_of_joy face_with_tears_of_joy face_with_tears_of_joy,non-sarcastic
galti uska papa ki hai us rat condom le jata toh aj aise woh unkl se bat hi nhi kr pata person_facepalming_light_skin_tone,non-sarcastic
inako phokata kee lata laga gaeen hain,sarcastic
Iske kitne baap face_with_tears_of_joy no_one_under_eighteen fast-forward_button fast-forward_button,sarcastic
kamal khilega vakth badlega shree ram ayehe mahakal bi ayenge triangular_flag lotus,non-sarcastic
kisi ne ek thappad pel diya hota to sant ho jati,non-sarcastic
"yz ahe hi , aj balasaheb thakare aste tar hila hicho awkat kalali asti",non-sarcastic
5 star + nountain dew = dar ke m,sarcastic
Jail bhejne par bhi kya mila luada face_with_tears_of_joy,sarcastic
fir bhi koy hindu ese hi vot karega.sudhar jao hindu nodi or yogi ko vote karo or hindurastra banane me sahyog karo.varna age kya hoga ap khud sochlo.,non-sarcastic
JAI SHREE RAM red_heart smiling_face_with_heart-eyes ~ab Kya kronge radi bacchiyo,non-sarcastic
public ko chutiya banao aur vote paoo,sarcastic
yaalaacha mhanataata daanaa taakuna gho.daa u.davoona ghena,non-sarcastic
mam ka tattoo cross_mark mam ki gand check_mark_button,sarcastic
Ekta Kapoor se inspiration mili hai rolling_on_the_floor_laughing,non-sarcastic
rahul gandhi ko bola to rahul gandhi congress sarkar priyanka gandhi ko bolo to kya tum baithoge kya fayda jab sarkar banae rahul gandhi ka to chup nahin baithane ka apna jo hai comment karne ka like karne ka sab kuchh karne ka tab tab pata chalta hai kya hota hai kya nahin hota hai,non-sarcastic
enraged_face enraged_face enraged_face enraged_face enraged_face enraged_face enraged_face,non-sarcastic
Best Example for Real Bhmchd rolling_on_the_floor_laughing,sarcastic
Newton ne bola hai ki agar Aurat it giraye gi to It ka speed Kam ho jayega rolling_on_the_floor_laughing face_with_tears_of_joy,sarcastic
ees behn ke lode ko arrest karo,sarcastic
Jai shree ram bolo red_heart red_heart red_heart fire fire fire,non-sarcastic
gravity kaha gyi are han summer vacations me nani ke yaha gyi hogi gravity,sarcastic
Jay shree mahakal om trident_emblem red_heart,non-sarcastic
nupur sharma ne sahi bola toh crime ho gya aur yeh log post dalkar bol rhe h toh eenka sahi ho gya kya????...jail mein dalo ussko enraged_face enraged_face,non-sarcastic
Transliterated_Comment,sarcasm_label
eendia bolta hai to pura duniya suntahai haina modi kyu chup hai vo kyu nhi bolraha hai vo pucho,sarcastic
Nehru wasn't Hindu he was sachha मुसलमान,non-sarcastic
"Meditation app install kiya hai, ab mental health ko seriously lena hai boss! 🧘📱",non_sarcastic
IT cell balo ab ese lge rho paw paw k 400 par to kra diye face_with_tears_of_joy face_with_tears_of_joy face_with_tears_of_joy face_with_tears_of_joy,sarcastic
Newton was crying in corner smiling_face_with_tear,non-sarcastic
Transliterated_Comment,sarcasm_label
ab ye abhi gand marwane me busy hai,sarcastic
gav basa nhi ki bhikari a gaye rolling_on_the_floor_laughing,non-sarcastic
cross_mark no never ever enraged_face cross_mark cross_mark cross_mark cross_mark,non-sarcastic
narathi bol te ani landya che ghali jate randi nay kay,sarcastic
kash k iske bap ne condom lagaya hot to aise chutiya n apadia hoti....,sarcastic
face_with_tears_of_joy face_with_tears_of_joy face_with_tears_of_joy face_with_tears_of_joy face_with_tears_of_joy face_with_tears_of_joy line mein Khade raho,sarcastic
Bhai we should also appreciate cameraman uski phat rhi hogi phir bhi record Kiya wo,sarcastic
ja kam tum tattu hi kr sakta ha,non-sarcastic
Bhai iska panga hamre jaise haramiyo se na ho bs warna kya hota face_with_tears_of_joy face_with_tears_of_joy face_with_tears_of_joy,sarcastic
Heart touching video cross_mark Lungs touching video check_mark_button,sarcastic
hahaha matlab ap log chutiya ban gai achha laga sun k,sarcastic
dhruv bhai underground ho jao skull,sarcastic
nountain dew dar ki mkc check_mark_button,sarcastic
aarey jaanwaro usne pn banne ke bad aaisa karne ka kaha tha,non-sarcastic
Jai ho yogi aadityanath red_heart fire,non-sarcastic
kalik pot rakhi hai jo face_with_symbols_on_mouth,non-sarcastic
Bilkol nhi issiliye bjp jeetegi and uniform civil court aayega,sarcastic
congress aaisi party hai garibon ko blackmail karne kam karti hai,non-sarcastic
Transliterated_Comment,sarcasm_label
modee se nivedana karataa hu kee phukata kaa raashana banda karavaa do modeejee,non-sarcastic
Mauntein dew cross_mark dhar ki ma ki chod check_mark_button,sarcastic
tu kiti ghanayrdi destay ga tu road wali ha hy,non-sarcastic
Camera man never dies face_with_tears_of_joy face_with_tears_of_joy,non-sarcastic
भाई तू मरणे से पहले जय श्री राम बोलेगा face_with_tears_of_joy face_with_tears_of_joy face_with_tears_of_joy face_with_tears_of_joy face_with_tears_of_joy,non-sarcastic
Lawde college fest mein ‘DJ night’ ke naam pe gaon ke bhajan bajaye. Bohot hard! 🎧 #Fail,sarcastic
Kashi is loading....... fire fire fire,non-sarcastic
"bache paida karo, free me rashan lo aur bolo bjp ne kya diya hame",sarcastic
kutta bhokega bhai kutta hai face_with_tears_of_joy face_with_tears_of_joy face_with_tears_of_joy,sarcastic
Hitler hota to tujh jese paida hi nhi hote face_with_tears_of_joy,sarcastic
not him being dramebaz aurat again,sarcastic
motovlogger should be banned in India,non-sarcastic
ya bhi eak tarah ka terrorist hai inka kam bacha paida karna hai skull,non-sarcastic
Dhruv rathee ko bas modi ko target karna hai bhai...aam admi party ka pilla jo hai boskd face_with_tears_of_joy,sarcastic
eelaa eekada aanaare eechyaayachyaa gaadeeta baajaacha paavaka joonyaa kaalacha baajaacha paavaka aaeetee mirachee laaoona bhaavaano,non-sarcastic
abbu ki beti grinning_face grinning_face grinning_face beaming_face_with_smiling_eyes grinning_face_with_smiling_eyes,non-sarcastic
chushamaa andhaare che kitee navare aaheta tine jaaheera karaave,non-sarcastic
mujhe bhi peeni hai </3,non_sarcastic
Gravity ki maa chud gyi yha to raising_hands clapping_hands,non-sarcastic
ek bada banavo or ishke uper chadavo or pic aplod karo,non-sarcastic
Aaj Tak ke channel per Zee news ankeer face_with_tears_of_joy,non-sarcastic
sub se pahle muft ka anaj band karo in ka... dena bhi to 2 bachcho ko hi dena chahiye,sarcastic
durva rathi ab kaha uski ma chhhhhhudddwwww raha h,non-sarcastic
nountain dew dar ki maki chu,sarcastic
or hum bhi apni aane wali pushton batayenge lootere aye or yaha gandgi macha gye.,non-sarcastic
Tujhe pora he comments vachtil tr kute tond dakhvt firsil bai,non-sarcastic
Chinta nahi acchaa lagra hai face_with_tears_of_joy face_with_tears_of_joy apnaa Munna jitaa hai,non-sarcastic
ye harakata to kabara para chaadara chadhaane vaalo ke liye honee chaahie,non-sarcastic
face_with_tears_of_joy rolling_on_the_floor_laughing face_with_tears_of_joy rolling_on_the_floor_laughing face_with_tears_of_joy rolling_on_the_floor_laughing,non-sarcastic
eetna jhoot bolo ki whatsaapp ki jarurat na pade,sarcastic
Yae Congress hai .. rolling_on_the_floor_laughing rolling_on_the_floor_laughing badka jutha party hai..,sarcastic
#341 : Best part of the placement orientation was that hot Matki Chick . Really wanna hook up with her . Suggest a way .,non_sarcastic
kya matlab hai itne jyada comments viral kaise kar rhe ho exploding_head,non-sarcastic
rolling_on_the_floor_laughing rolling_on_the_floor_laughing rolling_on_the_floor_laughing rolling_on_the_floor_laughing rolling_on_the_floor_laughing rolling_on_the_floor_laughing rolling_on_the_floor_laughing rolling_on_the_floor_laughing,non-sarcastic
face_with_tears_of_joy face_with_tears_of_joy jalan ho rha h ram mandir bn gya too,sarcastic
triangular_flag triangular_flag triangular_flag triangular_flag triangular_flag triangular_flag triangular_flag triangular_flag will be taken care of ee am sure. b,non-sarcastic
Garv se bolo tum hijde ho crying_face crying_face,sarcastic
Too long have we clapped the secularism clap ENOUGH,non-sarcastic
Send this to all Muslim girls,non-sarcastic
face_with_tears_of_joy face_with_tears_of_joy face_with_tears_of_joy face_with_tears_of_joy face_with_tears_of_joy face_with_tears_of_joy,non-sarcastic
nodi ji hamara hindustan ka nam sada ucha rakhna.jai bharat mata jai hind..,non_sarcastic
"shree ram mandir pran pratishtha me aye nuslim ke liye fatwa jari kiya ja raha hai , us par kya khyal hai",non-sarcastic
abe chal na chutta nai hai mere pas face_with_tears_of_joy face_with_tears_of_joy red_heart,non-sarcastic
aab nodi ji waqf hatai.. check_mark_button,non-sarcastic
chhod na.. eetni si bat ke liye kisi ki naukari mat cheen,non_sarcastic
hilaa jhaadalee tara hichyaa saadeetane shanbhara lavade padateela,sarcastic
dhruv rathi ne sirf cm ke bare nai bola cm rahte hue,non-sarcastic
tujhe nila kya modi k diye 15 lakh enraged_face,non-sarcastic
Sab ghunde muslim hi rehte kya tum hindu log kitne bade ghunde ho wo dekhlo musalmano ke dushman face_with_tears_of_joy face_with_tears_of_joy face_with_tears_of_joy face_with_tears_of_joy face_with_tears_of_joy face_with_tears_of_joy face_with_tears_of_joy face_with_tears_of_joy,sarcastic
"nuslims hamare dushman nahi, hamare hindus hi madarch0d hai..",sarcastic
ye hindu muslim ka danga kabhi nahi khatam hoga ja tak duniya khatam na ho jaye disappointed_face,non-sarcastic
aare 15lakh nahi mile uska to kuch btao,sarcastic
Land lelo cucumber cucumber cucumber pig_face pig_face pig_face pig_face hundred_points hundred_points hundred_points hundred_points hundred_points grinning_squinting_face grinning_squinting_face grinning_squinting_face grinning_squinting_face grinning_squinting_face grinning_squinting_face grinning_squinting_face grinning_squinting_face grinning_squinting_face grinning_squinting_face grinning_squinting_face grinning_squinting_face grinning_squinting_face grinning_squinting_face,sarcastic
Without data and with database different #dhruvrathee v,non-sarcastic
"tere bhi din najdik hai beta,,,modi 3.0 chalu kl se",sarcastic
indian muslims never forget babri masjid but woh yeh bhool gaye ki 1947 mein hinduo ke pass mauka tha sare muslim ko mar ke bhaga dete lekin unhone fayeda nai uthaya unlike pakistan and bangladesh jisne apni mar ke bhaga ahsan badi jaldi bhool gaye yeh bi bhool gaye ki indian muslim land share pakistan kha ke baithe gaya hai 25% pura pura kha gya,sarcastic
mein to bhopal me hi kha raha,non_sarcastic
RT :,non_sarcastic
bolte raho koi fark nahi padta,non-sarcastic
aarey chutio 1.2 repat maro sahi hojagu,sarcastic
aab 2024 k bad ase v khatam kardiya jayega,non-sarcastic
aur sun hindu nuslim nhi krte hme bs itna pata hai hm indian hai aur mujhe aisi government chahiye jo desh ke hit ke bare me soche na ki hindu nuslim kre aur bat rahi nuslim ki to is time bjp nuslim sansad ke kandhe par tike hai face_with_tears_of_joy,sarcastic
Thats why indian media is in 161 rank out of 180 face_with_tears_of_joy,sarcastic
Jai shree Ram Jai shree Ram Jai shree Ram Jai shree Ram Jai shree,non-sarcastic
Va beta Kiya teri soshe sutiya rolling_on_the_floor_laughing rolling_on_the_floor_laughing rolling_on_the_floor_laughing rolling_on_the_floor_laughing har har mahadev triangular_flag triangular_flag triangular_flag,non-sarcastic
Chapre sala gando tare glte hm chotya,non-sarcastic
Kuch apne bare me bta do ke kitne din tihaad me rahe face_with_tears_of_joy,sarcastic
aare lavdta tai barobar bollyana khar bollyavr kas hot,non-sarcastic
berojgar comments likhte hai baki ke itihas likhte hai,sarcastic
raising_hands raising_hands yogee jee triangular_flag triangular_flag,non-sarcastic
Great proud to be a Braham Hindu jai sree ram triangular_flag triangular_flag triangular_flag triangular_flag triangular_flag fire fire fire fire fire check_mark_button check_mark_button check_mark_button,non-sarcastic
dharuv rathi ko nanga ho jayega skull skull,non-sarcastic
wah tatti ki pedaish kom sali,sarcastic
face_with_tears_of_joy face_with_tears_of_joy face_with_tears_of_joy face_with_tears_of_joy face_with_tears_of_joy face_with_tears_of_joy face_with_tears_of_joy face_with_tears_of_joy face_with_tears_of_joy face_with_tears_of_joy face_with_tears_of_joy face_with_tears_of_joy face_with_tears_of_joy face_with_tears_of_joy cross_mark,non-sarcastic
Abe o City bol raha hai check_mark_button,non-sarcastic
eat 5 star do nothing skull,sarcastic
Kyonki bhn chudi pdi h enraged_face enraged_face enraged_face enraged_face,non-sarcastic
"sirf ek aur launch event, kaam abhi pending hai",sarcastic
Bike bala ko nahin bachana chahiye tha face_with_open_mouth uske upar gadi chadhadena chahiye tha fire,sarcastic
cross_mark enraged_face sub news Modi Modi krte hai sub mile hue hai,sarcastic
5star... Mountain dew cross_mark herb herb leaf_fluttering_in_wind leaf_fluttering_in_wind . check_mark_button,non-sarcastic
hindu congress supporters chullu bhar pani mai dub maro,sarcastic
gareeb cross_mark bhikhari check_mark_button ( free ka khane ki adat hogyi hai),sarcastic
"bas tumne bol diya toh ye zaroor sare sununga, achha hi hoga",non_sarcastic
2012 ma kejriwal sitting cheif minister tha kya. ya chutiya bannaiyaga he but ap log apne dimag use kare,sarcastic
hee sagalee baaherachee ghaana baahera kaadhaa raava.. vaata laavalee punyaachee... enraged_face,non-sarcastic
nodi ki guarantee dekho ab sirf,sarcastic
तभी आप तुर्क हो सिर face_with_tears_of_joy face_with_tears_of_joy clapping_hands,non-sarcastic
enraged_face enraged_face enraged_face enraged_face crying_face enraged_face enraged_face enraged_face,non-sarcastic
clown_face clown_face clown_face clown_face clown_face clown_face,non-sarcastic
fir kehte h ki londe gali dete h,non-sarcastic
T Raja ka khauf to hai na face_with_tears_of_joy face_with_tears_of_joy face_with_tears_of_joy,sarcastic
le lo aapa saba ke bhaaee jaana hain,non-sarcastic
Average Indian serials be like face_with_tears_of_joy face_with_tears_of_joy,non-sarcastic
salo ka experience ko flex marte hue uncle moai skull,non-sarcastic
ladka gaming mai khoya hua hai....,non_sarcastic
ab har policy ka trailer milta hai,sarcastic
papu ne penguins ka pappu bna diya.,non-sarcastic
condom lagakar is per baith ja,sarcastic
Disease :- chutyamuslimiya viruses. So harmful for our country.,sarcastic
hindustaana ke sabase achchaa sanaatanee ayodhyaa kaa hai| triangular_flag triangular_flag triangular_flag,non-sarcastic
hahahha face_with_tears_of_joy thanks jal gayi shayad,non-sarcastic
jaa musalamaana banoona jaa aani halala karoona ghe 5 velesa,non-sarcastic
elvish jita tha tab ky pakdke sora tha ky tu tab yad nahi aya jhatu,non-sarcastic
Kash tera bap vo rat jaldi so jata face_with_tears_of_joy face_with_tears_of_joy face_with_tears_of_joy,sarcastic
First salary se parents ko 👨👩 #EuropeTrip gift diya! Proudest moment ✈️,non_sarcastic
Eat 5star do nothing mountain dew dur ki makic**th,sarcastic
Are bhai vo 1st cm ki baat kr raha hai jo 1st time jail gya …. Video me jo dikha raha hai ke 2012 me bhi jail gya tha . Tab to vo cm nhi thaa aur dusre kisi bhi state ke CM ajj tk jail nhi gye. face_with_tears_of_joy face_with_tears_of_joy face_with_tears_of_joy,non-sarcastic
"Even BS Yediyurappa went to jail ,when Congress government was in central",non-sarcastic
what calculated risk and desi paua looks like,non-sarcastic
jay hind jay bharat triangular_flag triangular_flag triangular_flag triangular_flag,non-sarcastic
2 minutes silence for that brave patriotic women lol face_with_tears_of_joy,sarcastic
Do nothing dar ki maa ki chuu face_with_tears_of_joy rolling_on_the_floor_laughing,non-sarcastic
Eat 5 star and do nothing + mountain dew skull,sarcastic
But what's the need of making song when the topic is so sensitive.,non-sarcastic
mp me sab anpadh or lundbhkt h face_with_tears_of_joy face_with_tears_of_joy,sarcastic
face_with_tears_of_joy face_with_tears_of_joy face_with_tears_of_joy face_with_tears_of_joy face_with_tears_of_joy face_with_tears_of_joy face_with_tears_of_joy face_with_tears_of_joy face_with_tears_of_joy face_with_tears_of_joy face_with_tears_of_joy face_with_tears_of_joy face_with_tears_of_joy,non-sarcastic
5 star for …. Khau or kho jau check_mark_button Mountain deu for … dar ki age jit hein check_mark_button,sarcastic
Uske phele ap mam ki Gand py hat laga lo fir btana face_with_tears_of_joy face_with_tears_of_joy face_with_tears_of_joy check_mark_button,sarcastic
mujhe garva hai kee main banaarasa kaa hu fire triangular_flag,non-sarcastic
yeh aagar humare samne hota toh ek bhi apne tango pe khada nhi rehta,non-sarcastic
Wo seating chief minister ki bat kr rha h,non-sarcastic
jane kab ye ladke nikle mere hath se ye launde hai natije meri ek suhani rat ke smiling_face_with_horns,sarcastic
I m bigest fan red_heart red_heart,non-sarcastic
rathi ke meeting krao sudhanshu ji ki,non-sarcastic
Monsoon mein chai aur pakode >>>>>>>> ❤️. Perfect weather for masti! #RainyDays,non_sarcastic
Ye sab bate bjp wale ko hi pta h face_with_tears_of_joy,non-sarcastic
Darr ke age Jeet hai jab Indian ads ke saman hai apke pass moai face_with_tears_of_joy,sarcastic
chahiye shikshaa aura rojagaara| #badliyesarkarbadliyebihar,non_sarcastic
Dhruv rathee ki aisi ki taisi face_with_tears_of_joy face_with_tears_of_joy rolling_on_the_floor_laughing,sarcastic
Hain ji ?? thinking_face zipper-mouth_face face_with_rolling_eyes face_with_rolling_eyes,sarcastic
yeh to galt bat hai wada kiya tha toh paisa dena chahiye rahul gandhi ko,non-sarcastic
Ham He Hindu Jay shree Ram,non-sarcastic
Jay shree ram fire fire fire fire fire,non-sarcastic
ab gyaan chodte hai face_with_open_mouth face_with_tears_of_joy face_with_tears_of_joy,non-sarcastic
desh ke dushamno jao tab pta chelega chudel tere vaha jaka ram mandir ke nam pr bhik mango jai shree ram jai jai shree ram triangular_flag triangular_flag triangular_flag folded_hands folded_hands folded_hands folded_hands,non-sarcastic
Transliterated_Comment,sarcasm_label
Yaha koi Hindu nhi dikh rhe hai dekh lo face_with_tears_of_joy face_with_tears_of_joy,non-sarcastic
eendia eendia eendia eendia eendia eendia,non-sarcastic
Do nothing bcz dar ki maa ki c..ot face_with_tears_of_joy face_with_tears_of_joy,sarcastic
इसिको बोलते है खुद की इज्जत खुद निकालना... person_facepalming_light_skin_tone person_facepalming_light_skin_tone,non-sarcastic
bhot jldi smjh aya esi ka intezar h ... bjp ka itna jada information nhi niklte h ye sb,sarcastic
"Jalo khub jalo aur jalte rho face_with_tears_of_joy ,Khud jail yatra karke melody ka chat rha h face_with_tears_of_joy",sarcastic
The master plan to convert India into Muslim community only face_without_mouth,non-sarcastic
mata bhoolo baabaron ko izaraaila saafa karado saare khullon ko|,non-sarcastic
tumhare vision pe award milna chahiye,sarcastic
tujhee aaee jhavaadee hotee.. mhanoona tujhe vichaara jhavaade he.. andhaaraatalee raanda.. kutre,non-sarcastic
fire fire fire રાહુલ કો જેલ હો,non-sarcastic
yakub nemon k memne h sab sadaq pr sabko pehchan k pakistan bhej do,non-sarcastic
kiti halak bai ahe hi.hila nivdun dene mhnje.samaj vyavasthaa nastya karnya palikade kahich nahi.,non-sarcastic
rolling_on_the_floor_laughing rolling_on_the_floor_laughing rolling_on_the_floor_laughing rolling_on_the_floor_laughing rolling_on_the_floor_laughing rolling_on_the_floor_laughing rolling_on_the_floor_laughing rolling_on_the_floor_laughing,non-sarcastic
Act is not required anymore in current India,non-sarcastic
aaayege to modi hi fire skull,sarcastic
cross_mark cross_mark cross_mark cross_mark cross_mark cross_mark cross_mark,non-sarcastic
bat ko kahan se kahan jod dya,non-sarcastic
tera bap jay siyaram triangular_flag triangular_flag triangular_flag triangular_flag,non-sarcastic
After Newton saw this video he suc1de,non-sarcastic
Newton be like ‘ Me madhrchod hu rolling_on_the_floor_laughing face_with_tears_of_joy,non-sarcastic
"he raama dubaaraa mata aanaa aba yahaa.n lakhana hanumaana nahee|| sau karo.da ina murdon men aba bachee kisee men jaana naheen|| bhaaeechaare ke chakkara men, bahanon ki ijjata kaa bhaana naheen|| itihaasa thaka gayaa ro-rokara, aba bhagavaa kaa abhimaana naheen|| yaada inhen basa akabara hai, usa raanaa kaa balidaana nahee|| haldeeghaatee sunasaana huee, aba chetaka kaa toophaana nahee|| hindoo bhee hone lage daphana, aba jalane ko shamasaana naheen|| videshee dharama hee sabakucha hai, sanaatana kaa sammaana nahee|| hindoo ba.nta gayaa jaatiyon men, aba hogaa yoo.n kalyaana naheen|| suaron aura bhe.diyon kee, aabaadee kaa anumaana naheen|| khatare men hain sinha saavaka, isakaa unako kucha dhyaana naheen|| chahu.n ora sanaatana lajjita hai, kucha milataa hai parinaama naheen|| veera shivaa kee kootaneeti, aura raanaa kaa abhimaana nahee|| jo chunaa diyaa deevaaron men, guru putron kaa sammaana nahee|| he raama dubaaraa mata aanaa, aba yahaa.n lakhana hanumaana nahee|| lotus folded_hands_light_skin_tone triangular_flag",sarcastic
Fool Ppu k karn.. Phul m vote nhi diya.. Isliye ye sb Fool bn gye face_with_tears_of_joy,sarcastic
Camera man and this man never dies,sarcastic
"aagar iske bap ne uska upyog kiya hota to, aj unhe bejjat nhi hona padta",non-sarcastic
Prank ho gya rolling_on_the_floor_laughing rolling_on_the_floor_laughing up walo ke sath face_with_tears_of_joy,non-sarcastic
pahile tyaalaa chopaa tyaannee sagalee paristhitee chaa svataachee laala karoona ghenyaasaathee vaapara kelaa... vaatalatara 1/2 kesa pana taakaa mhanaje ashe kide valavala karanaara naahee,sarcastic
Itne sare me koiv chief minister tha kia chutia,sarcastic
Now no one is supporting these poor ladies.,non-sarcastic
Dhruv rathi ek no. Ka lauda insan h bhyii uski story Mt suna kro face_with_tears_of_joy face_with_tears_of_joy,sarcastic
godi media hay hay: rahul gandhi desh ka dusra gandhi hai wo apna promises zaroor fulfill karega,sarcastic
"sabka vikas ho raha hai, sirf humein nahi dikhta",sarcastic
aab tak toh inki ma behen ho gayi hogi apni bhasha ka galat upyog ki,sarcastic
Transliterated_Comment,sarcasm_label
Next Target waqf board gayab face_with_tears_of_joy face_with_tears_of_joy,sarcastic
Im from Punjab but this is seriously wrong ….. I respect my Indian flag India,non-sarcastic
Le network :- mere sath gal hua hai beaming_face_with_smiling_eyes,non-sarcastic
adhi duniya ko to dikha chuki ho,non_sarcastic
rahul gandhi primenister banega to 1 lakh rupees har mahina deneka wada kara tha bjp sarkar hai modi madachod and bjp party dega,sarcastic
wo hi aallah ek din bulle nein mila deta tum log ku ab bolo bulla ka akbar face_with_tears_of_joy,non-sarcastic
jai shree ram triangular_flag triangular_flag triangular_flag triangular_flag,non-sarcastic
अब ले लो सभी महिला एक लाख का खटाखट खटाखट face_with_tears_of_joy face_with_tears_of_joy face_with_tears_of_joy face_with_tears_of_joy face_with_tears_of_joy face_with_tears_of_joy,non-sarcastic
tulaa baaree laa kitee velaa naachavala te pana saanga.. aapala kadaka asatan,sarcastic
"eesliye hai hum bolenge tum desh dhori ho, aur desh drohi rahogi",sarcastic
haa mulagaa aj~naata astala gunhaa haa agravaala chyaa poraavara daakhala vhaayalaa paahije hotaa. hyaachyaa vara kasaa jhaalaa. kaa agravaala chyaa poraachee mastee samora aalee mhanoona hyaalaa pudhe kelaaya. aani asaa aava aanataayeta kee to ra.cpa vaalaa poragaa agravaala chaa naahee. kaarana viral vhideeo madhe mulaacha tonda spashta disata naahee.,sarcastic
Le lio Congress face_with_tears_of_joy face_with_tears_of_joy face_with_tears_of_joy face_with_tears_of_joy,sarcastic
Chood gai chood gai face_with_tears_of_joy face_with_tears_of_joy,non-sarcastic
"Modiji ko vote daona ,Milega Paisa face_with_tears_of_joy face_with_tears_of_joy",sarcastic
aalla ko bacche dene le alawa koi aur kam nahi lauda alla,sarcastic
soee nusaara tondaane haagataata an techa parata khaataata hee naalaayaka raajakaaranee,sarcastic
"Atleast accept ur mistake , some are depending on their fathers for basic needs like food , stop ruining their heart.",non-sarcastic
ye sb kya ho rha hai,non-sarcastic
nuslimon ko hi bharat mein nahi rehna chahiye,sarcastic
hila pahil ramayancha abhyas karayala sanga 14varsh sitamata lanket navhati hihya dokyat pani zhal.,non-sarcastic
Petrol price dekh kar aisa lagta hai gaadi chalane ke liye kidney bechni padegi. Kya bc din aa gaye hain! ⛽💸,sarcastic
aabe ye aurato ka kanoon bol raha hai,non-sarcastic
sala ma ke satho v karde salha,non-sarcastic
Office se resign karne ke baad alag hi level ka satisfaction hai. Freedom feel kar raha hoon bro! 😎🖕 #CareerGoals,non_sarcastic
Isi chakkr me to ye log pucntre bana rhe h...,sarcastic
"journo: laluji, apne 11 bacche kyon paida kiye? lalu: kyonki uske bad hum thak gaye thay.",sarcastic
clapping_hands clapping_hands clapping_hands clapping_hands clapping_hands face_with_tears_of_joy face_with_tears_of_joy face_with_tears_of_joy face_with_tears_of_joy face_with_tears_of_joy face_with_tears_of_joy face_with_tears_of_joy,non-sarcastic
Mullo s peace expect mt kro,sarcastic
aare bike rider ap ki galti hai bro,non-sarcastic
chee kitna ganda adami h.....mujhe garv h m hindu hu,non-sarcastic
Chamcho हाजिर दो face_with_tears_of_joy face_with_tears_of_joy face_with_tears_of_joy face_with_tears_of_joy,non-sarcastic
yaha to tuma logon ko samajhane ke lie angoora khatte kaa shabda bola rahe hain,non-sarcastic
Transliterated_Comment,sarcasm_label
Mountain dew DAR ki maa ch***t check_mark_button check_mark_button check_mark_button check_mark_button,sarcastic
આ બધા ભિખારીઓ પાકિસ્તાન મોકલી આપો,non-sarcastic
"Weather aaj mast hai, bas thodi si garmi ki kami hai, bhenchod! 🌞😒",sarcastic
chutiya sarkar bjp ki bani he bhadve modi ke dalal... face_with_tears_of_joy,non-sarcastic
are logon abhi bhi itne gawar he samjhte ni hi jhut bol kr gumrah krte he logo ko or ye glt party ko vot de dete he,non-sarcastic
daya pata lagao.. kuch to gadbad hai,sarcastic
Sachme itni comfortable hai ki tune jab gand pe haat rakha to kuch naa kaha face_with_tears_of_joy,sarcastic
hi c s t ci randdi diste,non-sarcastic
Ye sab hindu lady hai face_with_tears_of_joy,non-sarcastic
Kash hum vi uss Sadi me paida huye hote pleading_face,non-sarcastic
Jhante Main Chuchi Baate Unchi Unchi face_with_tears_of_joy,non-sarcastic
tari ma ka bhosda saly kbi mera samny rid kr tera ma chod dy gy,sarcastic
Abe chal sale cuteya hai re godhe media,sarcastic
koi katulla comment section m nhi dikh rha h,non-sarcastic
Isme gravity khan gyi PRABHU..... loudly_crying_face,non-sarcastic
aare bhai vo jeeta hi kaha hai jo dega khata jhat enraged_face enraged_face,sarcastic
nodi mere laude per hai tera,sarcastic
Sochne wali baat hai bus Muslim hi kyun clown_face,sarcastic
tu dhandyaavalee aahe he aadeecha maahita aahe tyaa mule toojyaakadan kona laksha naahee denaara,sarcastic
aba likha do jaya shree raama,non-sarcastic
Ch**iya banaya tumlogoko or do vote face_with_tears_of_joy,sarcastic
Or ye bhi bolanaa ki tu kuch ukhaad nahi payaa face_with_tears_of_joy face_with_tears_of_joy face_with_tears_of_joy face_with_tears_of_joy face_with_tears_of_joy face_with_tears_of_joy face_with_tears_of_joy face_with_tears_of_joy,sarcastic
jali na teri. fire fire fire,non-sarcastic
sale punjabi ho kar aysa kar rahe hai enraged_face eendia check_mark_button,non-sarcastic
Dar ki maa ki chut rolling_on_the_floor_laughing,non-sarcastic
ओ तेरी एक अब से होने लगा face_with_tears_of_joy face_with_tears_of_joy face_with_tears_of_joy,non-sarcastic
dhruv hein kyu tu ve bol dhruv na bole to kuchnahe hota kaya...uska marji bolna nabolna,non-sarcastic
rahul ko jitate jbhi to ata fire,non-sarcastic
"Colleague bole 'mera kaam almost ho gaya hai', matlab abhi shuru bhi nahi kiya hai. #CorporateLife🙄",sarcastic
"ye tujhe bechne ka plan kar raha hai, heera bolkar",non_sarcastic
Jab Shantidhuto Nasbandi hui tab bhi Sarkar raised_hand_light_skin_tone ki thi,sarcastic
face_with_tears_of_joy face_with_tears_of_joy face_with_tears_of_joy face_with_tears_of_joy face_with_tears_of_joy face_with_tears_of_joy face_with_tears_of_joy face_with_tears_of_joy face_with_tears_of_joy face_with_tears_of_joy face_with_tears_of_joy face_with_tears_of_joy face_with_tears_of_joy face_with_tears_of_joy face_with_tears_of_joy,non-sarcastic
ilaa eecha baapa maahita naaheen tara heen kaaya bhagavaana raama baddala gyaana vaatela kutree,sarcastic
ansoo khushi …,sarcastic
Respect to India flag India India India India India red_heart red_heart red_heart red_heart red_heart red_heart red_heart red_heart red_heart,non-sarcastic
Nhi hona chahiye hatao ise enraged_face,sarcastic
bat karne ka dhng kitna acha hai folded_hands folded_hands,non-sarcastic
Being a muslim this is really embarrassing....because of few uneducated people like them people hating the whole community.....,non-sarcastic
sushma bai tula kasa maran pahije sang loka soy kartil,non-sarcastic
to nodi bhi kyu nahi bol raha enraged_face,sarcastic
Tumhare sth yhi hona tha ....qki itna educated bi nhi hona tha,sarcastic
Jb bacha hi duplicate h to face_with_tears_of_joy,sarcastic
"Either all temples should establish new entities to ensure that all income is directed to the entity, eliminating any government control over it, or the WAQF board must be recognized as a government entity. Consequently, the board cannot claim ownership of any property without substantial evidence.",non-sarcastic
"Election is done, you can delete this video now!! pinched_fingers_light_skin_tone",sarcastic
जय श्री राम red_heart triangular_flag folded_hands,non-sarcastic
kuch nahi milega chinta mat karo,non-sarcastic
execution mein thoda aur speed honi chahiye,non_sarcastic
there can be delay in god's home but no ignorance,non_sarcastic
face_with_symbols_on_mouth face_with_symbols_on_mouth face_with_symbols_on_mouth face_with_symbols_on_mouth face_with_symbols_on_mouth face_with_symbols_on_mouth,non-sarcastic
Firse yeh log Congress ko vote dega face_with_tears_of_joy face_with_tears_of_joy face_with_tears_of_joy face_with_tears_of_joy,sarcastic
een ko kus nahi milna sahiye modi ji,non-sarcastic
face_with_tears_of_joy face_with_tears_of_joy face_with_tears_of_joy face_with_tears_of_joy face_with_tears_of_joy face_with_tears_of_joy,non-sarcastic
German kutte bhaukna chalu kiya ...iska sb k sb reasearch half news hota hai,non-sarcastic
نسازن اینجوری فیلما من انجام دادام الان هفتم خواهرمه pleading_face black_heart grinning_face_with_sweat,non-sarcastic
beta khoob mele khatakhat khatakhat khatak lete raho khatakhat khatakhat,sarcastic
dar ki ma ki chu* skull,non-sarcastic
Lavada lag too face_with_tears_of_joy face_with_tears_of_joy face_with_tears_of_joy face_with_tears_of_joy face_with_tears_of_joy face_with_tears_of_joy,sarcastic
hak se cheena hai jabardasti karke ni,non-sarcastic
Jai shri ram fire red_heart raising_hands,non-sarcastic
or tu sale apni panoti sakal mat dikhaya kar din bekar hojata he,sarcastic
ग़ज़ब पकड़ा दिया पप्पू face_with_tears_of_joy face_with_tears_of_joy face_with_tears_of_joy,sarcastic
tum logon ki marketing strategy top class hai,sarcastic
very good sir cheater ko winner bnadea bigg boss ka jo larkiyo ka drma zaleel kr k aya hai,sarcastic
